SKIP existing outputs/controlled_comparison/smiles_1p5B/acrylates/cars.json
SKIP existing outputs/controlled_comparison/smiles_1p5B/acrylates/itergen.json
=== gcd smiles/acrylates Qwen/Qwen2.5-1.5B-Instruct START Thu Jun 11 09:55:26 AM UTC 2026 ===
2026-06-11 09:55:32.498368: I tensorflow/core/util/port.cc:153] oneDNN custom operations are on. You may see slightly different numerical results due to floating-point round-off errors from different computation orders. To turn them off, set the environment variable `TF_ENABLE_ONEDNN_OPTS=0`.
2026-06-11 09:55:32.523035: E external/local_xla/xla/stream_executor/cuda/cuda_fft.cc:467] Unable to register cuFFT factory: Attempting to register factory for plugin cuFFT when one has already been registered
WARNING: All log messages before absl::InitializeLog() is called are written to STDERR
E0000 00:00:1781171732.546558 2420859 cuda_dnn.cc:8579] Unable to register cuDNN factory: Attempting to register factory for plugin cuDNN when one has already been registered
E0000 00:00:1781171732.554315 2420859 cuda_blas.cc:1407] Unable to register cuBLAS factory: Attempting to register factory for plugin cuBLAS when one has already been registered
W0000 00:00:1781171732.573064 2420859 computation_placer.cc:177] computation placer already registered. Please check linkage and avoid linking the same target more than once.
W0000 00:00:1781171732.573101 2420859 computation_placer.cc:177] computation placer already registered. Please check linkage and avoid linking the same target more than once.
W0000 00:00:1781171732.573103 2420859 computation_placer.cc:177] computation placer already registered. Please check linkage and avoid linking the same target more than once.
W0000 00:00:1781171732.573106 2420859 computation_placer.cc:177] computation placer already registered. Please check linkage and avoid linking the same target more than once.
2026-06-11 09:55:32.577536: I tensorflow/core/platform/cpu_feature_guard.cc:210] This TensorFlow binary is optimized to use available CPU instructions in performance-critical operations.
To enable the following instructions: AVX2 AVX512F AVX512_VNNI FMA, in other operations, rebuild TensorFlow with the appropriate compiler flags.
Skipping import of cpp extensions due to incompatible torch version. Please upgrade to torch >= 2.11.0 (found 2.10.0+cu129).
The following generation flags are not valid and may be ignored: ['temperature', 'top_p', 'top_k']. Set `TRANSFORMERS_VERBOSITY=info` for more details.
[09:55:55] Explicit valence for atom # 2 O, 3, is greater than permitted
[09:55:55] Explicit valence for atom # 2 O, 3, is greater than permitted
[09:56:05] Explicit valence for atom # 2 O, 3, is greater than permitted
[09:56:05] Explicit valence for atom # 2 O, 3, is greater than permitted
[09:56:18] Explicit valence for atom # 2 O, 3, is greater than permitted
[09:56:18] Explicit valence for atom # 2 O, 3, is greater than permitted
[09:56:29] Explicit valence for atom # 2 O, 3, is greater than permitted
[09:56:29] Explicit valence for atom # 2 O, 3, is greater than permitted
[09:56:40] Explicit valence for atom # 2 O, 3, is greater than permitted
[09:56:40] Explicit valence for atom # 2 O, 3, is greater than permitted
[09:56:51] Explicit valence for atom # 2 O, 3, is greater than permitted
[09:56:51] Explicit valence for atom # 2 O, 3, is greater than permitted
[09:57:01] Explicit valence for atom # 2 O, 3, is greater than permitted
[09:57:01] Explicit valence for atom # 2 O, 3, is greater than permitted
[09:57:12] Explicit valence for atom # 2 O, 3, is greater than permitted
[09:57:12] Explicit valence for atom # 2 O, 3, is greater than permitted
[09:57:22] Explicit valence for atom # 2 O, 3, is greater than permitted
[09:57:22] Explicit valence for atom # 2 O, 3, is greater than permitted
[09:57:33] Explicit valence for atom # 2 O, 3, is greater than permitted
[09:57:33] Explicit valence for atom # 2 O, 3, is greater than permitted
[09:57:44] Explicit valence for atom # 2 O, 3, is greater than permitted
[09:57:44] Explicit valence for atom # 2 O, 3, is greater than permitted
[09:57:54] Explicit valence for atom # 2 O, 3, is greater than permitted
[09:57:54] Explicit valence for atom # 2 O, 3, is greater than permitted
[09:58:04] Explicit valence for atom # 2 O, 3, is greater than permitted
[09:58:04] Explicit valence for atom # 2 O, 3, is greater than permitted
[09:58:15] Explicit valence for atom # 2 O, 3, is greater than permitted
[09:58:15] Explicit valence for atom # 2 O, 3, is greater than permitted
[09:58:25] Explicit valence for atom # 2 O, 3, is greater than permitted
[09:58:25] Explicit valence for atom # 2 O, 3, is greater than permitted
[09:58:36] Explicit valence for atom # 2 O, 3, is greater than permitted
[09:58:36] Explicit valence for atom # 2 O, 3, is greater than permitted
[09:58:47] Explicit valence for atom # 2 O, 3, is greater than permitted
[09:58:47] Explicit valence for atom # 2 O, 3, is greater than permitted
[09:58:57] Explicit valence for atom # 2 O, 3, is greater than permitted
[09:58:57] Explicit valence for atom # 2 O, 3, is greater than permitted
[09:59:08] Explicit valence for atom # 2 O, 3, is greater than permitted
[09:59:08] Explicit valence for atom # 2 O, 3, is greater than permitted
[09:59:18] Explicit valence for atom # 2 O, 3, is greater than permitted
[09:59:18] Explicit valence for atom # 2 O, 3, is greater than permitted
[09:59:28] Explicit valence for atom # 2 O, 3, is greater than permitted
[09:59:28] Explicit valence for atom # 2 O, 3, is greater than permitted
[09:59:38] Explicit valence for atom # 2 O, 3, is greater than permitted
[09:59:38] Explicit valence for atom # 2 O, 3, is greater than permitted
[09:59:48] Explicit valence for atom # 2 O, 3, is greater than permitted
[09:59:48] Explicit valence for atom # 2 O, 3, is greater than permitted
[09:59:58] Explicit valence for atom # 2 O, 3, is greater than permitted
[09:59:58] Explicit valence for atom # 2 O, 3, is greater than permitted
[10:00:08] Explicit valence for atom # 2 O, 3, is greater than permitted
[10:00:08] Explicit valence for atom # 2 O, 3, is greater than permitted
[10:00:18] Explicit valence for atom # 2 O, 3, is greater than permitted
[10:00:18] Explicit valence for atom # 2 O, 3, is greater than permitted
[10:00:28] Explicit valence for atom # 2 O, 3, is greater than permitted
[10:00:28] Explicit valence for atom # 2 O, 3, is greater than permitted
[10:00:38] Explicit valence for atom # 2 O, 3, is greater than permitted
[10:00:38] Explicit valence for atom # 2 O, 3, is greater than permitted
[10:00:48] Explicit valence for atom # 2 O, 3, is greater than permitted
[10:00:48] Explicit valence for atom # 2 O, 3, is greater than permitted
[10:00:58] Explicit valence for atom # 2 O, 3, is greater than permitted
[10:00:58] Explicit valence for atom # 2 O, 3, is greater than permitted
[10:01:08] Explicit valence for atom # 2 O, 3, is greater than permitted
[10:01:08] Explicit valence for atom # 2 O, 3, is greater than permitted
[10:01:19] Explicit valence for atom # 2 O, 3, is greater than permitted
[10:01:19] Explicit valence for atom # 2 O, 3, is greater than permitted
[10:01:31] Explicit valence for atom # 2 O, 3, is greater than permitted
[10:01:31] Explicit valence for atom # 2 O, 3, is greater than permitted
[10:01:43] Explicit valence for atom # 2 O, 3, is greater than permitted
[10:01:43] Explicit valence for atom # 2 O, 3, is greater than permitted
[10:01:55] Explicit valence for atom # 2 O, 3, is greater than permitted
[10:01:55] Explicit valence for atom # 2 O, 3, is greater than permitted
[10:02:07] Explicit valence for atom # 2 O, 3, is greater than permitted
[10:02:07] Explicit valence for atom # 2 O, 3, is greater than permitted
[10:02:19] Explicit valence for atom # 2 O, 3, is greater than permitted
[10:02:19] Explicit valence for atom # 2 O, 3, is greater than permitted
[10:02:32] Explicit valence for atom # 2 O, 3, is greater than permitted
[10:02:32] Explicit valence for atom # 2 O, 3, is greater than permitted
[10:02:44] Explicit valence for atom # 2 O, 3, is greater than permitted
[10:02:44] Explicit valence for atom # 2 O, 3, is greater than permitted
[10:02:55] Explicit valence for atom # 2 O, 3, is greater than permitted
[10:02:55] Explicit valence for atom # 2 O, 3, is greater than permitted
[10:03:07] Explicit valence for atom # 2 O, 3, is greater than permitted
[10:03:07] Explicit valence for atom # 2 O, 3, is greater than permitted
[10:03:20] Explicit valence for atom # 2 O, 3, is greater than permitted
[10:03:20] Explicit valence for atom # 2 O, 3, is greater than permitted
[10:03:32] Explicit valence for atom # 2 O, 3, is greater than permitted
[10:03:32] Explicit valence for atom # 2 O, 3, is greater than permitted
[10:03:42] Explicit valence for atom # 2 O, 3, is greater than permitted
[10:03:42] Explicit valence for atom # 2 O, 3, is greater than permitted
[10:03:52] Explicit valence for atom # 2 O, 3, is greater than permitted
[10:03:52] Explicit valence for atom # 2 O, 3, is greater than permitted
[10:04:02] Explicit valence for atom # 2 O, 3, is greater than permitted
[10:04:02] Explicit valence for atom # 2 O, 3, is greater than permitted
[10:04:12] Explicit valence for atom # 2 O, 3, is greater than permitted
[10:04:12] Explicit valence for atom # 2 O, 3, is greater than permitted
[10:04:23] Explicit valence for atom # 2 O, 3, is greater than permitted
[10:04:23] Explicit valence for atom # 2 O, 3, is greater than permitted
[10:04:33] Explicit valence for atom # 2 O, 3, is greater than permitted
[10:04:33] Explicit valence for atom # 2 O, 3, is greater than permitted
[10:04:43] Explicit valence for atom # 2 O, 3, is greater than permitted
[10:04:43] Explicit valence for atom # 2 O, 3, is greater than permitted
[10:04:53] Explicit valence for atom # 2 O, 3, is greater than permitted
[10:04:53] Explicit valence for atom # 2 O, 3, is greater than permitted
[10:05:03] Explicit valence for atom # 2 O, 3, is greater than permitted
[10:05:03] Explicit valence for atom # 2 O, 3, is greater than permitted
[10:05:13] Explicit valence for atom # 2 O, 3, is greater than permitted
[10:05:13] Explicit valence for atom # 2 O, 3, is greater than permitted
[10:05:23] Explicit valence for atom # 2 O, 3, is greater than permitted
[10:05:23] Explicit valence for atom # 2 O, 3, is greater than permitted
[10:05:33] Explicit valence for atom # 2 O, 3, is greater than permitted
[10:05:33] Explicit valence for atom # 2 O, 3, is greater than permitted
[10:05:43] Explicit valence for atom # 2 O, 3, is greater than permitted
[10:05:43] Explicit valence for atom # 2 O, 3, is greater than permitted
[10:05:53] Explicit valence for atom # 2 O, 3, is greater than permitted
[10:05:53] Explicit valence for atom # 2 O, 3, is greater than permitted
[10:06:03] Explicit valence for atom # 2 O, 3, is greater than permitted
[10:06:03] Explicit valence for atom # 2 O, 3, is greater than permitted
[10:06:13] Explicit valence for atom # 2 O, 3, is greater than permitted
[10:06:13] Explicit valence for atom # 2 O, 3, is greater than permitted
[10:06:23] Explicit valence for atom # 2 O, 3, is greater than permitted
[10:06:23] Explicit valence for atom # 2 O, 3, is greater than permitted
[10:06:33] Explicit valence for atom # 2 O, 3, is greater than permitted
[10:06:33] Explicit valence for atom # 2 O, 3, is greater than permitted
[10:06:43] Explicit valence for atom # 2 O, 3, is greater than permitted
[10:06:43] Explicit valence for atom # 2 O, 3, is greater than permitted
[10:06:53] Explicit valence for atom # 2 O, 3, is greater than permitted
[10:06:53] Explicit valence for atom # 2 O, 3, is greater than permitted
[10:07:03] Explicit valence for atom # 2 O, 3, is greater than permitted
[10:07:03] Explicit valence for atom # 2 O, 3, is greater than permitted
[10:07:13] Explicit valence for atom # 2 O, 3, is greater than permitted
[10:07:13] Explicit valence for atom # 2 O, 3, is greater than permitted
[10:07:23] Explicit valence for atom # 2 O, 3, is greater than permitted
[10:07:23] Explicit valence for atom # 2 O, 3, is greater than permitted
[10:07:33] Explicit valence for atom # 2 O, 3, is greater than permitted
[10:07:33] Explicit valence for atom # 2 O, 3, is greater than permitted
[10:07:43] Explicit valence for atom # 2 O, 3, is greater than permitted
[10:07:43] Explicit valence for atom # 2 O, 3, is greater than permitted
[10:07:53] Explicit valence for atom # 2 O, 3, is greater than permitted
[10:07:53] Explicit valence for atom # 2 O, 3, is greater than permitted
[10:08:02] Explicit valence for atom # 2 O, 3, is greater than permitted
[10:08:02] Explicit valence for atom # 2 O, 3, is greater than permitted
[10:08:13] Explicit valence for atom # 2 O, 3, is greater than permitted
[10:08:13] Explicit valence for atom # 2 O, 3, is greater than permitted
[10:08:23] Explicit valence for atom # 2 O, 3, is greater than permitted
[10:08:23] Explicit valence for atom # 2 O, 3, is greater than permitted
[10:08:32] Explicit valence for atom # 2 O, 3, is greater than permitted
[10:08:32] Explicit valence for atom # 2 O, 3, is greater than permitted
[10:08:43] Explicit valence for atom # 2 O, 3, is greater than permitted
[10:08:43] Explicit valence for atom # 2 O, 3, is greater than permitted
[10:08:52] Explicit valence for atom # 2 O, 3, is greater than permitted
[10:08:52] Explicit valence for atom # 2 O, 3, is greater than permitted
[10:09:02] Explicit valence for atom # 2 O, 3, is greater than permitted
[10:09:02] Explicit valence for atom # 2 O, 3, is greater than permitted
[10:09:12] Explicit valence for atom # 2 O, 3, is greater than permitted
[10:09:12] Explicit valence for atom # 2 O, 3, is greater than permitted
[10:09:22] Explicit valence for atom # 2 O, 3, is greater than permitted
[10:09:22] Explicit valence for atom # 2 O, 3, is greater than permitted
[10:09:32] Explicit valence for atom # 2 O, 3, is greater than permitted
[10:09:32] Explicit valence for atom # 2 O, 3, is greater than permitted
[10:09:42] Explicit valence for atom # 2 O, 3, is greater than permitted
[10:09:42] Explicit valence for atom # 2 O, 3, is greater than permitted
[10:09:53] Explicit valence for atom # 2 O, 3, is greater than permitted
[10:09:53] Explicit valence for atom # 2 O, 3, is greater than permitted
[10:10:03] Explicit valence for atom # 2 O, 3, is greater than permitted
[10:10:03] Explicit valence for atom # 2 O, 3, is greater than permitted
[10:10:15] Explicit valence for atom # 2 O, 3, is greater than permitted
[10:10:15] Explicit valence for atom # 2 O, 3, is greater than permitted
[10:10:28] Explicit valence for atom # 2 O, 3, is greater than permitted
[10:10:28] Explicit valence for atom # 2 O, 3, is greater than permitted
[10:10:39] Explicit valence for atom # 2 O, 3, is greater than permitted
[10:10:39] Explicit valence for atom # 2 O, 3, is greater than permitted
[10:10:49] Explicit valence for atom # 2 O, 3, is greater than permitted
[10:10:49] Explicit valence for atom # 2 O, 3, is greater than permitted
[10:11:00] Explicit valence for atom # 2 O, 3, is greater than permitted
[10:11:00] Explicit valence for atom # 2 O, 3, is greater than permitted
[10:11:10] Explicit valence for atom # 2 O, 3, is greater than permitted
[10:11:10] Explicit valence for atom # 2 O, 3, is greater than permitted
[10:11:21] Explicit valence for atom # 2 O, 3, is greater than permitted
[10:11:21] Explicit valence for atom # 2 O, 3, is greater than permitted
[10:11:33] Explicit valence for atom # 2 O, 3, is greater than permitted
[10:11:33] Explicit valence for atom # 2 O, 3, is greater than permitted
[10:11:43] Explicit valence for atom # 2 O, 3, is greater than permitted
[10:11:43] Explicit valence for atom # 2 O, 3, is greater than permitted
[10:11:53] Explicit valence for atom # 2 O, 3, is greater than permitted
[10:11:53] Explicit valence for atom # 2 O, 3, is greater than permitted
[10:12:04] Explicit valence for atom # 2 O, 3, is greater than permitted
[10:12:04] Explicit valence for atom # 2 O, 3, is greater than permitted
[10:12:14] Explicit valence for atom # 2 O, 3, is greater than permitted
[10:12:14] Explicit valence for atom # 2 O, 3, is greater than permitted
[10:12:24] Explicit valence for atom # 2 O, 3, is greater than permitted
[10:12:24] Explicit valence for atom # 2 O, 3, is greater than permitted
[10:12:36] Explicit valence for atom # 2 O, 3, is greater than permitted
[10:12:36] Explicit valence for atom # 2 O, 3, is greater than permitted
[10:12:46] Explicit valence for atom # 2 O, 3, is greater than permitted
[10:12:46] Explicit valence for atom # 2 O, 3, is greater than permitted
[10:12:58] Explicit valence for atom # 2 O, 3, is greater than permitted
[10:12:58] Explicit valence for atom # 2 O, 3, is greater than permitted
[10:13:09] Explicit valence for atom # 2 O, 3, is greater than permitted
[10:13:09] Explicit valence for atom # 2 O, 3, is greater than permitted
[10:13:20] Explicit valence for atom # 2 O, 3, is greater than permitted
[10:13:20] Explicit valence for atom # 2 O, 3, is greater than permitted
Saved baseline JSON: outputs/controlled_comparison/smiles_1p5B/acrylates/gcd.json
EXIT_gcd_acrylates=0
SKIP existing outputs/controlled_comparison/smiles_1p5B/acrylates/unconstrained.json
SKIP synthesis for acrylates (metadecode.json exists)
SKIP existing outputs/controlled_comparison/smiles_1p5B/chain_extenders/cars.json
SKIP existing outputs/controlled_comparison/smiles_1p5B/chain_extenders/itergen.json
=== gcd smiles/chain_extenders Qwen/Qwen2.5-1.5B-Instruct START Thu Jun 11 10:13:22 AM UTC 2026 ===
2026-06-11 10:13:28.289337: I tensorflow/core/util/port.cc:153] oneDNN custom operations are on. You may see slightly different numerical results due to floating-point round-off errors from different computation orders. To turn them off, set the environment variable `TF_ENABLE_ONEDNN_OPTS=0`.
2026-06-11 10:13:28.312339: E external/local_xla/xla/stream_executor/cuda/cuda_fft.cc:467] Unable to register cuFFT factory: Attempting to register factory for plugin cuFFT when one has already been registered
WARNING: All log messages before absl::InitializeLog() is called are written to STDERR
E0000 00:00:1781172808.333979 2474415 cuda_dnn.cc:8579] Unable to register cuDNN factory: Attempting to register factory for plugin cuDNN when one has already been registered
E0000 00:00:1781172808.341213 2474415 cuda_blas.cc:1407] Unable to register cuBLAS factory: Attempting to register factory for plugin cuBLAS when one has already been registered
W0000 00:00:1781172808.359549 2474415 computation_placer.cc:177] computation placer already registered. Please check linkage and avoid linking the same target more than once.
W0000 00:00:1781172808.359579 2474415 computation_placer.cc:177] computation placer already registered. Please check linkage and avoid linking the same target more than once.
W0000 00:00:1781172808.359584 2474415 computation_placer.cc:177] computation placer already registered. Please check linkage and avoid linking the same target more than once.
W0000 00:00:1781172808.359587 2474415 computation_placer.cc:177] computation placer already registered. Please check linkage and avoid linking the same target more than once.
2026-06-11 10:13:28.364457: I tensorflow/core/platform/cpu_feature_guard.cc:210] This TensorFlow binary is optimized to use available CPU instructions in performance-critical operations.
To enable the following instructions: AVX2 AVX512F AVX512_VNNI FMA, in other operations, rebuild TensorFlow with the appropriate compiler flags.
Skipping import of cpp extensions due to incompatible torch version. Please upgrade to torch >= 2.11.0 (found 2.10.0+cu129).
The following generation flags are not valid and may be ignored: ['temperature', 'top_p', 'top_k']. Set `TRANSFORMERS_VERBOSITY=info` for more details.
[10:13:51] SMILES Parse Error: duplicated ring closure 0 bonds atom 13 to itself for input: 'OC(=O)C(=O)N3C=3C4=4C5=5C6=6C7=7C8=8C9=9C10=10C11=11C12=12C13=13C14=14C15=15C16=16C17=17C18=18C19=19C20=20C21=21C22=22C23=23C24=24C25=25C26=26C27=27C28=28C29=29C30=30C31=31C32=32C33=33C34=34C35=35C36=36C37=37C38=38C39=39C40=40C41=41C42=42C43=43C44=44C45=45C'
[10:13:51] SMILES Parse Error: duplicated ring closure 0 bonds atom 13 to itself for input: 'OC(=O)C(=O)N3C=3C4=4C5=5C6=6C7=7C8=8C9=9C10=10C11=11C12=12C13=13C14=14C15=15C16=16C17=17C18=18C19=19C20=20C21=21C22=22C23=23C24=24C25=25C26=26C27=27C28=28C29=29C30=30C31=31C32=32C33=33C34=34C35=35C36=36C37=37C38=38C39=39C40=40C41=41C42=42C43=43C44=44C45=45C'
[10:14:03] SMILES Parse Error: duplicated ring closure 0 bonds atom 13 to itself for input: 'OC(=O)C(=O)N3C=3C4=4C5=5C6=6C7=7C8=8C9=9C10=10C11=11C12=12C13=13C14=14C15=15C16=16C17=17C18=18C19=19C20=20C21=21C22=22C23=23C24=24C25=25C26=26C27=27C28=28C29=29C30=30C31=31C32=32C33=33C34=34C35=35C36=36C37=37C38=38C39=39C40=40C41=41C42=42C43=43C44=44C45=45C'
[10:14:03] SMILES Parse Error: duplicated ring closure 0 bonds atom 13 to itself for input: 'OC(=O)C(=O)N3C=3C4=4C5=5C6=6C7=7C8=8C9=9C10=10C11=11C12=12C13=13C14=14C15=15C16=16C17=17C18=18C19=19C20=20C21=21C22=22C23=23C24=24C25=25C26=26C27=27C28=28C29=29C30=30C31=31C32=32C33=33C34=34C35=35C36=36C37=37C38=38C39=39C40=40C41=41C42=42C43=43C44=44C45=45C'
[10:14:12] SMILES Parse Error: duplicated ring closure 0 bonds atom 13 to itself for input: 'OC(=O)C(=O)N3C=3C4=4C5=5C6=6C7=7C8=8C9=9C10=10C11=11C12=12C13=13C14=14C15=15C16=16C17=17C18=18C19=19C20=20C21=21C22=22C23=23C24=24C25=25C26=26C27=27C28=28C29=29C30=30C31=31C32=32C33=33C34=34C35=35C36=36C37=37C38=38C39=39C40=40C41=41C42=42C43=43C44=44C45=45C'
[10:14:12] SMILES Parse Error: duplicated ring closure 0 bonds atom 13 to itself for input: 'OC(=O)C(=O)N3C=3C4=4C5=5C6=6C7=7C8=8C9=9C10=10C11=11C12=12C13=13C14=14C15=15C16=16C17=17C18=18C19=19C20=20C21=21C22=22C23=23C24=24C25=25C26=26C27=27C28=28C29=29C30=30C31=31C32=32C33=33C34=34C35=35C36=36C37=37C38=38C39=39C40=40C41=41C42=42C43=43C44=44C45=45C'
[10:14:22] SMILES Parse Error: duplicated ring closure 0 bonds atom 13 to itself for input: 'OC(=O)C(=O)N3C=3C4=4C5=5C6=6C7=7C8=8C9=9C10=10C11=11C12=12C13=13C14=14C15=15C16=16C17=17C18=18C19=19C20=20C21=21C22=22C23=23C24=24C25=25C26=26C27=27C28=28C29=29C30=30C31=31C32=32C33=33C34=34C35=35C36=36C37=37C38=38C39=39C40=40C41=41C42=42C43=43C44=44C45=45C'
[10:14:22] SMILES Parse Error: duplicated ring closure 0 bonds atom 13 to itself for input: 'OC(=O)C(=O)N3C=3C4=4C5=5C6=6C7=7C8=8C9=9C10=10C11=11C12=12C13=13C14=14C15=15C16=16C17=17C18=18C19=19C20=20C21=21C22=22C23=23C24=24C25=25C26=26C27=27C28=28C29=29C30=30C31=31C32=32C33=33C34=34C35=35C36=36C37=37C38=38C39=39C40=40C41=41C42=42C43=43C44=44C45=45C'
[10:14:31] SMILES Parse Error: duplicated ring closure 0 bonds atom 13 to itself for input: 'OC(=O)C(=O)N3C=3C4=4C5=5C6=6C7=7C8=8C9=9C10=10C11=11C12=12C13=13C14=14C15=15C16=16C17=17C18=18C19=19C20=20C21=21C22=22C23=23C24=24C25=25C26=26C27=27C28=28C29=29C30=30C31=31C32=32C33=33C34=34C35=35C36=36C37=37C38=38C39=39C40=40C41=41C42=42C43=43C44=44C45=45C'
[10:14:31] SMILES Parse Error: duplicated ring closure 0 bonds atom 13 to itself for input: 'OC(=O)C(=O)N3C=3C4=4C5=5C6=6C7=7C8=8C9=9C10=10C11=11C12=12C13=13C14=14C15=15C16=16C17=17C18=18C19=19C20=20C21=21C22=22C23=23C24=24C25=25C26=26C27=27C28=28C29=29C30=30C31=31C32=32C33=33C34=34C35=35C36=36C37=37C38=38C39=39C40=40C41=41C42=42C43=43C44=44C45=45C'
[10:14:41] SMILES Parse Error: duplicated ring closure 0 bonds atom 13 to itself for input: 'OC(=O)C(=O)N3C=3C4=4C5=5C6=6C7=7C8=8C9=9C10=10C11=11C12=12C13=13C14=14C15=15C16=16C17=17C18=18C19=19C20=20C21=21C22=22C23=23C24=24C25=25C26=26C27=27C28=28C29=29C30=30C31=31C32=32C33=33C34=34C35=35C36=36C37=37C38=38C39=39C40=40C41=41C42=42C43=43C44=44C45=45C'
[10:14:41] SMILES Parse Error: duplicated ring closure 0 bonds atom 13 to itself for input: 'OC(=O)C(=O)N3C=3C4=4C5=5C6=6C7=7C8=8C9=9C10=10C11=11C12=12C13=13C14=14C15=15C16=16C17=17C18=18C19=19C20=20C21=21C22=22C23=23C24=24C25=25C26=26C27=27C28=28C29=29C30=30C31=31C32=32C33=33C34=34C35=35C36=36C37=37C38=38C39=39C40=40C41=41C42=42C43=43C44=44C45=45C'
[10:14:51] SMILES Parse Error: duplicated ring closure 0 bonds atom 13 to itself for input: 'OC(=O)C(=O)N3C=3C4=4C5=5C6=6C7=7C8=8C9=9C10=10C11=11C12=12C13=13C14=14C15=15C16=16C17=17C18=18C19=19C20=20C21=21C22=22C23=23C24=24C25=25C26=26C27=27C28=28C29=29C30=30C31=31C32=32C33=33C34=34C35=35C36=36C37=37C38=38C39=39C40=40C41=41C42=42C43=43C44=44C45=45C'
[10:14:51] SMILES Parse Error: duplicated ring closure 0 bonds atom 13 to itself for input: 'OC(=O)C(=O)N3C=3C4=4C5=5C6=6C7=7C8=8C9=9C10=10C11=11C12=12C13=13C14=14C15=15C16=16C17=17C18=18C19=19C20=20C21=21C22=22C23=23C24=24C25=25C26=26C27=27C28=28C29=29C30=30C31=31C32=32C33=33C34=34C35=35C36=36C37=37C38=38C39=39C40=40C41=41C42=42C43=43C44=44C45=45C'
[10:15:01] SMILES Parse Error: duplicated ring closure 0 bonds atom 13 to itself for input: 'OC(=O)C(=O)N3C=3C4=4C5=5C6=6C7=7C8=8C9=9C10=10C11=11C12=12C13=13C14=14C15=15C16=16C17=17C18=18C19=19C20=20C21=21C22=22C23=23C24=24C25=25C26=26C27=27C28=28C29=29C30=30C31=31C32=32C33=33C34=34C35=35C36=36C37=37C38=38C39=39C40=40C41=41C42=42C43=43C44=44C45=45C'
[10:15:01] SMILES Parse Error: duplicated ring closure 0 bonds atom 13 to itself for input: 'OC(=O)C(=O)N3C=3C4=4C5=5C6=6C7=7C8=8C9=9C10=10C11=11C12=12C13=13C14=14C15=15C16=16C17=17C18=18C19=19C20=20C21=21C22=22C23=23C24=24C25=25C26=26C27=27C28=28C29=29C30=30C31=31C32=32C33=33C34=34C35=35C36=36C37=37C38=38C39=39C40=40C41=41C42=42C43=43C44=44C45=45C'
[10:15:11] SMILES Parse Error: duplicated ring closure 0 bonds atom 13 to itself for input: 'OC(=O)C(=O)N3C=3C4=4C5=5C6=6C7=7C8=8C9=9C10=10C11=11C12=12C13=13C14=14C15=15C16=16C17=17C18=18C19=19C20=20C21=21C22=22C23=23C24=24C25=25C26=26C27=27C28=28C29=29C30=30C31=31C32=32C33=33C34=34C35=35C36=36C37=37C38=38C39=39C40=40C41=41C42=42C43=43C44=44C45=45C'
[10:15:11] SMILES Parse Error: duplicated ring closure 0 bonds atom 13 to itself for input: 'OC(=O)C(=O)N3C=3C4=4C5=5C6=6C7=7C8=8C9=9C10=10C11=11C12=12C13=13C14=14C15=15C16=16C17=17C18=18C19=19C20=20C21=21C22=22C23=23C24=24C25=25C26=26C27=27C28=28C29=29C30=30C31=31C32=32C33=33C34=34C35=35C36=36C37=37C38=38C39=39C40=40C41=41C42=42C43=43C44=44C45=45C'
[10:15:20] SMILES Parse Error: duplicated ring closure 0 bonds atom 13 to itself for input: 'OC(=O)C(=O)N3C=3C4=4C5=5C6=6C7=7C8=8C9=9C10=10C11=11C12=12C13=13C14=14C15=15C16=16C17=17C18=18C19=19C20=20C21=21C22=22C23=23C24=24C25=25C26=26C27=27C28=28C29=29C30=30C31=31C32=32C33=33C34=34C35=35C36=36C37=37C38=38C39=39C40=40C41=41C42=42C43=43C44=44C45=45C'
[10:15:20] SMILES Parse Error: duplicated ring closure 0 bonds atom 13 to itself for input: 'OC(=O)C(=O)N3C=3C4=4C5=5C6=6C7=7C8=8C9=9C10=10C11=11C12=12C13=13C14=14C15=15C16=16C17=17C18=18C19=19C20=20C21=21C22=22C23=23C24=24C25=25C26=26C27=27C28=28C29=29C30=30C31=31C32=32C33=33C34=34C35=35C36=36C37=37C38=38C39=39C40=40C41=41C42=42C43=43C44=44C45=45C'
[10:15:30] SMILES Parse Error: duplicated ring closure 0 bonds atom 13 to itself for input: 'OC(=O)C(=O)N3C=3C4=4C5=5C6=6C7=7C8=8C9=9C10=10C11=11C12=12C13=13C14=14C15=15C16=16C17=17C18=18C19=19C20=20C21=21C22=22C23=23C24=24C25=25C26=26C27=27C28=28C29=29C30=30C31=31C32=32C33=33C34=34C35=35C36=36C37=37C38=38C39=39C40=40C41=41C42=42C43=43C44=44C45=45C'
[10:15:30] SMILES Parse Error: duplicated ring closure 0 bonds atom 13 to itself for input: 'OC(=O)C(=O)N3C=3C4=4C5=5C6=6C7=7C8=8C9=9C10=10C11=11C12=12C13=13C14=14C15=15C16=16C17=17C18=18C19=19C20=20C21=21C22=22C23=23C24=24C25=25C26=26C27=27C28=28C29=29C30=30C31=31C32=32C33=33C34=34C35=35C36=36C37=37C38=38C39=39C40=40C41=41C42=42C43=43C44=44C45=45C'
[10:15:39] SMILES Parse Error: duplicated ring closure 0 bonds atom 13 to itself for input: 'OC(=O)C(=O)N3C=3C4=4C5=5C6=6C7=7C8=8C9=9C10=10C11=11C12=12C13=13C14=14C15=15C16=16C17=17C18=18C19=19C20=20C21=21C22=22C23=23C24=24C25=25C26=26C27=27C28=28C29=29C30=30C31=31C32=32C33=33C34=34C35=35C36=36C37=37C38=38C39=39C40=40C41=41C42=42C43=43C44=44C45=45C'
[10:15:39] SMILES Parse Error: duplicated ring closure 0 bonds atom 13 to itself for input: 'OC(=O)C(=O)N3C=3C4=4C5=5C6=6C7=7C8=8C9=9C10=10C11=11C12=12C13=13C14=14C15=15C16=16C17=17C18=18C19=19C20=20C21=21C22=22C23=23C24=24C25=25C26=26C27=27C28=28C29=29C30=30C31=31C32=32C33=33C34=34C35=35C36=36C37=37C38=38C39=39C40=40C41=41C42=42C43=43C44=44C45=45C'
[10:15:49] SMILES Parse Error: duplicated ring closure 0 bonds atom 13 to itself for input: 'OC(=O)C(=O)N3C=3C4=4C5=5C6=6C7=7C8=8C9=9C10=10C11=11C12=12C13=13C14=14C15=15C16=16C17=17C18=18C19=19C20=20C21=21C22=22C23=23C24=24C25=25C26=26C27=27C28=28C29=29C30=30C31=31C32=32C33=33C34=34C35=35C36=36C37=37C38=38C39=39C40=40C41=41C42=42C43=43C44=44C45=45C'
[10:15:49] SMILES Parse Error: duplicated ring closure 0 bonds atom 13 to itself for input: 'OC(=O)C(=O)N3C=3C4=4C5=5C6=6C7=7C8=8C9=9C10=10C11=11C12=12C13=13C14=14C15=15C16=16C17=17C18=18C19=19C20=20C21=21C22=22C23=23C24=24C25=25C26=26C27=27C28=28C29=29C30=30C31=31C32=32C33=33C34=34C35=35C36=36C37=37C38=38C39=39C40=40C41=41C42=42C43=43C44=44C45=45C'
[10:15:59] SMILES Parse Error: duplicated ring closure 0 bonds atom 13 to itself for input: 'OC(=O)C(=O)N3C=3C4=4C5=5C6=6C7=7C8=8C9=9C10=10C11=11C12=12C13=13C14=14C15=15C16=16C17=17C18=18C19=19C20=20C21=21C22=22C23=23C24=24C25=25C26=26C27=27C28=28C29=29C30=30C31=31C32=32C33=33C34=34C35=35C36=36C37=37C38=38C39=39C40=40C41=41C42=42C43=43C44=44C45=45C'
[10:15:59] SMILES Parse Error: duplicated ring closure 0 bonds atom 13 to itself for input: 'OC(=O)C(=O)N3C=3C4=4C5=5C6=6C7=7C8=8C9=9C10=10C11=11C12=12C13=13C14=14C15=15C16=16C17=17C18=18C19=19C20=20C21=21C22=22C23=23C24=24C25=25C26=26C27=27C28=28C29=29C30=30C31=31C32=32C33=33C34=34C35=35C36=36C37=37C38=38C39=39C40=40C41=41C42=42C43=43C44=44C45=45C'
[10:16:09] SMILES Parse Error: duplicated ring closure 0 bonds atom 13 to itself for input: 'OC(=O)C(=O)N3C=3C4=4C5=5C6=6C7=7C8=8C9=9C10=10C11=11C12=12C13=13C14=14C15=15C16=16C17=17C18=18C19=19C20=20C21=21C22=22C23=23C24=24C25=25C26=26C27=27C28=28C29=29C30=30C31=31C32=32C33=33C34=34C35=35C36=36C37=37C38=38C39=39C40=40C41=41C42=42C43=43C44=44C45=45C'
[10:16:09] SMILES Parse Error: duplicated ring closure 0 bonds atom 13 to itself for input: 'OC(=O)C(=O)N3C=3C4=4C5=5C6=6C7=7C8=8C9=9C10=10C11=11C12=12C13=13C14=14C15=15C16=16C17=17C18=18C19=19C20=20C21=21C22=22C23=23C24=24C25=25C26=26C27=27C28=28C29=29C30=30C31=31C32=32C33=33C34=34C35=35C36=36C37=37C38=38C39=39C40=40C41=41C42=42C43=43C44=44C45=45C'
[10:16:18] SMILES Parse Error: duplicated ring closure 0 bonds atom 13 to itself for input: 'OC(=O)C(=O)N3C=3C4=4C5=5C6=6C7=7C8=8C9=9C10=10C11=11C12=12C13=13C14=14C15=15C16=16C17=17C18=18C19=19C20=20C21=21C22=22C23=23C24=24C25=25C26=26C27=27C28=28C29=29C30=30C31=31C32=32C33=33C34=34C35=35C36=36C37=37C38=38C39=39C40=40C41=41C42=42C43=43C44=44C45=45C'
[10:16:18] SMILES Parse Error: duplicated ring closure 0 bonds atom 13 to itself for input: 'OC(=O)C(=O)N3C=3C4=4C5=5C6=6C7=7C8=8C9=9C10=10C11=11C12=12C13=13C14=14C15=15C16=16C17=17C18=18C19=19C20=20C21=21C22=22C23=23C24=24C25=25C26=26C27=27C28=28C29=29C30=30C31=31C32=32C33=33C34=34C35=35C36=36C37=37C38=38C39=39C40=40C41=41C42=42C43=43C44=44C45=45C'
[10:16:28] SMILES Parse Error: duplicated ring closure 0 bonds atom 13 to itself for input: 'OC(=O)C(=O)N3C=3C4=4C5=5C6=6C7=7C8=8C9=9C10=10C11=11C12=12C13=13C14=14C15=15C16=16C17=17C18=18C19=19C20=20C21=21C22=22C23=23C24=24C25=25C26=26C27=27C28=28C29=29C30=30C31=31C32=32C33=33C34=34C35=35C36=36C37=37C38=38C39=39C40=40C41=41C42=42C43=43C44=44C45=45C'
[10:16:28] SMILES Parse Error: duplicated ring closure 0 bonds atom 13 to itself for input: 'OC(=O)C(=O)N3C=3C4=4C5=5C6=6C7=7C8=8C9=9C10=10C11=11C12=12C13=13C14=14C15=15C16=16C17=17C18=18C19=19C20=20C21=21C22=22C23=23C24=24C25=25C26=26C27=27C28=28C29=29C30=30C31=31C32=32C33=33C34=34C35=35C36=36C37=37C38=38C39=39C40=40C41=41C42=42C43=43C44=44C45=45C'
[10:16:38] SMILES Parse Error: duplicated ring closure 0 bonds atom 13 to itself for input: 'OC(=O)C(=O)N3C=3C4=4C5=5C6=6C7=7C8=8C9=9C10=10C11=11C12=12C13=13C14=14C15=15C16=16C17=17C18=18C19=19C20=20C21=21C22=22C23=23C24=24C25=25C26=26C27=27C28=28C29=29C30=30C31=31C32=32C33=33C34=34C35=35C36=36C37=37C38=38C39=39C40=40C41=41C42=42C43=43C44=44C45=45C'
[10:16:38] SMILES Parse Error: duplicated ring closure 0 bonds atom 13 to itself for input: 'OC(=O)C(=O)N3C=3C4=4C5=5C6=6C7=7C8=8C9=9C10=10C11=11C12=12C13=13C14=14C15=15C16=16C17=17C18=18C19=19C20=20C21=21C22=22C23=23C24=24C25=25C26=26C27=27C28=28C29=29C30=30C31=31C32=32C33=33C34=34C35=35C36=36C37=37C38=38C39=39C40=40C41=41C42=42C43=43C44=44C45=45C'
[10:16:48] SMILES Parse Error: duplicated ring closure 0 bonds atom 13 to itself for input: 'OC(=O)C(=O)N3C=3C4=4C5=5C6=6C7=7C8=8C9=9C10=10C11=11C12=12C13=13C14=14C15=15C16=16C17=17C18=18C19=19C20=20C21=21C22=22C23=23C24=24C25=25C26=26C27=27C28=28C29=29C30=30C31=31C32=32C33=33C34=34C35=35C36=36C37=37C38=38C39=39C40=40C41=41C42=42C43=43C44=44C45=45C'
[10:16:48] SMILES Parse Error: duplicated ring closure 0 bonds atom 13 to itself for input: 'OC(=O)C(=O)N3C=3C4=4C5=5C6=6C7=7C8=8C9=9C10=10C11=11C12=12C13=13C14=14C15=15C16=16C17=17C18=18C19=19C20=20C21=21C22=22C23=23C24=24C25=25C26=26C27=27C28=28C29=29C30=30C31=31C32=32C33=33C34=34C35=35C36=36C37=37C38=38C39=39C40=40C41=41C42=42C43=43C44=44C45=45C'
[10:16:58] SMILES Parse Error: duplicated ring closure 0 bonds atom 13 to itself for input: 'OC(=O)C(=O)N3C=3C4=4C5=5C6=6C7=7C8=8C9=9C10=10C11=11C12=12C13=13C14=14C15=15C16=16C17=17C18=18C19=19C20=20C21=21C22=22C23=23C24=24C25=25C26=26C27=27C28=28C29=29C30=30C31=31C32=32C33=33C34=34C35=35C36=36C37=37C38=38C39=39C40=40C41=41C42=42C43=43C44=44C45=45C'
[10:16:58] SMILES Parse Error: duplicated ring closure 0 bonds atom 13 to itself for input: 'OC(=O)C(=O)N3C=3C4=4C5=5C6=6C7=7C8=8C9=9C10=10C11=11C12=12C13=13C14=14C15=15C16=16C17=17C18=18C19=19C20=20C21=21C22=22C23=23C24=24C25=25C26=26C27=27C28=28C29=29C30=30C31=31C32=32C33=33C34=34C35=35C36=36C37=37C38=38C39=39C40=40C41=41C42=42C43=43C44=44C45=45C'
[10:17:07] SMILES Parse Error: duplicated ring closure 0 bonds atom 13 to itself for input: 'OC(=O)C(=O)N3C=3C4=4C5=5C6=6C7=7C8=8C9=9C10=10C11=11C12=12C13=13C14=14C15=15C16=16C17=17C18=18C19=19C20=20C21=21C22=22C23=23C24=24C25=25C26=26C27=27C28=28C29=29C30=30C31=31C32=32C33=33C34=34C35=35C36=36C37=37C38=38C39=39C40=40C41=41C42=42C43=43C44=44C45=45C'
[10:17:07] SMILES Parse Error: duplicated ring closure 0 bonds atom 13 to itself for input: 'OC(=O)C(=O)N3C=3C4=4C5=5C6=6C7=7C8=8C9=9C10=10C11=11C12=12C13=13C14=14C15=15C16=16C17=17C18=18C19=19C20=20C21=21C22=22C23=23C24=24C25=25C26=26C27=27C28=28C29=29C30=30C31=31C32=32C33=33C34=34C35=35C36=36C37=37C38=38C39=39C40=40C41=41C42=42C43=43C44=44C45=45C'
[10:17:18] SMILES Parse Error: duplicated ring closure 0 bonds atom 13 to itself for input: 'OC(=O)C(=O)N3C=3C4=4C5=5C6=6C7=7C8=8C9=9C10=10C11=11C12=12C13=13C14=14C15=15C16=16C17=17C18=18C19=19C20=20C21=21C22=22C23=23C24=24C25=25C26=26C27=27C28=28C29=29C30=30C31=31C32=32C33=33C34=34C35=35C36=36C37=37C38=38C39=39C40=40C41=41C42=42C43=43C44=44C45=45C'
[10:17:18] SMILES Parse Error: duplicated ring closure 0 bonds atom 13 to itself for input: 'OC(=O)C(=O)N3C=3C4=4C5=5C6=6C7=7C8=8C9=9C10=10C11=11C12=12C13=13C14=14C15=15C16=16C17=17C18=18C19=19C20=20C21=21C22=22C23=23C24=24C25=25C26=26C27=27C28=28C29=29C30=30C31=31C32=32C33=33C34=34C35=35C36=36C37=37C38=38C39=39C40=40C41=41C42=42C43=43C44=44C45=45C'
[10:17:27] SMILES Parse Error: duplicated ring closure 0 bonds atom 13 to itself for input: 'OC(=O)C(=O)N3C=3C4=4C5=5C6=6C7=7C8=8C9=9C10=10C11=11C12=12C13=13C14=14C15=15C16=16C17=17C18=18C19=19C20=20C21=21C22=22C23=23C24=24C25=25C26=26C27=27C28=28C29=29C30=30C31=31C32=32C33=33C34=34C35=35C36=36C37=37C38=38C39=39C40=40C41=41C42=42C43=43C44=44C45=45C'
[10:17:27] SMILES Parse Error: duplicated ring closure 0 bonds atom 13 to itself for input: 'OC(=O)C(=O)N3C=3C4=4C5=5C6=6C7=7C8=8C9=9C10=10C11=11C12=12C13=13C14=14C15=15C16=16C17=17C18=18C19=19C20=20C21=21C22=22C23=23C24=24C25=25C26=26C27=27C28=28C29=29C30=30C31=31C32=32C33=33C34=34C35=35C36=36C37=37C38=38C39=39C40=40C41=41C42=42C43=43C44=44C45=45C'
[10:17:37] SMILES Parse Error: duplicated ring closure 0 bonds atom 13 to itself for input: 'OC(=O)C(=O)N3C=3C4=4C5=5C6=6C7=7C8=8C9=9C10=10C11=11C12=12C13=13C14=14C15=15C16=16C17=17C18=18C19=19C20=20C21=21C22=22C23=23C24=24C25=25C26=26C27=27C28=28C29=29C30=30C31=31C32=32C33=33C34=34C35=35C36=36C37=37C38=38C39=39C40=40C41=41C42=42C43=43C44=44C45=45C'
[10:17:37] SMILES Parse Error: duplicated ring closure 0 bonds atom 13 to itself for input: 'OC(=O)C(=O)N3C=3C4=4C5=5C6=6C7=7C8=8C9=9C10=10C11=11C12=12C13=13C14=14C15=15C16=16C17=17C18=18C19=19C20=20C21=21C22=22C23=23C24=24C25=25C26=26C27=27C28=28C29=29C30=30C31=31C32=32C33=33C34=34C35=35C36=36C37=37C38=38C39=39C40=40C41=41C42=42C43=43C44=44C45=45C'
[10:17:47] SMILES Parse Error: duplicated ring closure 0 bonds atom 13 to itself for input: 'OC(=O)C(=O)N3C=3C4=4C5=5C6=6C7=7C8=8C9=9C10=10C11=11C12=12C13=13C14=14C15=15C16=16C17=17C18=18C19=19C20=20C21=21C22=22C23=23C24=24C25=25C26=26C27=27C28=28C29=29C30=30C31=31C32=32C33=33C34=34C35=35C36=36C37=37C38=38C39=39C40=40C41=41C42=42C43=43C44=44C45=45C'
[10:17:47] SMILES Parse Error: duplicated ring closure 0 bonds atom 13 to itself for input: 'OC(=O)C(=O)N3C=3C4=4C5=5C6=6C7=7C8=8C9=9C10=10C11=11C12=12C13=13C14=14C15=15C16=16C17=17C18=18C19=19C20=20C21=21C22=22C23=23C24=24C25=25C26=26C27=27C28=28C29=29C30=30C31=31C32=32C33=33C34=34C35=35C36=36C37=37C38=38C39=39C40=40C41=41C42=42C43=43C44=44C45=45C'
[10:17:56] SMILES Parse Error: duplicated ring closure 0 bonds atom 13 to itself for input: 'OC(=O)C(=O)N3C=3C4=4C5=5C6=6C7=7C8=8C9=9C10=10C11=11C12=12C13=13C14=14C15=15C16=16C17=17C18=18C19=19C20=20C21=21C22=22C23=23C24=24C25=25C26=26C27=27C28=28C29=29C30=30C31=31C32=32C33=33C34=34C35=35C36=36C37=37C38=38C39=39C40=40C41=41C42=42C43=43C44=44C45=45C'
[10:17:56] SMILES Parse Error: duplicated ring closure 0 bonds atom 13 to itself for input: 'OC(=O)C(=O)N3C=3C4=4C5=5C6=6C7=7C8=8C9=9C10=10C11=11C12=12C13=13C14=14C15=15C16=16C17=17C18=18C19=19C20=20C21=21C22=22C23=23C24=24C25=25C26=26C27=27C28=28C29=29C30=30C31=31C32=32C33=33C34=34C35=35C36=36C37=37C38=38C39=39C40=40C41=41C42=42C43=43C44=44C45=45C'
[10:18:06] SMILES Parse Error: duplicated ring closure 0 bonds atom 13 to itself for input: 'OC(=O)C(=O)N3C=3C4=4C5=5C6=6C7=7C8=8C9=9C10=10C11=11C12=12C13=13C14=14C15=15C16=16C17=17C18=18C19=19C20=20C21=21C22=22C23=23C24=24C25=25C26=26C27=27C28=28C29=29C30=30C31=31C32=32C33=33C34=34C35=35C36=36C37=37C38=38C39=39C40=40C41=41C42=42C43=43C44=44C45=45C'
[10:18:06] SMILES Parse Error: duplicated ring closure 0 bonds atom 13 to itself for input: 'OC(=O)C(=O)N3C=3C4=4C5=5C6=6C7=7C8=8C9=9C10=10C11=11C12=12C13=13C14=14C15=15C16=16C17=17C18=18C19=19C20=20C21=21C22=22C23=23C24=24C25=25C26=26C27=27C28=28C29=29C30=30C31=31C32=32C33=33C34=34C35=35C36=36C37=37C38=38C39=39C40=40C41=41C42=42C43=43C44=44C45=45C'
[10:18:16] SMILES Parse Error: duplicated ring closure 0 bonds atom 13 to itself for input: 'OC(=O)C(=O)N3C=3C4=4C5=5C6=6C7=7C8=8C9=9C10=10C11=11C12=12C13=13C14=14C15=15C16=16C17=17C18=18C19=19C20=20C21=21C22=22C23=23C24=24C25=25C26=26C27=27C28=28C29=29C30=30C31=31C32=32C33=33C34=34C35=35C36=36C37=37C38=38C39=39C40=40C41=41C42=42C43=43C44=44C45=45C'
[10:18:16] SMILES Parse Error: duplicated ring closure 0 bonds atom 13 to itself for input: 'OC(=O)C(=O)N3C=3C4=4C5=5C6=6C7=7C8=8C9=9C10=10C11=11C12=12C13=13C14=14C15=15C16=16C17=17C18=18C19=19C20=20C21=21C22=22C23=23C24=24C25=25C26=26C27=27C28=28C29=29C30=30C31=31C32=32C33=33C34=34C35=35C36=36C37=37C38=38C39=39C40=40C41=41C42=42C43=43C44=44C45=45C'
[10:18:26] SMILES Parse Error: duplicated ring closure 0 bonds atom 13 to itself for input: 'OC(=O)C(=O)N3C=3C4=4C5=5C6=6C7=7C8=8C9=9C10=10C11=11C12=12C13=13C14=14C15=15C16=16C17=17C18=18C19=19C20=20C21=21C22=22C23=23C24=24C25=25C26=26C27=27C28=28C29=29C30=30C31=31C32=32C33=33C34=34C35=35C36=36C37=37C38=38C39=39C40=40C41=41C42=42C43=43C44=44C45=45C'
[10:18:26] SMILES Parse Error: duplicated ring closure 0 bonds atom 13 to itself for input: 'OC(=O)C(=O)N3C=3C4=4C5=5C6=6C7=7C8=8C9=9C10=10C11=11C12=12C13=13C14=14C15=15C16=16C17=17C18=18C19=19C20=20C21=21C22=22C23=23C24=24C25=25C26=26C27=27C28=28C29=29C30=30C31=31C32=32C33=33C34=34C35=35C36=36C37=37C38=38C39=39C40=40C41=41C42=42C43=43C44=44C45=45C'
[10:18:35] SMILES Parse Error: duplicated ring closure 0 bonds atom 13 to itself for input: 'OC(=O)C(=O)N3C=3C4=4C5=5C6=6C7=7C8=8C9=9C10=10C11=11C12=12C13=13C14=14C15=15C16=16C17=17C18=18C19=19C20=20C21=21C22=22C23=23C24=24C25=25C26=26C27=27C28=28C29=29C30=30C31=31C32=32C33=33C34=34C35=35C36=36C37=37C38=38C39=39C40=40C41=41C42=42C43=43C44=44C45=45C'
[10:18:35] SMILES Parse Error: duplicated ring closure 0 bonds atom 13 to itself for input: 'OC(=O)C(=O)N3C=3C4=4C5=5C6=6C7=7C8=8C9=9C10=10C11=11C12=12C13=13C14=14C15=15C16=16C17=17C18=18C19=19C20=20C21=21C22=22C23=23C24=24C25=25C26=26C27=27C28=28C29=29C30=30C31=31C32=32C33=33C34=34C35=35C36=36C37=37C38=38C39=39C40=40C41=41C42=42C43=43C44=44C45=45C'
[10:18:45] SMILES Parse Error: duplicated ring closure 0 bonds atom 13 to itself for input: 'OC(=O)C(=O)N3C=3C4=4C5=5C6=6C7=7C8=8C9=9C10=10C11=11C12=12C13=13C14=14C15=15C16=16C17=17C18=18C19=19C20=20C21=21C22=22C23=23C24=24C25=25C26=26C27=27C28=28C29=29C30=30C31=31C32=32C33=33C34=34C35=35C36=36C37=37C38=38C39=39C40=40C41=41C42=42C43=43C44=44C45=45C'
[10:18:45] SMILES Parse Error: duplicated ring closure 0 bonds atom 13 to itself for input: 'OC(=O)C(=O)N3C=3C4=4C5=5C6=6C7=7C8=8C9=9C10=10C11=11C12=12C13=13C14=14C15=15C16=16C17=17C18=18C19=19C20=20C21=21C22=22C23=23C24=24C25=25C26=26C27=27C28=28C29=29C30=30C31=31C32=32C33=33C34=34C35=35C36=36C37=37C38=38C39=39C40=40C41=41C42=42C43=43C44=44C45=45C'
[10:18:54] SMILES Parse Error: duplicated ring closure 0 bonds atom 13 to itself for input: 'OC(=O)C(=O)N3C=3C4=4C5=5C6=6C7=7C8=8C9=9C10=10C11=11C12=12C13=13C14=14C15=15C16=16C17=17C18=18C19=19C20=20C21=21C22=22C23=23C24=24C25=25C26=26C27=27C28=28C29=29C30=30C31=31C32=32C33=33C34=34C35=35C36=36C37=37C38=38C39=39C40=40C41=41C42=42C43=43C44=44C45=45C'
[10:18:54] SMILES Parse Error: duplicated ring closure 0 bonds atom 13 to itself for input: 'OC(=O)C(=O)N3C=3C4=4C5=5C6=6C7=7C8=8C9=9C10=10C11=11C12=12C13=13C14=14C15=15C16=16C17=17C18=18C19=19C20=20C21=21C22=22C23=23C24=24C25=25C26=26C27=27C28=28C29=29C30=30C31=31C32=32C33=33C34=34C35=35C36=36C37=37C38=38C39=39C40=40C41=41C42=42C43=43C44=44C45=45C'
[10:19:04] SMILES Parse Error: duplicated ring closure 0 bonds atom 13 to itself for input: 'OC(=O)C(=O)N3C=3C4=4C5=5C6=6C7=7C8=8C9=9C10=10C11=11C12=12C13=13C14=14C15=15C16=16C17=17C18=18C19=19C20=20C21=21C22=22C23=23C24=24C25=25C26=26C27=27C28=28C29=29C30=30C31=31C32=32C33=33C34=34C35=35C36=36C37=37C38=38C39=39C40=40C41=41C42=42C43=43C44=44C45=45C'
[10:19:04] SMILES Parse Error: duplicated ring closure 0 bonds atom 13 to itself for input: 'OC(=O)C(=O)N3C=3C4=4C5=5C6=6C7=7C8=8C9=9C10=10C11=11C12=12C13=13C14=14C15=15C16=16C17=17C18=18C19=19C20=20C21=21C22=22C23=23C24=24C25=25C26=26C27=27C28=28C29=29C30=30C31=31C32=32C33=33C34=34C35=35C36=36C37=37C38=38C39=39C40=40C41=41C42=42C43=43C44=44C45=45C'
[10:19:13] SMILES Parse Error: duplicated ring closure 0 bonds atom 13 to itself for input: 'OC(=O)C(=O)N3C=3C4=4C5=5C6=6C7=7C8=8C9=9C10=10C11=11C12=12C13=13C14=14C15=15C16=16C17=17C18=18C19=19C20=20C21=21C22=22C23=23C24=24C25=25C26=26C27=27C28=28C29=29C30=30C31=31C32=32C33=33C34=34C35=35C36=36C37=37C38=38C39=39C40=40C41=41C42=42C43=43C44=44C45=45C'
[10:19:13] SMILES Parse Error: duplicated ring closure 0 bonds atom 13 to itself for input: 'OC(=O)C(=O)N3C=3C4=4C5=5C6=6C7=7C8=8C9=9C10=10C11=11C12=12C13=13C14=14C15=15C16=16C17=17C18=18C19=19C20=20C21=21C22=22C23=23C24=24C25=25C26=26C27=27C28=28C29=29C30=30C31=31C32=32C33=33C34=34C35=35C36=36C37=37C38=38C39=39C40=40C41=41C42=42C43=43C44=44C45=45C'
[10:19:23] SMILES Parse Error: duplicated ring closure 0 bonds atom 13 to itself for input: 'OC(=O)C(=O)N3C=3C4=4C5=5C6=6C7=7C8=8C9=9C10=10C11=11C12=12C13=13C14=14C15=15C16=16C17=17C18=18C19=19C20=20C21=21C22=22C23=23C24=24C25=25C26=26C27=27C28=28C29=29C30=30C31=31C32=32C33=33C34=34C35=35C36=36C37=37C38=38C39=39C40=40C41=41C42=42C43=43C44=44C45=45C'
[10:19:23] SMILES Parse Error: duplicated ring closure 0 bonds atom 13 to itself for input: 'OC(=O)C(=O)N3C=3C4=4C5=5C6=6C7=7C8=8C9=9C10=10C11=11C12=12C13=13C14=14C15=15C16=16C17=17C18=18C19=19C20=20C21=21C22=22C23=23C24=24C25=25C26=26C27=27C28=28C29=29C30=30C31=31C32=32C33=33C34=34C35=35C36=36C37=37C38=38C39=39C40=40C41=41C42=42C43=43C44=44C45=45C'
[10:19:32] SMILES Parse Error: duplicated ring closure 0 bonds atom 13 to itself for input: 'OC(=O)C(=O)N3C=3C4=4C5=5C6=6C7=7C8=8C9=9C10=10C11=11C12=12C13=13C14=14C15=15C16=16C17=17C18=18C19=19C20=20C21=21C22=22C23=23C24=24C25=25C26=26C27=27C28=28C29=29C30=30C31=31C32=32C33=33C34=34C35=35C36=36C37=37C38=38C39=39C40=40C41=41C42=42C43=43C44=44C45=45C'
[10:19:32] SMILES Parse Error: duplicated ring closure 0 bonds atom 13 to itself for input: 'OC(=O)C(=O)N3C=3C4=4C5=5C6=6C7=7C8=8C9=9C10=10C11=11C12=12C13=13C14=14C15=15C16=16C17=17C18=18C19=19C20=20C21=21C22=22C23=23C24=24C25=25C26=26C27=27C28=28C29=29C30=30C31=31C32=32C33=33C34=34C35=35C36=36C37=37C38=38C39=39C40=40C41=41C42=42C43=43C44=44C45=45C'
[10:19:42] SMILES Parse Error: duplicated ring closure 0 bonds atom 13 to itself for input: 'OC(=O)C(=O)N3C=3C4=4C5=5C6=6C7=7C8=8C9=9C10=10C11=11C12=12C13=13C14=14C15=15C16=16C17=17C18=18C19=19C20=20C21=21C22=22C23=23C24=24C25=25C26=26C27=27C28=28C29=29C30=30C31=31C32=32C33=33C34=34C35=35C36=36C37=37C38=38C39=39C40=40C41=41C42=42C43=43C44=44C45=45C'
[10:19:42] SMILES Parse Error: duplicated ring closure 0 bonds atom 13 to itself for input: 'OC(=O)C(=O)N3C=3C4=4C5=5C6=6C7=7C8=8C9=9C10=10C11=11C12=12C13=13C14=14C15=15C16=16C17=17C18=18C19=19C20=20C21=21C22=22C23=23C24=24C25=25C26=26C27=27C28=28C29=29C30=30C31=31C32=32C33=33C34=34C35=35C36=36C37=37C38=38C39=39C40=40C41=41C42=42C43=43C44=44C45=45C'
[10:19:52] SMILES Parse Error: duplicated ring closure 0 bonds atom 13 to itself for input: 'OC(=O)C(=O)N3C=3C4=4C5=5C6=6C7=7C8=8C9=9C10=10C11=11C12=12C13=13C14=14C15=15C16=16C17=17C18=18C19=19C20=20C21=21C22=22C23=23C24=24C25=25C26=26C27=27C28=28C29=29C30=30C31=31C32=32C33=33C34=34C35=35C36=36C37=37C38=38C39=39C40=40C41=41C42=42C43=43C44=44C45=45C'
[10:19:52] SMILES Parse Error: duplicated ring closure 0 bonds atom 13 to itself for input: 'OC(=O)C(=O)N3C=3C4=4C5=5C6=6C7=7C8=8C9=9C10=10C11=11C12=12C13=13C14=14C15=15C16=16C17=17C18=18C19=19C20=20C21=21C22=22C23=23C24=24C25=25C26=26C27=27C28=28C29=29C30=30C31=31C32=32C33=33C34=34C35=35C36=36C37=37C38=38C39=39C40=40C41=41C42=42C43=43C44=44C45=45C'
[10:20:01] SMILES Parse Error: duplicated ring closure 0 bonds atom 13 to itself for input: 'OC(=O)C(=O)N3C=3C4=4C5=5C6=6C7=7C8=8C9=9C10=10C11=11C12=12C13=13C14=14C15=15C16=16C17=17C18=18C19=19C20=20C21=21C22=22C23=23C24=24C25=25C26=26C27=27C28=28C29=29C30=30C31=31C32=32C33=33C34=34C35=35C36=36C37=37C38=38C39=39C40=40C41=41C42=42C43=43C44=44C45=45C'
[10:20:01] SMILES Parse Error: duplicated ring closure 0 bonds atom 13 to itself for input: 'OC(=O)C(=O)N3C=3C4=4C5=5C6=6C7=7C8=8C9=9C10=10C11=11C12=12C13=13C14=14C15=15C16=16C17=17C18=18C19=19C20=20C21=21C22=22C23=23C24=24C25=25C26=26C27=27C28=28C29=29C30=30C31=31C32=32C33=33C34=34C35=35C36=36C37=37C38=38C39=39C40=40C41=41C42=42C43=43C44=44C45=45C'
[10:20:11] SMILES Parse Error: duplicated ring closure 0 bonds atom 13 to itself for input: 'OC(=O)C(=O)N3C=3C4=4C5=5C6=6C7=7C8=8C9=9C10=10C11=11C12=12C13=13C14=14C15=15C16=16C17=17C18=18C19=19C20=20C21=21C22=22C23=23C24=24C25=25C26=26C27=27C28=28C29=29C30=30C31=31C32=32C33=33C34=34C35=35C36=36C37=37C38=38C39=39C40=40C41=41C42=42C43=43C44=44C45=45C'
[10:20:11] SMILES Parse Error: duplicated ring closure 0 bonds atom 13 to itself for input: 'OC(=O)C(=O)N3C=3C4=4C5=5C6=6C7=7C8=8C9=9C10=10C11=11C12=12C13=13C14=14C15=15C16=16C17=17C18=18C19=19C20=20C21=21C22=22C23=23C24=24C25=25C26=26C27=27C28=28C29=29C30=30C31=31C32=32C33=33C34=34C35=35C36=36C37=37C38=38C39=39C40=40C41=41C42=42C43=43C44=44C45=45C'
[10:20:20] SMILES Parse Error: duplicated ring closure 0 bonds atom 13 to itself for input: 'OC(=O)C(=O)N3C=3C4=4C5=5C6=6C7=7C8=8C9=9C10=10C11=11C12=12C13=13C14=14C15=15C16=16C17=17C18=18C19=19C20=20C21=21C22=22C23=23C24=24C25=25C26=26C27=27C28=28C29=29C30=30C31=31C32=32C33=33C34=34C35=35C36=36C37=37C38=38C39=39C40=40C41=41C42=42C43=43C44=44C45=45C'
[10:20:20] SMILES Parse Error: duplicated ring closure 0 bonds atom 13 to itself for input: 'OC(=O)C(=O)N3C=3C4=4C5=5C6=6C7=7C8=8C9=9C10=10C11=11C12=12C13=13C14=14C15=15C16=16C17=17C18=18C19=19C20=20C21=21C22=22C23=23C24=24C25=25C26=26C27=27C28=28C29=29C30=30C31=31C32=32C33=33C34=34C35=35C36=36C37=37C38=38C39=39C40=40C41=41C42=42C43=43C44=44C45=45C'
[10:20:30] SMILES Parse Error: duplicated ring closure 0 bonds atom 13 to itself for input: 'OC(=O)C(=O)N3C=3C4=4C5=5C6=6C7=7C8=8C9=9C10=10C11=11C12=12C13=13C14=14C15=15C16=16C17=17C18=18C19=19C20=20C21=21C22=22C23=23C24=24C25=25C26=26C27=27C28=28C29=29C30=30C31=31C32=32C33=33C34=34C35=35C36=36C37=37C38=38C39=39C40=40C41=41C42=42C43=43C44=44C45=45C'
[10:20:30] SMILES Parse Error: duplicated ring closure 0 bonds atom 13 to itself for input: 'OC(=O)C(=O)N3C=3C4=4C5=5C6=6C7=7C8=8C9=9C10=10C11=11C12=12C13=13C14=14C15=15C16=16C17=17C18=18C19=19C20=20C21=21C22=22C23=23C24=24C25=25C26=26C27=27C28=28C29=29C30=30C31=31C32=32C33=33C34=34C35=35C36=36C37=37C38=38C39=39C40=40C41=41C42=42C43=43C44=44C45=45C'
[10:20:39] SMILES Parse Error: duplicated ring closure 0 bonds atom 13 to itself for input: 'OC(=O)C(=O)N3C=3C4=4C5=5C6=6C7=7C8=8C9=9C10=10C11=11C12=12C13=13C14=14C15=15C16=16C17=17C18=18C19=19C20=20C21=21C22=22C23=23C24=24C25=25C26=26C27=27C28=28C29=29C30=30C31=31C32=32C33=33C34=34C35=35C36=36C37=37C38=38C39=39C40=40C41=41C42=42C43=43C44=44C45=45C'
[10:20:39] SMILES Parse Error: duplicated ring closure 0 bonds atom 13 to itself for input: 'OC(=O)C(=O)N3C=3C4=4C5=5C6=6C7=7C8=8C9=9C10=10C11=11C12=12C13=13C14=14C15=15C16=16C17=17C18=18C19=19C20=20C21=21C22=22C23=23C24=24C25=25C26=26C27=27C28=28C29=29C30=30C31=31C32=32C33=33C34=34C35=35C36=36C37=37C38=38C39=39C40=40C41=41C42=42C43=43C44=44C45=45C'
[10:20:50] SMILES Parse Error: duplicated ring closure 0 bonds atom 13 to itself for input: 'OC(=O)C(=O)N3C=3C4=4C5=5C6=6C7=7C8=8C9=9C10=10C11=11C12=12C13=13C14=14C15=15C16=16C17=17C18=18C19=19C20=20C21=21C22=22C23=23C24=24C25=25C26=26C27=27C28=28C29=29C30=30C31=31C32=32C33=33C34=34C35=35C36=36C37=37C38=38C39=39C40=40C41=41C42=42C43=43C44=44C45=45C'
[10:20:50] SMILES Parse Error: duplicated ring closure 0 bonds atom 13 to itself for input: 'OC(=O)C(=O)N3C=3C4=4C5=5C6=6C7=7C8=8C9=9C10=10C11=11C12=12C13=13C14=14C15=15C16=16C17=17C18=18C19=19C20=20C21=21C22=22C23=23C24=24C25=25C26=26C27=27C28=28C29=29C30=30C31=31C32=32C33=33C34=34C35=35C36=36C37=37C38=38C39=39C40=40C41=41C42=42C43=43C44=44C45=45C'
[10:21:00] SMILES Parse Error: duplicated ring closure 0 bonds atom 13 to itself for input: 'OC(=O)C(=O)N3C=3C4=4C5=5C6=6C7=7C8=8C9=9C10=10C11=11C12=12C13=13C14=14C15=15C16=16C17=17C18=18C19=19C20=20C21=21C22=22C23=23C24=24C25=25C26=26C27=27C28=28C29=29C30=30C31=31C32=32C33=33C34=34C35=35C36=36C37=37C38=38C39=39C40=40C41=41C42=42C43=43C44=44C45=45C'
[10:21:00] SMILES Parse Error: duplicated ring closure 0 bonds atom 13 to itself for input: 'OC(=O)C(=O)N3C=3C4=4C5=5C6=6C7=7C8=8C9=9C10=10C11=11C12=12C13=13C14=14C15=15C16=16C17=17C18=18C19=19C20=20C21=21C22=22C23=23C24=24C25=25C26=26C27=27C28=28C29=29C30=30C31=31C32=32C33=33C34=34C35=35C36=36C37=37C38=38C39=39C40=40C41=41C42=42C43=43C44=44C45=45C'
[10:21:10] SMILES Parse Error: duplicated ring closure 0 bonds atom 13 to itself for input: 'OC(=O)C(=O)N3C=3C4=4C5=5C6=6C7=7C8=8C9=9C10=10C11=11C12=12C13=13C14=14C15=15C16=16C17=17C18=18C19=19C20=20C21=21C22=22C23=23C24=24C25=25C26=26C27=27C28=28C29=29C30=30C31=31C32=32C33=33C34=34C35=35C36=36C37=37C38=38C39=39C40=40C41=41C42=42C43=43C44=44C45=45C'
[10:21:10] SMILES Parse Error: duplicated ring closure 0 bonds atom 13 to itself for input: 'OC(=O)C(=O)N3C=3C4=4C5=5C6=6C7=7C8=8C9=9C10=10C11=11C12=12C13=13C14=14C15=15C16=16C17=17C18=18C19=19C20=20C21=21C22=22C23=23C24=24C25=25C26=26C27=27C28=28C29=29C30=30C31=31C32=32C33=33C34=34C35=35C36=36C37=37C38=38C39=39C40=40C41=41C42=42C43=43C44=44C45=45C'
[10:21:19] SMILES Parse Error: duplicated ring closure 0 bonds atom 13 to itself for input: 'OC(=O)C(=O)N3C=3C4=4C5=5C6=6C7=7C8=8C9=9C10=10C11=11C12=12C13=13C14=14C15=15C16=16C17=17C18=18C19=19C20=20C21=21C22=22C23=23C24=24C25=25C26=26C27=27C28=28C29=29C30=30C31=31C32=32C33=33C34=34C35=35C36=36C37=37C38=38C39=39C40=40C41=41C42=42C43=43C44=44C45=45C'
[10:21:19] SMILES Parse Error: duplicated ring closure 0 bonds atom 13 to itself for input: 'OC(=O)C(=O)N3C=3C4=4C5=5C6=6C7=7C8=8C9=9C10=10C11=11C12=12C13=13C14=14C15=15C16=16C17=17C18=18C19=19C20=20C21=21C22=22C23=23C24=24C25=25C26=26C27=27C28=28C29=29C30=30C31=31C32=32C33=33C34=34C35=35C36=36C37=37C38=38C39=39C40=40C41=41C42=42C43=43C44=44C45=45C'
[10:21:29] SMILES Parse Error: duplicated ring closure 0 bonds atom 13 to itself for input: 'OC(=O)C(=O)N3C=3C4=4C5=5C6=6C7=7C8=8C9=9C10=10C11=11C12=12C13=13C14=14C15=15C16=16C17=17C18=18C19=19C20=20C21=21C22=22C23=23C24=24C25=25C26=26C27=27C28=28C29=29C30=30C31=31C32=32C33=33C34=34C35=35C36=36C37=37C38=38C39=39C40=40C41=41C42=42C43=43C44=44C45=45C'
[10:21:29] SMILES Parse Error: duplicated ring closure 0 bonds atom 13 to itself for input: 'OC(=O)C(=O)N3C=3C4=4C5=5C6=6C7=7C8=8C9=9C10=10C11=11C12=12C13=13C14=14C15=15C16=16C17=17C18=18C19=19C20=20C21=21C22=22C23=23C24=24C25=25C26=26C27=27C28=28C29=29C30=30C31=31C32=32C33=33C34=34C35=35C36=36C37=37C38=38C39=39C40=40C41=41C42=42C43=43C44=44C45=45C'
[10:21:39] SMILES Parse Error: duplicated ring closure 0 bonds atom 13 to itself for input: 'OC(=O)C(=O)N3C=3C4=4C5=5C6=6C7=7C8=8C9=9C10=10C11=11C12=12C13=13C14=14C15=15C16=16C17=17C18=18C19=19C20=20C21=21C22=22C23=23C24=24C25=25C26=26C27=27C28=28C29=29C30=30C31=31C32=32C33=33C34=34C35=35C36=36C37=37C38=38C39=39C40=40C41=41C42=42C43=43C44=44C45=45C'
[10:21:39] SMILES Parse Error: duplicated ring closure 0 bonds atom 13 to itself for input: 'OC(=O)C(=O)N3C=3C4=4C5=5C6=6C7=7C8=8C9=9C10=10C11=11C12=12C13=13C14=14C15=15C16=16C17=17C18=18C19=19C20=20C21=21C22=22C23=23C24=24C25=25C26=26C27=27C28=28C29=29C30=30C31=31C32=32C33=33C34=34C35=35C36=36C37=37C38=38C39=39C40=40C41=41C42=42C43=43C44=44C45=45C'
[10:21:48] SMILES Parse Error: duplicated ring closure 0 bonds atom 13 to itself for input: 'OC(=O)C(=O)N3C=3C4=4C5=5C6=6C7=7C8=8C9=9C10=10C11=11C12=12C13=13C14=14C15=15C16=16C17=17C18=18C19=19C20=20C21=21C22=22C23=23C24=24C25=25C26=26C27=27C28=28C29=29C30=30C31=31C32=32C33=33C34=34C35=35C36=36C37=37C38=38C39=39C40=40C41=41C42=42C43=43C44=44C45=45C'
[10:21:48] SMILES Parse Error: duplicated ring closure 0 bonds atom 13 to itself for input: 'OC(=O)C(=O)N3C=3C4=4C5=5C6=6C7=7C8=8C9=9C10=10C11=11C12=12C13=13C14=14C15=15C16=16C17=17C18=18C19=19C20=20C21=21C22=22C23=23C24=24C25=25C26=26C27=27C28=28C29=29C30=30C31=31C32=32C33=33C34=34C35=35C36=36C37=37C38=38C39=39C40=40C41=41C42=42C43=43C44=44C45=45C'
[10:21:58] SMILES Parse Error: duplicated ring closure 0 bonds atom 13 to itself for input: 'OC(=O)C(=O)N3C=3C4=4C5=5C6=6C7=7C8=8C9=9C10=10C11=11C12=12C13=13C14=14C15=15C16=16C17=17C18=18C19=19C20=20C21=21C22=22C23=23C24=24C25=25C26=26C27=27C28=28C29=29C30=30C31=31C32=32C33=33C34=34C35=35C36=36C37=37C38=38C39=39C40=40C41=41C42=42C43=43C44=44C45=45C'
[10:21:58] SMILES Parse Error: duplicated ring closure 0 bonds atom 13 to itself for input: 'OC(=O)C(=O)N3C=3C4=4C5=5C6=6C7=7C8=8C9=9C10=10C11=11C12=12C13=13C14=14C15=15C16=16C17=17C18=18C19=19C20=20C21=21C22=22C23=23C24=24C25=25C26=26C27=27C28=28C29=29C30=30C31=31C32=32C33=33C34=34C35=35C36=36C37=37C38=38C39=39C40=40C41=41C42=42C43=43C44=44C45=45C'
[10:22:09] SMILES Parse Error: duplicated ring closure 0 bonds atom 13 to itself for input: 'OC(=O)C(=O)N3C=3C4=4C5=5C6=6C7=7C8=8C9=9C10=10C11=11C12=12C13=13C14=14C15=15C16=16C17=17C18=18C19=19C20=20C21=21C22=22C23=23C24=24C25=25C26=26C27=27C28=28C29=29C30=30C31=31C32=32C33=33C34=34C35=35C36=36C37=37C38=38C39=39C40=40C41=41C42=42C43=43C44=44C45=45C'
[10:22:09] SMILES Parse Error: duplicated ring closure 0 bonds atom 13 to itself for input: 'OC(=O)C(=O)N3C=3C4=4C5=5C6=6C7=7C8=8C9=9C10=10C11=11C12=12C13=13C14=14C15=15C16=16C17=17C18=18C19=19C20=20C21=21C22=22C23=23C24=24C25=25C26=26C27=27C28=28C29=29C30=30C31=31C32=32C33=33C34=34C35=35C36=36C37=37C38=38C39=39C40=40C41=41C42=42C43=43C44=44C45=45C'
[10:22:19] SMILES Parse Error: duplicated ring closure 0 bonds atom 13 to itself for input: 'OC(=O)C(=O)N3C=3C4=4C5=5C6=6C7=7C8=8C9=9C10=10C11=11C12=12C13=13C14=14C15=15C16=16C17=17C18=18C19=19C20=20C21=21C22=22C23=23C24=24C25=25C26=26C27=27C28=28C29=29C30=30C31=31C32=32C33=33C34=34C35=35C36=36C37=37C38=38C39=39C40=40C41=41C42=42C43=43C44=44C45=45C'
[10:22:19] SMILES Parse Error: duplicated ring closure 0 bonds atom 13 to itself for input: 'OC(=O)C(=O)N3C=3C4=4C5=5C6=6C7=7C8=8C9=9C10=10C11=11C12=12C13=13C14=14C15=15C16=16C17=17C18=18C19=19C20=20C21=21C22=22C23=23C24=24C25=25C26=26C27=27C28=28C29=29C30=30C31=31C32=32C33=33C34=34C35=35C36=36C37=37C38=38C39=39C40=40C41=41C42=42C43=43C44=44C45=45C'
[10:22:29] SMILES Parse Error: duplicated ring closure 0 bonds atom 13 to itself for input: 'OC(=O)C(=O)N3C=3C4=4C5=5C6=6C7=7C8=8C9=9C10=10C11=11C12=12C13=13C14=14C15=15C16=16C17=17C18=18C19=19C20=20C21=21C22=22C23=23C24=24C25=25C26=26C27=27C28=28C29=29C30=30C31=31C32=32C33=33C34=34C35=35C36=36C37=37C38=38C39=39C40=40C41=41C42=42C43=43C44=44C45=45C'
[10:22:29] SMILES Parse Error: duplicated ring closure 0 bonds atom 13 to itself for input: 'OC(=O)C(=O)N3C=3C4=4C5=5C6=6C7=7C8=8C9=9C10=10C11=11C12=12C13=13C14=14C15=15C16=16C17=17C18=18C19=19C20=20C21=21C22=22C23=23C24=24C25=25C26=26C27=27C28=28C29=29C30=30C31=31C32=32C33=33C34=34C35=35C36=36C37=37C38=38C39=39C40=40C41=41C42=42C43=43C44=44C45=45C'
[10:22:41] SMILES Parse Error: duplicated ring closure 0 bonds atom 13 to itself for input: 'OC(=O)C(=O)N3C=3C4=4C5=5C6=6C7=7C8=8C9=9C10=10C11=11C12=12C13=13C14=14C15=15C16=16C17=17C18=18C19=19C20=20C21=21C22=22C23=23C24=24C25=25C26=26C27=27C28=28C29=29C30=30C31=31C32=32C33=33C34=34C35=35C36=36C37=37C38=38C39=39C40=40C41=41C42=42C43=43C44=44C45=45C'
[10:22:41] SMILES Parse Error: duplicated ring closure 0 bonds atom 13 to itself for input: 'OC(=O)C(=O)N3C=3C4=4C5=5C6=6C7=7C8=8C9=9C10=10C11=11C12=12C13=13C14=14C15=15C16=16C17=17C18=18C19=19C20=20C21=21C22=22C23=23C24=24C25=25C26=26C27=27C28=28C29=29C30=30C31=31C32=32C33=33C34=34C35=35C36=36C37=37C38=38C39=39C40=40C41=41C42=42C43=43C44=44C45=45C'
[10:22:50] SMILES Parse Error: duplicated ring closure 0 bonds atom 13 to itself for input: 'OC(=O)C(=O)N3C=3C4=4C5=5C6=6C7=7C8=8C9=9C10=10C11=11C12=12C13=13C14=14C15=15C16=16C17=17C18=18C19=19C20=20C21=21C22=22C23=23C24=24C25=25C26=26C27=27C28=28C29=29C30=30C31=31C32=32C33=33C34=34C35=35C36=36C37=37C38=38C39=39C40=40C41=41C42=42C43=43C44=44C45=45C'
[10:22:50] SMILES Parse Error: duplicated ring closure 0 bonds atom 13 to itself for input: 'OC(=O)C(=O)N3C=3C4=4C5=5C6=6C7=7C8=8C9=9C10=10C11=11C12=12C13=13C14=14C15=15C16=16C17=17C18=18C19=19C20=20C21=21C22=22C23=23C24=24C25=25C26=26C27=27C28=28C29=29C30=30C31=31C32=32C33=33C34=34C35=35C36=36C37=37C38=38C39=39C40=40C41=41C42=42C43=43C44=44C45=45C'
[10:23:00] SMILES Parse Error: duplicated ring closure 0 bonds atom 13 to itself for input: 'OC(=O)C(=O)N3C=3C4=4C5=5C6=6C7=7C8=8C9=9C10=10C11=11C12=12C13=13C14=14C15=15C16=16C17=17C18=18C19=19C20=20C21=21C22=22C23=23C24=24C25=25C26=26C27=27C28=28C29=29C30=30C31=31C32=32C33=33C34=34C35=35C36=36C37=37C38=38C39=39C40=40C41=41C42=42C43=43C44=44C45=45C'
[10:23:00] SMILES Parse Error: duplicated ring closure 0 bonds atom 13 to itself for input: 'OC(=O)C(=O)N3C=3C4=4C5=5C6=6C7=7C8=8C9=9C10=10C11=11C12=12C13=13C14=14C15=15C16=16C17=17C18=18C19=19C20=20C21=21C22=22C23=23C24=24C25=25C26=26C27=27C28=28C29=29C30=30C31=31C32=32C33=33C34=34C35=35C36=36C37=37C38=38C39=39C40=40C41=41C42=42C43=43C44=44C45=45C'
[10:23:10] SMILES Parse Error: duplicated ring closure 0 bonds atom 13 to itself for input: 'OC(=O)C(=O)N3C=3C4=4C5=5C6=6C7=7C8=8C9=9C10=10C11=11C12=12C13=13C14=14C15=15C16=16C17=17C18=18C19=19C20=20C21=21C22=22C23=23C24=24C25=25C26=26C27=27C28=28C29=29C30=30C31=31C32=32C33=33C34=34C35=35C36=36C37=37C38=38C39=39C40=40C41=41C42=42C43=43C44=44C45=45C'
[10:23:10] SMILES Parse Error: duplicated ring closure 0 bonds atom 13 to itself for input: 'OC(=O)C(=O)N3C=3C4=4C5=5C6=6C7=7C8=8C9=9C10=10C11=11C12=12C13=13C14=14C15=15C16=16C17=17C18=18C19=19C20=20C21=21C22=22C23=23C24=24C25=25C26=26C27=27C28=28C29=29C30=30C31=31C32=32C33=33C34=34C35=35C36=36C37=37C38=38C39=39C40=40C41=41C42=42C43=43C44=44C45=45C'
[10:23:19] SMILES Parse Error: duplicated ring closure 0 bonds atom 13 to itself for input: 'OC(=O)C(=O)N3C=3C4=4C5=5C6=6C7=7C8=8C9=9C10=10C11=11C12=12C13=13C14=14C15=15C16=16C17=17C18=18C19=19C20=20C21=21C22=22C23=23C24=24C25=25C26=26C27=27C28=28C29=29C30=30C31=31C32=32C33=33C34=34C35=35C36=36C37=37C38=38C39=39C40=40C41=41C42=42C43=43C44=44C45=45C'
[10:23:19] SMILES Parse Error: duplicated ring closure 0 bonds atom 13 to itself for input: 'OC(=O)C(=O)N3C=3C4=4C5=5C6=6C7=7C8=8C9=9C10=10C11=11C12=12C13=13C14=14C15=15C16=16C17=17C18=18C19=19C20=20C21=21C22=22C23=23C24=24C25=25C26=26C27=27C28=28C29=29C30=30C31=31C32=32C33=33C34=34C35=35C36=36C37=37C38=38C39=39C40=40C41=41C42=42C43=43C44=44C45=45C'
[10:23:29] SMILES Parse Error: duplicated ring closure 0 bonds atom 13 to itself for input: 'OC(=O)C(=O)N3C=3C4=4C5=5C6=6C7=7C8=8C9=9C10=10C11=11C12=12C13=13C14=14C15=15C16=16C17=17C18=18C19=19C20=20C21=21C22=22C23=23C24=24C25=25C26=26C27=27C28=28C29=29C30=30C31=31C32=32C33=33C34=34C35=35C36=36C37=37C38=38C39=39C40=40C41=41C42=42C43=43C44=44C45=45C'
[10:23:29] SMILES Parse Error: duplicated ring closure 0 bonds atom 13 to itself for input: 'OC(=O)C(=O)N3C=3C4=4C5=5C6=6C7=7C8=8C9=9C10=10C11=11C12=12C13=13C14=14C15=15C16=16C17=17C18=18C19=19C20=20C21=21C22=22C23=23C24=24C25=25C26=26C27=27C28=28C29=29C30=30C31=31C32=32C33=33C34=34C35=35C36=36C37=37C38=38C39=39C40=40C41=41C42=42C43=43C44=44C45=45C'
[10:23:38] SMILES Parse Error: duplicated ring closure 0 bonds atom 13 to itself for input: 'OC(=O)C(=O)N3C=3C4=4C5=5C6=6C7=7C8=8C9=9C10=10C11=11C12=12C13=13C14=14C15=15C16=16C17=17C18=18C19=19C20=20C21=21C22=22C23=23C24=24C25=25C26=26C27=27C28=28C29=29C30=30C31=31C32=32C33=33C34=34C35=35C36=36C37=37C38=38C39=39C40=40C41=41C42=42C43=43C44=44C45=45C'
[10:23:38] SMILES Parse Error: duplicated ring closure 0 bonds atom 13 to itself for input: 'OC(=O)C(=O)N3C=3C4=4C5=5C6=6C7=7C8=8C9=9C10=10C11=11C12=12C13=13C14=14C15=15C16=16C17=17C18=18C19=19C20=20C21=21C22=22C23=23C24=24C25=25C26=26C27=27C28=28C29=29C30=30C31=31C32=32C33=33C34=34C35=35C36=36C37=37C38=38C39=39C40=40C41=41C42=42C43=43C44=44C45=45C'
[10:23:48] SMILES Parse Error: duplicated ring closure 0 bonds atom 13 to itself for input: 'OC(=O)C(=O)N3C=3C4=4C5=5C6=6C7=7C8=8C9=9C10=10C11=11C12=12C13=13C14=14C15=15C16=16C17=17C18=18C19=19C20=20C21=21C22=22C23=23C24=24C25=25C26=26C27=27C28=28C29=29C30=30C31=31C32=32C33=33C34=34C35=35C36=36C37=37C38=38C39=39C40=40C41=41C42=42C43=43C44=44C45=45C'
[10:23:48] SMILES Parse Error: duplicated ring closure 0 bonds atom 13 to itself for input: 'OC(=O)C(=O)N3C=3C4=4C5=5C6=6C7=7C8=8C9=9C10=10C11=11C12=12C13=13C14=14C15=15C16=16C17=17C18=18C19=19C20=20C21=21C22=22C23=23C24=24C25=25C26=26C27=27C28=28C29=29C30=30C31=31C32=32C33=33C34=34C35=35C36=36C37=37C38=38C39=39C40=40C41=41C42=42C43=43C44=44C45=45C'
[10:23:58] SMILES Parse Error: duplicated ring closure 0 bonds atom 13 to itself for input: 'OC(=O)C(=O)N3C=3C4=4C5=5C6=6C7=7C8=8C9=9C10=10C11=11C12=12C13=13C14=14C15=15C16=16C17=17C18=18C19=19C20=20C21=21C22=22C23=23C24=24C25=25C26=26C27=27C28=28C29=29C30=30C31=31C32=32C33=33C34=34C35=35C36=36C37=37C38=38C39=39C40=40C41=41C42=42C43=43C44=44C45=45C'
[10:23:58] SMILES Parse Error: duplicated ring closure 0 bonds atom 13 to itself for input: 'OC(=O)C(=O)N3C=3C4=4C5=5C6=6C7=7C8=8C9=9C10=10C11=11C12=12C13=13C14=14C15=15C16=16C17=17C18=18C19=19C20=20C21=21C22=22C23=23C24=24C25=25C26=26C27=27C28=28C29=29C30=30C31=31C32=32C33=33C34=34C35=35C36=36C37=37C38=38C39=39C40=40C41=41C42=42C43=43C44=44C45=45C'
[10:24:07] SMILES Parse Error: duplicated ring closure 0 bonds atom 13 to itself for input: 'OC(=O)C(=O)N3C=3C4=4C5=5C6=6C7=7C8=8C9=9C10=10C11=11C12=12C13=13C14=14C15=15C16=16C17=17C18=18C19=19C20=20C21=21C22=22C23=23C24=24C25=25C26=26C27=27C28=28C29=29C30=30C31=31C32=32C33=33C34=34C35=35C36=36C37=37C38=38C39=39C40=40C41=41C42=42C43=43C44=44C45=45C'
[10:24:07] SMILES Parse Error: duplicated ring closure 0 bonds atom 13 to itself for input: 'OC(=O)C(=O)N3C=3C4=4C5=5C6=6C7=7C8=8C9=9C10=10C11=11C12=12C13=13C14=14C15=15C16=16C17=17C18=18C19=19C20=20C21=21C22=22C23=23C24=24C25=25C26=26C27=27C28=28C29=29C30=30C31=31C32=32C33=33C34=34C35=35C36=36C37=37C38=38C39=39C40=40C41=41C42=42C43=43C44=44C45=45C'
[10:24:17] SMILES Parse Error: duplicated ring closure 0 bonds atom 13 to itself for input: 'OC(=O)C(=O)N3C=3C4=4C5=5C6=6C7=7C8=8C9=9C10=10C11=11C12=12C13=13C14=14C15=15C16=16C17=17C18=18C19=19C20=20C21=21C22=22C23=23C24=24C25=25C26=26C27=27C28=28C29=29C30=30C31=31C32=32C33=33C34=34C35=35C36=36C37=37C38=38C39=39C40=40C41=41C42=42C43=43C44=44C45=45C'
[10:24:17] SMILES Parse Error: duplicated ring closure 0 bonds atom 13 to itself for input: 'OC(=O)C(=O)N3C=3C4=4C5=5C6=6C7=7C8=8C9=9C10=10C11=11C12=12C13=13C14=14C15=15C16=16C17=17C18=18C19=19C20=20C21=21C22=22C23=23C24=24C25=25C26=26C27=27C28=28C29=29C30=30C31=31C32=32C33=33C34=34C35=35C36=36C37=37C38=38C39=39C40=40C41=41C42=42C43=43C44=44C45=45C'
[10:24:27] SMILES Parse Error: duplicated ring closure 0 bonds atom 13 to itself for input: 'OC(=O)C(=O)N3C=3C4=4C5=5C6=6C7=7C8=8C9=9C10=10C11=11C12=12C13=13C14=14C15=15C16=16C17=17C18=18C19=19C20=20C21=21C22=22C23=23C24=24C25=25C26=26C27=27C28=28C29=29C30=30C31=31C32=32C33=33C34=34C35=35C36=36C37=37C38=38C39=39C40=40C41=41C42=42C43=43C44=44C45=45C'
[10:24:27] SMILES Parse Error: duplicated ring closure 0 bonds atom 13 to itself for input: 'OC(=O)C(=O)N3C=3C4=4C5=5C6=6C7=7C8=8C9=9C10=10C11=11C12=12C13=13C14=14C15=15C16=16C17=17C18=18C19=19C20=20C21=21C22=22C23=23C24=24C25=25C26=26C27=27C28=28C29=29C30=30C31=31C32=32C33=33C34=34C35=35C36=36C37=37C38=38C39=39C40=40C41=41C42=42C43=43C44=44C45=45C'
[10:24:36] SMILES Parse Error: duplicated ring closure 0 bonds atom 13 to itself for input: 'OC(=O)C(=O)N3C=3C4=4C5=5C6=6C7=7C8=8C9=9C10=10C11=11C12=12C13=13C14=14C15=15C16=16C17=17C18=18C19=19C20=20C21=21C22=22C23=23C24=24C25=25C26=26C27=27C28=28C29=29C30=30C31=31C32=32C33=33C34=34C35=35C36=36C37=37C38=38C39=39C40=40C41=41C42=42C43=43C44=44C45=45C'
[10:24:36] SMILES Parse Error: duplicated ring closure 0 bonds atom 13 to itself for input: 'OC(=O)C(=O)N3C=3C4=4C5=5C6=6C7=7C8=8C9=9C10=10C11=11C12=12C13=13C14=14C15=15C16=16C17=17C18=18C19=19C20=20C21=21C22=22C23=23C24=24C25=25C26=26C27=27C28=28C29=29C30=30C31=31C32=32C33=33C34=34C35=35C36=36C37=37C38=38C39=39C40=40C41=41C42=42C43=43C44=44C45=45C'
[10:24:46] SMILES Parse Error: duplicated ring closure 0 bonds atom 13 to itself for input: 'OC(=O)C(=O)N3C=3C4=4C5=5C6=6C7=7C8=8C9=9C10=10C11=11C12=12C13=13C14=14C15=15C16=16C17=17C18=18C19=19C20=20C21=21C22=22C23=23C24=24C25=25C26=26C27=27C28=28C29=29C30=30C31=31C32=32C33=33C34=34C35=35C36=36C37=37C38=38C39=39C40=40C41=41C42=42C43=43C44=44C45=45C'
[10:24:46] SMILES Parse Error: duplicated ring closure 0 bonds atom 13 to itself for input: 'OC(=O)C(=O)N3C=3C4=4C5=5C6=6C7=7C8=8C9=9C10=10C11=11C12=12C13=13C14=14C15=15C16=16C17=17C18=18C19=19C20=20C21=21C22=22C23=23C24=24C25=25C26=26C27=27C28=28C29=29C30=30C31=31C32=32C33=33C34=34C35=35C36=36C37=37C38=38C39=39C40=40C41=41C42=42C43=43C44=44C45=45C'
[10:24:56] SMILES Parse Error: duplicated ring closure 0 bonds atom 13 to itself for input: 'OC(=O)C(=O)N3C=3C4=4C5=5C6=6C7=7C8=8C9=9C10=10C11=11C12=12C13=13C14=14C15=15C16=16C17=17C18=18C19=19C20=20C21=21C22=22C23=23C24=24C25=25C26=26C27=27C28=28C29=29C30=30C31=31C32=32C33=33C34=34C35=35C36=36C37=37C38=38C39=39C40=40C41=41C42=42C43=43C44=44C45=45C'
[10:24:56] SMILES Parse Error: duplicated ring closure 0 bonds atom 13 to itself for input: 'OC(=O)C(=O)N3C=3C4=4C5=5C6=6C7=7C8=8C9=9C10=10C11=11C12=12C13=13C14=14C15=15C16=16C17=17C18=18C19=19C20=20C21=21C22=22C23=23C24=24C25=25C26=26C27=27C28=28C29=29C30=30C31=31C32=32C33=33C34=34C35=35C36=36C37=37C38=38C39=39C40=40C41=41C42=42C43=43C44=44C45=45C'
[10:25:06] SMILES Parse Error: duplicated ring closure 0 bonds atom 13 to itself for input: 'OC(=O)C(=O)N3C=3C4=4C5=5C6=6C7=7C8=8C9=9C10=10C11=11C12=12C13=13C14=14C15=15C16=16C17=17C18=18C19=19C20=20C21=21C22=22C23=23C24=24C25=25C26=26C27=27C28=28C29=29C30=30C31=31C32=32C33=33C34=34C35=35C36=36C37=37C38=38C39=39C40=40C41=41C42=42C43=43C44=44C45=45C'
[10:25:06] SMILES Parse Error: duplicated ring closure 0 bonds atom 13 to itself for input: 'OC(=O)C(=O)N3C=3C4=4C5=5C6=6C7=7C8=8C9=9C10=10C11=11C12=12C13=13C14=14C15=15C16=16C17=17C18=18C19=19C20=20C21=21C22=22C23=23C24=24C25=25C26=26C27=27C28=28C29=29C30=30C31=31C32=32C33=33C34=34C35=35C36=36C37=37C38=38C39=39C40=40C41=41C42=42C43=43C44=44C45=45C'
[10:25:15] SMILES Parse Error: duplicated ring closure 0 bonds atom 13 to itself for input: 'OC(=O)C(=O)N3C=3C4=4C5=5C6=6C7=7C8=8C9=9C10=10C11=11C12=12C13=13C14=14C15=15C16=16C17=17C18=18C19=19C20=20C21=21C22=22C23=23C24=24C25=25C26=26C27=27C28=28C29=29C30=30C31=31C32=32C33=33C34=34C35=35C36=36C37=37C38=38C39=39C40=40C41=41C42=42C43=43C44=44C45=45C'
[10:25:15] SMILES Parse Error: duplicated ring closure 0 bonds atom 13 to itself for input: 'OC(=O)C(=O)N3C=3C4=4C5=5C6=6C7=7C8=8C9=9C10=10C11=11C12=12C13=13C14=14C15=15C16=16C17=17C18=18C19=19C20=20C21=21C22=22C23=23C24=24C25=25C26=26C27=27C28=28C29=29C30=30C31=31C32=32C33=33C34=34C35=35C36=36C37=37C38=38C39=39C40=40C41=41C42=42C43=43C44=44C45=45C'
[10:25:25] SMILES Parse Error: duplicated ring closure 0 bonds atom 13 to itself for input: 'OC(=O)C(=O)N3C=3C4=4C5=5C6=6C7=7C8=8C9=9C10=10C11=11C12=12C13=13C14=14C15=15C16=16C17=17C18=18C19=19C20=20C21=21C22=22C23=23C24=24C25=25C26=26C27=27C28=28C29=29C30=30C31=31C32=32C33=33C34=34C35=35C36=36C37=37C38=38C39=39C40=40C41=41C42=42C43=43C44=44C45=45C'
[10:25:25] SMILES Parse Error: duplicated ring closure 0 bonds atom 13 to itself for input: 'OC(=O)C(=O)N3C=3C4=4C5=5C6=6C7=7C8=8C9=9C10=10C11=11C12=12C13=13C14=14C15=15C16=16C17=17C18=18C19=19C20=20C21=21C22=22C23=23C24=24C25=25C26=26C27=27C28=28C29=29C30=30C31=31C32=32C33=33C34=34C35=35C36=36C37=37C38=38C39=39C40=40C41=41C42=42C43=43C44=44C45=45C'
[10:25:35] SMILES Parse Error: duplicated ring closure 0 bonds atom 13 to itself for input: 'OC(=O)C(=O)N3C=3C4=4C5=5C6=6C7=7C8=8C9=9C10=10C11=11C12=12C13=13C14=14C15=15C16=16C17=17C18=18C19=19C20=20C21=21C22=22C23=23C24=24C25=25C26=26C27=27C28=28C29=29C30=30C31=31C32=32C33=33C34=34C35=35C36=36C37=37C38=38C39=39C40=40C41=41C42=42C43=43C44=44C45=45C'
[10:25:35] SMILES Parse Error: duplicated ring closure 0 bonds atom 13 to itself for input: 'OC(=O)C(=O)N3C=3C4=4C5=5C6=6C7=7C8=8C9=9C10=10C11=11C12=12C13=13C14=14C15=15C16=16C17=17C18=18C19=19C20=20C21=21C22=22C23=23C24=24C25=25C26=26C27=27C28=28C29=29C30=30C31=31C32=32C33=33C34=34C35=35C36=36C37=37C38=38C39=39C40=40C41=41C42=42C43=43C44=44C45=45C'
[10:25:45] SMILES Parse Error: duplicated ring closure 0 bonds atom 13 to itself for input: 'OC(=O)C(=O)N3C=3C4=4C5=5C6=6C7=7C8=8C9=9C10=10C11=11C12=12C13=13C14=14C15=15C16=16C17=17C18=18C19=19C20=20C21=21C22=22C23=23C24=24C25=25C26=26C27=27C28=28C29=29C30=30C31=31C32=32C33=33C34=34C35=35C36=36C37=37C38=38C39=39C40=40C41=41C42=42C43=43C44=44C45=45C'
[10:25:45] SMILES Parse Error: duplicated ring closure 0 bonds atom 13 to itself for input: 'OC(=O)C(=O)N3C=3C4=4C5=5C6=6C7=7C8=8C9=9C10=10C11=11C12=12C13=13C14=14C15=15C16=16C17=17C18=18C19=19C20=20C21=21C22=22C23=23C24=24C25=25C26=26C27=27C28=28C29=29C30=30C31=31C32=32C33=33C34=34C35=35C36=36C37=37C38=38C39=39C40=40C41=41C42=42C43=43C44=44C45=45C'
[10:25:54] SMILES Parse Error: duplicated ring closure 0 bonds atom 13 to itself for input: 'OC(=O)C(=O)N3C=3C4=4C5=5C6=6C7=7C8=8C9=9C10=10C11=11C12=12C13=13C14=14C15=15C16=16C17=17C18=18C19=19C20=20C21=21C22=22C23=23C24=24C25=25C26=26C27=27C28=28C29=29C30=30C31=31C32=32C33=33C34=34C35=35C36=36C37=37C38=38C39=39C40=40C41=41C42=42C43=43C44=44C45=45C'
[10:25:54] SMILES Parse Error: duplicated ring closure 0 bonds atom 13 to itself for input: 'OC(=O)C(=O)N3C=3C4=4C5=5C6=6C7=7C8=8C9=9C10=10C11=11C12=12C13=13C14=14C15=15C16=16C17=17C18=18C19=19C20=20C21=21C22=22C23=23C24=24C25=25C26=26C27=27C28=28C29=29C30=30C31=31C32=32C33=33C34=34C35=35C36=36C37=37C38=38C39=39C40=40C41=41C42=42C43=43C44=44C45=45C'
[10:26:04] SMILES Parse Error: duplicated ring closure 0 bonds atom 13 to itself for input: 'OC(=O)C(=O)N3C=3C4=4C5=5C6=6C7=7C8=8C9=9C10=10C11=11C12=12C13=13C14=14C15=15C16=16C17=17C18=18C19=19C20=20C21=21C22=22C23=23C24=24C25=25C26=26C27=27C28=28C29=29C30=30C31=31C32=32C33=33C34=34C35=35C36=36C37=37C38=38C39=39C40=40C41=41C42=42C43=43C44=44C45=45C'
[10:26:04] SMILES Parse Error: duplicated ring closure 0 bonds atom 13 to itself for input: 'OC(=O)C(=O)N3C=3C4=4C5=5C6=6C7=7C8=8C9=9C10=10C11=11C12=12C13=13C14=14C15=15C16=16C17=17C18=18C19=19C20=20C21=21C22=22C23=23C24=24C25=25C26=26C27=27C28=28C29=29C30=30C31=31C32=32C33=33C34=34C35=35C36=36C37=37C38=38C39=39C40=40C41=41C42=42C43=43C44=44C45=45C'
[10:26:14] SMILES Parse Error: duplicated ring closure 0 bonds atom 13 to itself for input: 'OC(=O)C(=O)N3C=3C4=4C5=5C6=6C7=7C8=8C9=9C10=10C11=11C12=12C13=13C14=14C15=15C16=16C17=17C18=18C19=19C20=20C21=21C22=22C23=23C24=24C25=25C26=26C27=27C28=28C29=29C30=30C31=31C32=32C33=33C34=34C35=35C36=36C37=37C38=38C39=39C40=40C41=41C42=42C43=43C44=44C45=45C'
[10:26:14] SMILES Parse Error: duplicated ring closure 0 bonds atom 13 to itself for input: 'OC(=O)C(=O)N3C=3C4=4C5=5C6=6C7=7C8=8C9=9C10=10C11=11C12=12C13=13C14=14C15=15C16=16C17=17C18=18C19=19C20=20C21=21C22=22C23=23C24=24C25=25C26=26C27=27C28=28C29=29C30=30C31=31C32=32C33=33C34=34C35=35C36=36C37=37C38=38C39=39C40=40C41=41C42=42C43=43C44=44C45=45C'
[10:26:23] SMILES Parse Error: duplicated ring closure 0 bonds atom 13 to itself for input: 'OC(=O)C(=O)N3C=3C4=4C5=5C6=6C7=7C8=8C9=9C10=10C11=11C12=12C13=13C14=14C15=15C16=16C17=17C18=18C19=19C20=20C21=21C22=22C23=23C24=24C25=25C26=26C27=27C28=28C29=29C30=30C31=31C32=32C33=33C34=34C35=35C36=36C37=37C38=38C39=39C40=40C41=41C42=42C43=43C44=44C45=45C'
[10:26:23] SMILES Parse Error: duplicated ring closure 0 bonds atom 13 to itself for input: 'OC(=O)C(=O)N3C=3C4=4C5=5C6=6C7=7C8=8C9=9C10=10C11=11C12=12C13=13C14=14C15=15C16=16C17=17C18=18C19=19C20=20C21=21C22=22C23=23C24=24C25=25C26=26C27=27C28=28C29=29C30=30C31=31C32=32C33=33C34=34C35=35C36=36C37=37C38=38C39=39C40=40C41=41C42=42C43=43C44=44C45=45C'
[10:26:33] SMILES Parse Error: duplicated ring closure 0 bonds atom 13 to itself for input: 'OC(=O)C(=O)N3C=3C4=4C5=5C6=6C7=7C8=8C9=9C10=10C11=11C12=12C13=13C14=14C15=15C16=16C17=17C18=18C19=19C20=20C21=21C22=22C23=23C24=24C25=25C26=26C27=27C28=28C29=29C30=30C31=31C32=32C33=33C34=34C35=35C36=36C37=37C38=38C39=39C40=40C41=41C42=42C43=43C44=44C45=45C'
[10:26:33] SMILES Parse Error: duplicated ring closure 0 bonds atom 13 to itself for input: 'OC(=O)C(=O)N3C=3C4=4C5=5C6=6C7=7C8=8C9=9C10=10C11=11C12=12C13=13C14=14C15=15C16=16C17=17C18=18C19=19C20=20C21=21C22=22C23=23C24=24C25=25C26=26C27=27C28=28C29=29C30=30C31=31C32=32C33=33C34=34C35=35C36=36C37=37C38=38C39=39C40=40C41=41C42=42C43=43C44=44C45=45C'
[10:26:42] SMILES Parse Error: duplicated ring closure 0 bonds atom 13 to itself for input: 'OC(=O)C(=O)N3C=3C4=4C5=5C6=6C7=7C8=8C9=9C10=10C11=11C12=12C13=13C14=14C15=15C16=16C17=17C18=18C19=19C20=20C21=21C22=22C23=23C24=24C25=25C26=26C27=27C28=28C29=29C30=30C31=31C32=32C33=33C34=34C35=35C36=36C37=37C38=38C39=39C40=40C41=41C42=42C43=43C44=44C45=45C'
[10:26:42] SMILES Parse Error: duplicated ring closure 0 bonds atom 13 to itself for input: 'OC(=O)C(=O)N3C=3C4=4C5=5C6=6C7=7C8=8C9=9C10=10C11=11C12=12C13=13C14=14C15=15C16=16C17=17C18=18C19=19C20=20C21=21C22=22C23=23C24=24C25=25C26=26C27=27C28=28C29=29C30=30C31=31C32=32C33=33C34=34C35=35C36=36C37=37C38=38C39=39C40=40C41=41C42=42C43=43C44=44C45=45C'
[10:26:52] SMILES Parse Error: duplicated ring closure 0 bonds atom 13 to itself for input: 'OC(=O)C(=O)N3C=3C4=4C5=5C6=6C7=7C8=8C9=9C10=10C11=11C12=12C13=13C14=14C15=15C16=16C17=17C18=18C19=19C20=20C21=21C22=22C23=23C24=24C25=25C26=26C27=27C28=28C29=29C30=30C31=31C32=32C33=33C34=34C35=35C36=36C37=37C38=38C39=39C40=40C41=41C42=42C43=43C44=44C45=45C'
[10:26:52] SMILES Parse Error: duplicated ring closure 0 bonds atom 13 to itself for input: 'OC(=O)C(=O)N3C=3C4=4C5=5C6=6C7=7C8=8C9=9C10=10C11=11C12=12C13=13C14=14C15=15C16=16C17=17C18=18C19=19C20=20C21=21C22=22C23=23C24=24C25=25C26=26C27=27C28=28C29=29C30=30C31=31C32=32C33=33C34=34C35=35C36=36C37=37C38=38C39=39C40=40C41=41C42=42C43=43C44=44C45=45C'
[10:27:02] SMILES Parse Error: duplicated ring closure 0 bonds atom 13 to itself for input: 'OC(=O)C(=O)N3C=3C4=4C5=5C6=6C7=7C8=8C9=9C10=10C11=11C12=12C13=13C14=14C15=15C16=16C17=17C18=18C19=19C20=20C21=21C22=22C23=23C24=24C25=25C26=26C27=27C28=28C29=29C30=30C31=31C32=32C33=33C34=34C35=35C36=36C37=37C38=38C39=39C40=40C41=41C42=42C43=43C44=44C45=45C'
[10:27:02] SMILES Parse Error: duplicated ring closure 0 bonds atom 13 to itself for input: 'OC(=O)C(=O)N3C=3C4=4C5=5C6=6C7=7C8=8C9=9C10=10C11=11C12=12C13=13C14=14C15=15C16=16C17=17C18=18C19=19C20=20C21=21C22=22C23=23C24=24C25=25C26=26C27=27C28=28C29=29C30=30C31=31C32=32C33=33C34=34C35=35C36=36C37=37C38=38C39=39C40=40C41=41C42=42C43=43C44=44C45=45C'
[10:27:11] SMILES Parse Error: duplicated ring closure 0 bonds atom 13 to itself for input: 'OC(=O)C(=O)N3C=3C4=4C5=5C6=6C7=7C8=8C9=9C10=10C11=11C12=12C13=13C14=14C15=15C16=16C17=17C18=18C19=19C20=20C21=21C22=22C23=23C24=24C25=25C26=26C27=27C28=28C29=29C30=30C31=31C32=32C33=33C34=34C35=35C36=36C37=37C38=38C39=39C40=40C41=41C42=42C43=43C44=44C45=45C'
[10:27:11] SMILES Parse Error: duplicated ring closure 0 bonds atom 13 to itself for input: 'OC(=O)C(=O)N3C=3C4=4C5=5C6=6C7=7C8=8C9=9C10=10C11=11C12=12C13=13C14=14C15=15C16=16C17=17C18=18C19=19C20=20C21=21C22=22C23=23C24=24C25=25C26=26C27=27C28=28C29=29C30=30C31=31C32=32C33=33C34=34C35=35C36=36C37=37C38=38C39=39C40=40C41=41C42=42C43=43C44=44C45=45C'
[10:27:20] SMILES Parse Error: duplicated ring closure 0 bonds atom 13 to itself for input: 'OC(=O)C(=O)N3C=3C4=4C5=5C6=6C7=7C8=8C9=9C10=10C11=11C12=12C13=13C14=14C15=15C16=16C17=17C18=18C19=19C20=20C21=21C22=22C23=23C24=24C25=25C26=26C27=27C28=28C29=29C30=30C31=31C32=32C33=33C34=34C35=35C36=36C37=37C38=38C39=39C40=40C41=41C42=42C43=43C44=44C45=45C'
[10:27:20] SMILES Parse Error: duplicated ring closure 0 bonds atom 13 to itself for input: 'OC(=O)C(=O)N3C=3C4=4C5=5C6=6C7=7C8=8C9=9C10=10C11=11C12=12C13=13C14=14C15=15C16=16C17=17C18=18C19=19C20=20C21=21C22=22C23=23C24=24C25=25C26=26C27=27C28=28C29=29C30=30C31=31C32=32C33=33C34=34C35=35C36=36C37=37C38=38C39=39C40=40C41=41C42=42C43=43C44=44C45=45C'
[10:27:30] SMILES Parse Error: duplicated ring closure 0 bonds atom 13 to itself for input: 'OC(=O)C(=O)N3C=3C4=4C5=5C6=6C7=7C8=8C9=9C10=10C11=11C12=12C13=13C14=14C15=15C16=16C17=17C18=18C19=19C20=20C21=21C22=22C23=23C24=24C25=25C26=26C27=27C28=28C29=29C30=30C31=31C32=32C33=33C34=34C35=35C36=36C37=37C38=38C39=39C40=40C41=41C42=42C43=43C44=44C45=45C'
[10:27:30] SMILES Parse Error: duplicated ring closure 0 bonds atom 13 to itself for input: 'OC(=O)C(=O)N3C=3C4=4C5=5C6=6C7=7C8=8C9=9C10=10C11=11C12=12C13=13C14=14C15=15C16=16C17=17C18=18C19=19C20=20C21=21C22=22C23=23C24=24C25=25C26=26C27=27C28=28C29=29C30=30C31=31C32=32C33=33C34=34C35=35C36=36C37=37C38=38C39=39C40=40C41=41C42=42C43=43C44=44C45=45C'
[10:27:41] SMILES Parse Error: duplicated ring closure 0 bonds atom 13 to itself for input: 'OC(=O)C(=O)N3C=3C4=4C5=5C6=6C7=7C8=8C9=9C10=10C11=11C12=12C13=13C14=14C15=15C16=16C17=17C18=18C19=19C20=20C21=21C22=22C23=23C24=24C25=25C26=26C27=27C28=28C29=29C30=30C31=31C32=32C33=33C34=34C35=35C36=36C37=37C38=38C39=39C40=40C41=41C42=42C43=43C44=44C45=45C'
[10:27:41] SMILES Parse Error: duplicated ring closure 0 bonds atom 13 to itself for input: 'OC(=O)C(=O)N3C=3C4=4C5=5C6=6C7=7C8=8C9=9C10=10C11=11C12=12C13=13C14=14C15=15C16=16C17=17C18=18C19=19C20=20C21=21C22=22C23=23C24=24C25=25C26=26C27=27C28=28C29=29C30=30C31=31C32=32C33=33C34=34C35=35C36=36C37=37C38=38C39=39C40=40C41=41C42=42C43=43C44=44C45=45C'
[10:27:52] SMILES Parse Error: duplicated ring closure 0 bonds atom 13 to itself for input: 'OC(=O)C(=O)N3C=3C4=4C5=5C6=6C7=7C8=8C9=9C10=10C11=11C12=12C13=13C14=14C15=15C16=16C17=17C18=18C19=19C20=20C21=21C22=22C23=23C24=24C25=25C26=26C27=27C28=28C29=29C30=30C31=31C32=32C33=33C34=34C35=35C36=36C37=37C38=38C39=39C40=40C41=41C42=42C43=43C44=44C45=45C'
[10:27:52] SMILES Parse Error: duplicated ring closure 0 bonds atom 13 to itself for input: 'OC(=O)C(=O)N3C=3C4=4C5=5C6=6C7=7C8=8C9=9C10=10C11=11C12=12C13=13C14=14C15=15C16=16C17=17C18=18C19=19C20=20C21=21C22=22C23=23C24=24C25=25C26=26C27=27C28=28C29=29C30=30C31=31C32=32C33=33C34=34C35=35C36=36C37=37C38=38C39=39C40=40C41=41C42=42C43=43C44=44C45=45C'
[10:28:02] SMILES Parse Error: duplicated ring closure 0 bonds atom 13 to itself for input: 'OC(=O)C(=O)N3C=3C4=4C5=5C6=6C7=7C8=8C9=9C10=10C11=11C12=12C13=13C14=14C15=15C16=16C17=17C18=18C19=19C20=20C21=21C22=22C23=23C24=24C25=25C26=26C27=27C28=28C29=29C30=30C31=31C32=32C33=33C34=34C35=35C36=36C37=37C38=38C39=39C40=40C41=41C42=42C43=43C44=44C45=45C'
[10:28:02] SMILES Parse Error: duplicated ring closure 0 bonds atom 13 to itself for input: 'OC(=O)C(=O)N3C=3C4=4C5=5C6=6C7=7C8=8C9=9C10=10C11=11C12=12C13=13C14=14C15=15C16=16C17=17C18=18C19=19C20=20C21=21C22=22C23=23C24=24C25=25C26=26C27=27C28=28C29=29C30=30C31=31C32=32C33=33C34=34C35=35C36=36C37=37C38=38C39=39C40=40C41=41C42=42C43=43C44=44C45=45C'
[10:28:12] SMILES Parse Error: duplicated ring closure 0 bonds atom 13 to itself for input: 'OC(=O)C(=O)N3C=3C4=4C5=5C6=6C7=7C8=8C9=9C10=10C11=11C12=12C13=13C14=14C15=15C16=16C17=17C18=18C19=19C20=20C21=21C22=22C23=23C24=24C25=25C26=26C27=27C28=28C29=29C30=30C31=31C32=32C33=33C34=34C35=35C36=36C37=37C38=38C39=39C40=40C41=41C42=42C43=43C44=44C45=45C'
[10:28:12] SMILES Parse Error: duplicated ring closure 0 bonds atom 13 to itself for input: 'OC(=O)C(=O)N3C=3C4=4C5=5C6=6C7=7C8=8C9=9C10=10C11=11C12=12C13=13C14=14C15=15C16=16C17=17C18=18C19=19C20=20C21=21C22=22C23=23C24=24C25=25C26=26C27=27C28=28C29=29C30=30C31=31C32=32C33=33C34=34C35=35C36=36C37=37C38=38C39=39C40=40C41=41C42=42C43=43C44=44C45=45C'
[10:28:21] SMILES Parse Error: duplicated ring closure 0 bonds atom 13 to itself for input: 'OC(=O)C(=O)N3C=3C4=4C5=5C6=6C7=7C8=8C9=9C10=10C11=11C12=12C13=13C14=14C15=15C16=16C17=17C18=18C19=19C20=20C21=21C22=22C23=23C24=24C25=25C26=26C27=27C28=28C29=29C30=30C31=31C32=32C33=33C34=34C35=35C36=36C37=37C38=38C39=39C40=40C41=41C42=42C43=43C44=44C45=45C'
[10:28:21] SMILES Parse Error: duplicated ring closure 0 bonds atom 13 to itself for input: 'OC(=O)C(=O)N3C=3C4=4C5=5C6=6C7=7C8=8C9=9C10=10C11=11C12=12C13=13C14=14C15=15C16=16C17=17C18=18C19=19C20=20C21=21C22=22C23=23C24=24C25=25C26=26C27=27C28=28C29=29C30=30C31=31C32=32C33=33C34=34C35=35C36=36C37=37C38=38C39=39C40=40C41=41C42=42C43=43C44=44C45=45C'
[10:28:32] SMILES Parse Error: duplicated ring closure 0 bonds atom 13 to itself for input: 'OC(=O)C(=O)N3C=3C4=4C5=5C6=6C7=7C8=8C9=9C10=10C11=11C12=12C13=13C14=14C15=15C16=16C17=17C18=18C19=19C20=20C21=21C22=22C23=23C24=24C25=25C26=26C27=27C28=28C29=29C30=30C31=31C32=32C33=33C34=34C35=35C36=36C37=37C38=38C39=39C40=40C41=41C42=42C43=43C44=44C45=45C'
[10:28:32] SMILES Parse Error: duplicated ring closure 0 bonds atom 13 to itself for input: 'OC(=O)C(=O)N3C=3C4=4C5=5C6=6C7=7C8=8C9=9C10=10C11=11C12=12C13=13C14=14C15=15C16=16C17=17C18=18C19=19C20=20C21=21C22=22C23=23C24=24C25=25C26=26C27=27C28=28C29=29C30=30C31=31C32=32C33=33C34=34C35=35C36=36C37=37C38=38C39=39C40=40C41=41C42=42C43=43C44=44C45=45C'
[10:28:42] SMILES Parse Error: duplicated ring closure 0 bonds atom 13 to itself for input: 'OC(=O)C(=O)N3C=3C4=4C5=5C6=6C7=7C8=8C9=9C10=10C11=11C12=12C13=13C14=14C15=15C16=16C17=17C18=18C19=19C20=20C21=21C22=22C23=23C24=24C25=25C26=26C27=27C28=28C29=29C30=30C31=31C32=32C33=33C34=34C35=35C36=36C37=37C38=38C39=39C40=40C41=41C42=42C43=43C44=44C45=45C'
[10:28:42] SMILES Parse Error: duplicated ring closure 0 bonds atom 13 to itself for input: 'OC(=O)C(=O)N3C=3C4=4C5=5C6=6C7=7C8=8C9=9C10=10C11=11C12=12C13=13C14=14C15=15C16=16C17=17C18=18C19=19C20=20C21=21C22=22C23=23C24=24C25=25C26=26C27=27C28=28C29=29C30=30C31=31C32=32C33=33C34=34C35=35C36=36C37=37C38=38C39=39C40=40C41=41C42=42C43=43C44=44C45=45C'
[10:28:53] SMILES Parse Error: duplicated ring closure 0 bonds atom 13 to itself for input: 'OC(=O)C(=O)N3C=3C4=4C5=5C6=6C7=7C8=8C9=9C10=10C11=11C12=12C13=13C14=14C15=15C16=16C17=17C18=18C19=19C20=20C21=21C22=22C23=23C24=24C25=25C26=26C27=27C28=28C29=29C30=30C31=31C32=32C33=33C34=34C35=35C36=36C37=37C38=38C39=39C40=40C41=41C42=42C43=43C44=44C45=45C'
[10:28:53] SMILES Parse Error: duplicated ring closure 0 bonds atom 13 to itself for input: 'OC(=O)C(=O)N3C=3C4=4C5=5C6=6C7=7C8=8C9=9C10=10C11=11C12=12C13=13C14=14C15=15C16=16C17=17C18=18C19=19C20=20C21=21C22=22C23=23C24=24C25=25C26=26C27=27C28=28C29=29C30=30C31=31C32=32C33=33C34=34C35=35C36=36C37=37C38=38C39=39C40=40C41=41C42=42C43=43C44=44C45=45C'
[10:29:03] SMILES Parse Error: duplicated ring closure 0 bonds atom 13 to itself for input: 'OC(=O)C(=O)N3C=3C4=4C5=5C6=6C7=7C8=8C9=9C10=10C11=11C12=12C13=13C14=14C15=15C16=16C17=17C18=18C19=19C20=20C21=21C22=22C23=23C24=24C25=25C26=26C27=27C28=28C29=29C30=30C31=31C32=32C33=33C34=34C35=35C36=36C37=37C38=38C39=39C40=40C41=41C42=42C43=43C44=44C45=45C'
[10:29:03] SMILES Parse Error: duplicated ring closure 0 bonds atom 13 to itself for input: 'OC(=O)C(=O)N3C=3C4=4C5=5C6=6C7=7C8=8C9=9C10=10C11=11C12=12C13=13C14=14C15=15C16=16C17=17C18=18C19=19C20=20C21=21C22=22C23=23C24=24C25=25C26=26C27=27C28=28C29=29C30=30C31=31C32=32C33=33C34=34C35=35C36=36C37=37C38=38C39=39C40=40C41=41C42=42C43=43C44=44C45=45C'
[10:29:13] SMILES Parse Error: duplicated ring closure 0 bonds atom 13 to itself for input: 'OC(=O)C(=O)N3C=3C4=4C5=5C6=6C7=7C8=8C9=9C10=10C11=11C12=12C13=13C14=14C15=15C16=16C17=17C18=18C19=19C20=20C21=21C22=22C23=23C24=24C25=25C26=26C27=27C28=28C29=29C30=30C31=31C32=32C33=33C34=34C35=35C36=36C37=37C38=38C39=39C40=40C41=41C42=42C43=43C44=44C45=45C'
[10:29:13] SMILES Parse Error: duplicated ring closure 0 bonds atom 13 to itself for input: 'OC(=O)C(=O)N3C=3C4=4C5=5C6=6C7=7C8=8C9=9C10=10C11=11C12=12C13=13C14=14C15=15C16=16C17=17C18=18C19=19C20=20C21=21C22=22C23=23C24=24C25=25C26=26C27=27C28=28C29=29C30=30C31=31C32=32C33=33C34=34C35=35C36=36C37=37C38=38C39=39C40=40C41=41C42=42C43=43C44=44C45=45C'
[10:29:23] SMILES Parse Error: duplicated ring closure 0 bonds atom 13 to itself for input: 'OC(=O)C(=O)N3C=3C4=4C5=5C6=6C7=7C8=8C9=9C10=10C11=11C12=12C13=13C14=14C15=15C16=16C17=17C18=18C19=19C20=20C21=21C22=22C23=23C24=24C25=25C26=26C27=27C28=28C29=29C30=30C31=31C32=32C33=33C34=34C35=35C36=36C37=37C38=38C39=39C40=40C41=41C42=42C43=43C44=44C45=45C'
[10:29:23] SMILES Parse Error: duplicated ring closure 0 bonds atom 13 to itself for input: 'OC(=O)C(=O)N3C=3C4=4C5=5C6=6C7=7C8=8C9=9C10=10C11=11C12=12C13=13C14=14C15=15C16=16C17=17C18=18C19=19C20=20C21=21C22=22C23=23C24=24C25=25C26=26C27=27C28=28C29=29C30=30C31=31C32=32C33=33C34=34C35=35C36=36C37=37C38=38C39=39C40=40C41=41C42=42C43=43C44=44C45=45C'
[10:29:33] SMILES Parse Error: duplicated ring closure 0 bonds atom 13 to itself for input: 'OC(=O)C(=O)N3C=3C4=4C5=5C6=6C7=7C8=8C9=9C10=10C11=11C12=12C13=13C14=14C15=15C16=16C17=17C18=18C19=19C20=20C21=21C22=22C23=23C24=24C25=25C26=26C27=27C28=28C29=29C30=30C31=31C32=32C33=33C34=34C35=35C36=36C37=37C38=38C39=39C40=40C41=41C42=42C43=43C44=44C45=45C'
[10:29:33] SMILES Parse Error: duplicated ring closure 0 bonds atom 13 to itself for input: 'OC(=O)C(=O)N3C=3C4=4C5=5C6=6C7=7C8=8C9=9C10=10C11=11C12=12C13=13C14=14C15=15C16=16C17=17C18=18C19=19C20=20C21=21C22=22C23=23C24=24C25=25C26=26C27=27C28=28C29=29C30=30C31=31C32=32C33=33C34=34C35=35C36=36C37=37C38=38C39=39C40=40C41=41C42=42C43=43C44=44C45=45C'
[10:29:43] SMILES Parse Error: duplicated ring closure 0 bonds atom 13 to itself for input: 'OC(=O)C(=O)N3C=3C4=4C5=5C6=6C7=7C8=8C9=9C10=10C11=11C12=12C13=13C14=14C15=15C16=16C17=17C18=18C19=19C20=20C21=21C22=22C23=23C24=24C25=25C26=26C27=27C28=28C29=29C30=30C31=31C32=32C33=33C34=34C35=35C36=36C37=37C38=38C39=39C40=40C41=41C42=42C43=43C44=44C45=45C'
[10:29:43] SMILES Parse Error: duplicated ring closure 0 bonds atom 13 to itself for input: 'OC(=O)C(=O)N3C=3C4=4C5=5C6=6C7=7C8=8C9=9C10=10C11=11C12=12C13=13C14=14C15=15C16=16C17=17C18=18C19=19C20=20C21=21C22=22C23=23C24=24C25=25C26=26C27=27C28=28C29=29C30=30C31=31C32=32C33=33C34=34C35=35C36=36C37=37C38=38C39=39C40=40C41=41C42=42C43=43C44=44C45=45C'
[10:29:53] SMILES Parse Error: duplicated ring closure 0 bonds atom 13 to itself for input: 'OC(=O)C(=O)N3C=3C4=4C5=5C6=6C7=7C8=8C9=9C10=10C11=11C12=12C13=13C14=14C15=15C16=16C17=17C18=18C19=19C20=20C21=21C22=22C23=23C24=24C25=25C26=26C27=27C28=28C29=29C30=30C31=31C32=32C33=33C34=34C35=35C36=36C37=37C38=38C39=39C40=40C41=41C42=42C43=43C44=44C45=45C'
[10:29:53] SMILES Parse Error: duplicated ring closure 0 bonds atom 13 to itself for input: 'OC(=O)C(=O)N3C=3C4=4C5=5C6=6C7=7C8=8C9=9C10=10C11=11C12=12C13=13C14=14C15=15C16=16C17=17C18=18C19=19C20=20C21=21C22=22C23=23C24=24C25=25C26=26C27=27C28=28C29=29C30=30C31=31C32=32C33=33C34=34C35=35C36=36C37=37C38=38C39=39C40=40C41=41C42=42C43=43C44=44C45=45C'
[10:30:03] SMILES Parse Error: duplicated ring closure 0 bonds atom 13 to itself for input: 'OC(=O)C(=O)N3C=3C4=4C5=5C6=6C7=7C8=8C9=9C10=10C11=11C12=12C13=13C14=14C15=15C16=16C17=17C18=18C19=19C20=20C21=21C22=22C23=23C24=24C25=25C26=26C27=27C28=28C29=29C30=30C31=31C32=32C33=33C34=34C35=35C36=36C37=37C38=38C39=39C40=40C41=41C42=42C43=43C44=44C45=45C'
[10:30:03] SMILES Parse Error: duplicated ring closure 0 bonds atom 13 to itself for input: 'OC(=O)C(=O)N3C=3C4=4C5=5C6=6C7=7C8=8C9=9C10=10C11=11C12=12C13=13C14=14C15=15C16=16C17=17C18=18C19=19C20=20C21=21C22=22C23=23C24=24C25=25C26=26C27=27C28=28C29=29C30=30C31=31C32=32C33=33C34=34C35=35C36=36C37=37C38=38C39=39C40=40C41=41C42=42C43=43C44=44C45=45C'
Saved baseline JSON: outputs/controlled_comparison/smiles_1p5B/chain_extenders/gcd.json
EXIT_gcd_chain_extenders=0
SKIP existing outputs/controlled_comparison/smiles_1p5B/chain_extenders/unconstrained.json
SKIP synthesis for chain_extenders (metadecode.json exists)
SKIP existing outputs/controlled_comparison/smiles_1p5B/isocyanates/cars.json
SKIP existing outputs/controlled_comparison/smiles_1p5B/isocyanates/itergen.json
SKIP existing outputs/controlled_comparison/smiles_1p5B/isocyanates/gcd.json
SKIP existing outputs/controlled_comparison/smiles_1p5B/isocyanates/unconstrained.json
BAR_isocyanates: min-accuracy=0.9000 min-syntax=0.9500
=== SYNTHESIS smiles/isocyanates Qwen/Qwen2.5-1.5B-Instruct START Thu Jun 11 10:30:05 AM UTC 2026 ===
2026-06-11 10:30:41.936475: I tensorflow/core/util/port.cc:153] oneDNN custom operations are on. You may see slightly different numerical results due to floating-point round-off errors from different computation orders. To turn them off, set the environment variable `TF_ENABLE_ONEDNN_OPTS=0`.
2026-06-11 10:30:41.955175: E external/local_xla/xla/stream_executor/cuda/cuda_fft.cc:467] Unable to register cuFFT factory: Attempting to register factory for plugin cuFFT when one has already been registered
WARNING: All log messages before absl::InitializeLog() is called are written to STDERR
E0000 00:00:1781173841.978063 2520729 cuda_dnn.cc:8579] Unable to register cuDNN factory: Attempting to register factory for plugin cuDNN when one has already been registered
E0000 00:00:1781173841.986001 2520729 cuda_blas.cc:1407] Unable to register cuBLAS factory: Attempting to register factory for plugin cuBLAS when one has already been registered
W0000 00:00:1781173842.002255 2520729 computation_placer.cc:177] computation placer already registered. Please check linkage and avoid linking the same target more than once.
W0000 00:00:1781173842.002281 2520729 computation_placer.cc:177] computation placer already registered. Please check linkage and avoid linking the same target more than once.
W0000 00:00:1781173842.002285 2520729 computation_placer.cc:177] computation placer already registered. Please check linkage and avoid linking the same target more than once.
W0000 00:00:1781173842.002288 2520729 computation_placer.cc:177] computation placer already registered. Please check linkage and avoid linking the same target more than once.
2026-06-11 10:30:42.006967: I tensorflow/core/platform/cpu_feature_guard.cc:210] This TensorFlow binary is optimized to use available CPU instructions in performance-critical operations.
To enable the following instructions: AVX2 AVX512F AVX512_VNNI FMA, in other operations, rebuild TensorFlow with the appropriate compiler flags.
Skipping import of cpp extensions due to incompatible torch version. Please upgrade to torch >= 2.11.0 (found 2.10.0+cu129).
========================================================================
  AUTHOR MODEL : 'us.anthropic.claude-sonnet-4-6' via backend='bedrock'
  EVAL   MODEL : 'Qwen/Qwen2.5-1.5B-Instruct' via backend='vllm'
========================================================================
Initializing synthesis pipeline...
Setting up evaluator for dataset: smiles
  Generation model: us.anthropic.claude-sonnet-4-6
  Evaluation model: Qwen/Qwen2.5-1.5B-Instruct
Helper policy: helper mask warm-up (0/3 evaluated attempts for bandit)
Generating initial strategy for: Generate one new, valid, non-exemplar SMILES molecule for the isocyanates class. The answer contract is a single SMILES string and nothing else. Use the hidden parser-guided constrained chunk for that SMILES token sequence and avoid copying prompt exemplars.

============================================================
Attempt 1/15
============================================================
Helper policy: helper mask warm-up (0/3 evaluated attempts for bandit)
Strategy: // CSD_RATIONALE_BEGIN
// SMILES isocyanate CSD strategy.
// State tracked: generated (full visible output), insideConstrainedOut (whether
// inside a constrained span), currentConstrainedOut (the active constrained
// prefix), steps (token budget consumed), cost (final budget).
//
// Strategy:
// 1. Append task guidance steering the model toward a novel isocyanate SMILES.
// 2. Immediately open a constrained span (OpenConstrainedSpan) — the answer
//    contract is a single SMILES string with no surrounding text, so we go
//    directly into constrained generation without any free-text preamble.
// 3. Inside the span, use AdaptiveConstrainedStep with the caller-supplied
//    validTokenGroups and a narrow threshold to drive hard-parser-valid token
//    selection, boosting group tokens when the branch factor is tight.
// 4. After each constrained token, call CloseSpanIfComplete to close the span
//    as soon as the parser accepts a complete SMILES string. This ensures we
//    emit exactly one SMILES and stop.
// 5. After the span closes, stop generation (the contract is satisfied).
// 6. EOS at any point terminates the loop.
// CSD_RATIONALE_END
// CSD_PROOF_SKETCH_BEGIN
// parser_validity:
//   - OpenConstrainedSpan sets insideConstrainedOut := true and
//     currentConstrainedOut := [], which satisfies parser.IsValidPrefix([])
//     by the method precondition.
//   - AdaptiveConstrainedStep returns either eosToken or a parser-valid next
//     token (hard mask guarantees this). AppendConstrainedToken extends
//     currentConstrainedOut by exactly that valid token, preserving
//     parser.IsValidPrefix(currentConstrainedOut) by the parser's prefix
//     extension property.
//   - CloseSpanIfComplete either closes the span (sets insideConstrainedOut
//     := false, making the implication vacuous) or is a no-op, leaving
//     currentConstrainedOut unchanged (still valid).
//   - Once insideConstrainedOut is false, the implication is vacuous; we
//     break out of the loop immediately after closing.
//
// progress:
//   - OpenConstrainedSpan costs +1 step and appends "<<" to generated, so
//     |generated| grows by 1 and steps grows by 1.
//   - AdaptiveConstrainedStep costs +1 step. AppendConstrainedToken appends
//     at most one visible token to generated. So each constrained step
//     contributes at most +1 to |generated| - |generatedPrefix| and +1 to
//     steps.
//   - CloseSpanIfComplete costs +1 step when it closes (appends ">>") and
//     +0 otherwise; but in our loop structure, the CloseSpanIfComplete call
//     is made only after a constrained token step, in a separate iteration
//     where we again consume one step. So each iteration increments steps by
//     exactly 1 and |generated| by at most 1, preserving the invariant.
//   - EOS break does not append to generated, so the bound holds trivially.
// CSD_PROOF_SKETCH_END

generated := generatedPrefix;
insideConstrainedOut := insideConstrained;
currentConstrainedOut := currentConstrained;
cost := 0;

helpers.AppendTaskGuidance(lm, "Generate exactly one valid SMILES string for a novel isocyanate molecule (containing -N=C=O group). Output only the SMILES string, nothing else. Do not copy the examples.");

var steps: nat := 0;
var narrowThreshold: nat := 16;

// Open the constrained span immediately if not already inside one
if steps < maxSteps && !insideConstrainedOut {
  var og, oi, oc := helpers.OpenConstrainedSpan(lm, generated);
  generated := og;
  insideConstrainedOut := oi;
  currentConstrainedOut := oc;
  steps := steps + 1;
}

while steps < maxSteps
  invariant 0 <= steps <= maxSteps
  invariant lm.ValidTokensIdsLogits()
  invariant !insideConstrainedOut ==> currentConstrainedOut == []
  invariant insideConstrainedOut ==> parser.IsValidPrefix(currentConstrainedOut)
  invariant insideConstrainedOut ==> |currentConstrainedOut| <= |generated|
  invariant |generated| <= |generatedPrefix| + steps
  decreases maxSteps - steps
{
  if !insideConstrainedOut {
    // Span was closed; we are done
    break;
  } else {
    // Try to close if complete
    var cg, ci, cc, closed := helpers.CloseSpanIfComplete(lm, parser, generated, currentConstrainedOut);
    steps := steps + 1;
    if closed {
      generated := cg;
      insideConstrainedOut := ci;
      currentConstrainedOut := cc;
      // Done — the SMILES is complete
      break;
    } else {
      // Generate next constrained token
      if steps < maxSteps {
        var constrainedPrompt := prompt + generated[..|generated| - |currentConstrainedOut|];
        var next := helpers.AdaptiveConstrainedStep(
          lm, parser, constrainedPrompt, currentConstrainedOut,
          validTokenGroups, 4.0, narrowThreshold, eosToken
        );
        steps := steps + 1;
        if next == eosToken {
          break;
        } else {
          var ag, ai, ac := helpers.AppendConstrainedToken(
            lm, parser, generated, currentConstrainedOut, next
          );
          generated := ag;
          insideConstrainedOut := ai;
          currentConstrainedOut := ac;
        }
      }
    }
  }
}

cost := steps;

[1/4] Verifying with Dafny...
  ✓ Verification passed

[2/4] Compiling to Python...
  ✓ Compiled to outputs/generated/smiles_1p5B_isocyanates_20260610/smiles_1p5B_isocyanates_20260610_20260611_103011_45d824/python/smiles_1p5B_isocyanates_20260610

[3/4] Evaluating compiled strategy (runtime smoke test removed).

[4/4] Evaluating on dataset sample...
  [synthesis] eval seed for this iteration: None
Loading model: Qwen/Qwen2.5-1.5B-Instruct on cuda with vLLM...
INFO 06-11 10:30:48 [utils.py:233] non-default args: {'tokenizer': 'Qwen/Qwen2.5-1.5B-Instruct', 'trust_remote_code': True, 'max_model_len': 16384, 'enable_prefix_caching': True, 'gpu_memory_utilization': 0.3, 'max_logprobs': -1, 'disable_log_stats': True, 'enforce_eager': True, 'model': 'Qwen/Qwen2.5-1.5B-Instruct'}
INFO 06-11 10:30:48 [model.py:549] Resolved architecture: Qwen2ForCausalLM
INFO 06-11 10:30:48 [model.py:1678] Using max model len 16384
INFO 06-11 10:30:48 [scheduler.py:238] Chunked prefill is enabled with max_num_batched_tokens=8192.
INFO 06-11 10:30:48 [vllm.py:790] Asynchronous scheduling is enabled.
WARNING 06-11 10:30:48 [vllm.py:848] Enforce eager set, disabling torch.compile and CUDAGraphs. This is equivalent to setting -cc.mode=none -cc.cudagraph_mode=none
WARNING 06-11 10:30:48 [vllm.py:859] Inductor compilation was disabled by user settings, optimizations settings that are only active during inductor compilation will be ignored.
INFO 06-11 10:30:49 [vllm.py:1025] Cudagraph is disabled under eager mode
INFO 06-11 10:30:49 [compilation.py:290] Enabled custom fusions: norm_quant, act_quant
2026-06-11 10:30:56.086142: E external/local_xla/xla/stream_executor/cuda/cuda_fft.cc:467] Unable to register cuFFT factory: Attempting to register factory for plugin cuFFT when one has already been registered
WARNING: All log messages before absl::InitializeLog() is called are written to STDERR
E0000 00:00:1781173856.110154 2523108 cuda_dnn.cc:8579] Unable to register cuDNN factory: Attempting to register factory for plugin cuDNN when one has already been registered
E0000 00:00:1781173856.117436 2523108 cuda_blas.cc:1407] Unable to register cuBLAS factory: Attempting to register factory for plugin cuBLAS when one has already been registered
W0000 00:00:1781173856.134122 2523108 computation_placer.cc:177] computation placer already registered. Please check linkage and avoid linking the same target more than once.
W0000 00:00:1781173856.134149 2523108 computation_placer.cc:177] computation placer already registered. Please check linkage and avoid linking the same target more than once.
W0000 00:00:1781173856.134153 2523108 computation_placer.cc:177] computation placer already registered. Please check linkage and avoid linking the same target more than once.
W0000 00:00:1781173856.134155 2523108 computation_placer.cc:177] computation placer already registered. Please check linkage and avoid linking the same target more than once.
Skipping import of cpp extensions due to incompatible torch version. Please upgrade to torch >= 2.11.0 (found 2.10.0+cu129).
(EngineCore pid=2523108) INFO 06-11 10:31:00 [core.py:105] Initializing a V1 LLM engine (v0.19.0) with config: model='Qwen/Qwen2.5-1.5B-Instruct', speculative_config=None, tokenizer='Qwen/Qwen2.5-1.5B-Instruct', skip_tokenizer_init=False, tokenizer_mode=auto, revision=None, tokenizer_revision=None, trust_remote_code=True, dtype=torch.bfloat16, max_seq_len=16384, download_dir=None, load_format=auto, tensor_parallel_size=1, pipeline_parallel_size=1, data_parallel_size=1, decode_context_parallel_size=1, dcp_comm_backend=ag_rs, disable_custom_all_reduce=False, quantization=None, enforce_eager=True, enable_return_routed_experts=False, kv_cache_dtype=auto, device_config=cuda, structured_outputs_config=StructuredOutputsConfig(backend='auto', disable_any_whitespace=False, disable_additional_properties=False, reasoning_parser='', reasoning_parser_plugin='', enable_in_reasoning=False), observability_config=ObservabilityConfig(show_hidden_metrics_for_version=None, otlp_traces_endpoint=None, collect_detailed_traces=None, kv_cache_metrics=False, kv_cache_metrics_sample=0.01, cudagraph_metrics=False, enable_layerwise_nvtx_tracing=False, enable_mfu_metrics=False, enable_mm_processor_stats=False, enable_logging_iteration_details=False), seed=0, served_model_name=Qwen/Qwen2.5-1.5B-Instruct, enable_prefix_caching=True, enable_chunked_prefill=True, pooler_config=None, compilation_config={'mode': <CompilationMode.NONE: 0>, 'debug_dump_path': None, 'cache_dir': '', 'compile_cache_save_format': 'binary', 'backend': 'inductor', 'custom_ops': ['all'], 'splitting_ops': [], 'compile_mm_encoder': False, 'cudagraph_mm_encoder': False, 'encoder_cudagraph_token_budgets': [], 'encoder_cudagraph_max_images_per_batch': 0, 'compile_sizes': [], 'compile_ranges_endpoints': [8192], 'inductor_compile_config': {'enable_auto_functionalized_v2': False, 'size_asserts': False, 'alignment_asserts': False, 'scalar_asserts': False, 'combo_kernels': True, 'benchmark_combo_kernel': True}, 'inductor_passes': {}, 'cudagraph_mode': <CUDAGraphMode.NONE: 0>, 'cudagraph_num_of_warmups': 0, 'cudagraph_capture_sizes': [], 'cudagraph_copy_inputs': False, 'cudagraph_specialize_lora': True, 'use_inductor_graph_partition': False, 'pass_config': {'fuse_norm_quant': True, 'fuse_act_quant': True, 'fuse_attn_quant': False, 'enable_sp': False, 'fuse_gemm_comms': False, 'fuse_allreduce_rms': False}, 'max_cudagraph_capture_size': 0, 'dynamic_shapes_config': {'type': <DynamicShapesType.BACKED: 'backed'>, 'evaluate_guards': False, 'assume_32_bit_indexing': False}, 'local_cache_dir': None, 'fast_moe_cold_start': True, 'static_all_moe_layers': []}
(EngineCore pid=2523108) INFO 06-11 10:31:01 [parallel_state.py:1400] world_size=1 rank=0 local_rank=0 distributed_init_method=tcp://172.22.224.216:53233 backend=nccl
(EngineCore pid=2523108) INFO 06-11 10:31:01 [parallel_state.py:1716] rank 0 in world size 1 is assigned as DP rank 0, PP rank 0, PCP rank 0, TP rank 0, EP rank N/A, EPLB rank N/A
(EngineCore pid=2523108) INFO 06-11 10:31:02 [gpu_model_runner.py:4735] Starting to load model Qwen/Qwen2.5-1.5B-Instruct...
(EngineCore pid=2523108) INFO 06-11 10:31:02 [cuda.py:334] Using FLASH_ATTN attention backend out of potential backends: ['FLASH_ATTN', 'FLASHINFER', 'TRITON_ATTN', 'FLEX_ATTENTION'].
(EngineCore pid=2523108) INFO 06-11 10:31:02 [flash_attn.py:596] Using FlashAttention version 2
(EngineCore pid=2523108) INFO 06-11 10:31:03 [weight_utils.py:625] No model.safetensors.index.json found in remote.
(EngineCore pid=2523108) Loading safetensors checkpoint shards:   0% Completed | 0/1 [00:00<?, ?it/s]
(EngineCore pid=2523108) Loading safetensors checkpoint shards: 100% Completed | 1/1 [00:00<00:00,  1.09it/s]
(EngineCore pid=2523108) Loading safetensors checkpoint shards: 100% Completed | 1/1 [00:00<00:00,  1.09it/s]
(EngineCore pid=2523108) 
(EngineCore pid=2523108) INFO 06-11 10:31:04 [default_loader.py:384] Loading weights took 1.00 seconds
(EngineCore pid=2523108) INFO 06-11 10:31:05 [gpu_model_runner.py:4820] Model loading took 2.89 GiB memory and 1.630324 seconds
(EngineCore pid=2523108) INFO 06-11 10:31:07 [gpu_worker.py:436] Available KV cache memory: 8.24 GiB
(EngineCore pid=2523108) INFO 06-11 10:31:07 [kv_cache_utils.py:1319] GPU KV cache size: 308,688 tokens
(EngineCore pid=2523108) INFO 06-11 10:31:07 [kv_cache_utils.py:1324] Maximum concurrency for 16,384 tokens per request: 18.84x
(EngineCore pid=2523108) INFO 06-11 10:31:08 [core.py:283] init engine (profile, create kv cache, warmup model) took 2.93 seconds
(EngineCore pid=2523108) INFO 06-11 10:31:09 [vllm.py:790] Asynchronous scheduling is enabled.
(EngineCore pid=2523108) WARNING 06-11 10:31:09 [vllm.py:848] Enforce eager set, disabling torch.compile and CUDAGraphs. This is equivalent to setting -cc.mode=none -cc.cudagraph_mode=none
(EngineCore pid=2523108) WARNING 06-11 10:31:09 [vllm.py:859] Inductor compilation was disabled by user settings, optimizations settings that are only active during inductor compilation will be ignored.
(EngineCore pid=2523108) INFO 06-11 10:31:09 [vllm.py:1025] Cudagraph is disabled under eager mode
(EngineCore pid=2523108) INFO 06-11 10:31:09 [compilation.py:290] Enabled custom fusions: norm_quant, act_quant
  [EVAL] Processing example 1/50...
  [EVAL]   Running CSD strategy (max_steps=400)...
[STEP_BREAKDOWN] wall=1.01s  lm_callbacks=1.89s  parser_callbacks=0.07s  dafny_internal=0.00s  (0.0% in dafny/uninstrumented)
[TIMING] end_of_example (cumulative) total=1.89s
  GenerateLogits.total              0.88s  ( 46.8%)  calls=1     avg= 882.28ms
  GenerateLogits.engine_generate    0.83s  ( 44.2%)  calls=1     avg= 833.44ms
  MaskValidNextAndEos               0.12s  (  6.2%)  calls=1     avg= 117.37ms
  GenerateLogits.finalize_from_dict    0.05s  (  2.6%)  calls=1     avg=  48.72ms
  ChooseNextToken                   0.01s  (  0.3%)  calls=1     avg=   5.29ms
  GenerateLogits.sampling_params_construct    0.00s  (  0.0%)  calls=1     avg=   0.04ms
  GenerateLogits.prefix_text        0.00s  (  0.0%)  calls=1     avg=   0.01ms
  GenerateLogits.extract_logprobs    0.00s  (  0.0%)  calls=1     avg=   0.00ms
[PARSER_TIMING] end_of_example (cumulative) total=0.07s
  accept_mask.total                     0.02s  ( 33.2%)  calls=1     avg=  23.43ms
  accept_mask.dfa_lookup                0.02s  ( 33.0%)  calls=1     avg=  23.23ms
  accept_mask.lookup_next_tokens        0.02s  ( 32.8%)  calls=1     avg=  23.12ms
  IsCompletePrefix.dafny                0.00s  (  0.6%)  calls=2     avg=   0.23ms
  accept_mask.inc_parser_accepts        0.00s  (  0.3%)  calls=1     avg=   0.18ms
  accept_mask.compute_dfa_states        0.00s  (  0.0%)  calls=1     avg=   0.03ms
  accept_mask.to_cpu                    0.00s  (  0.0%)  calls=1     avg=   0.03ms
[PARSER_TIMING] end_of_example (cumulative) total=0.07s
  accept_mask.total                     0.02s  ( 33.2%)  calls=1     avg=  23.43ms
  accept_mask.dfa_lookup                0.02s  ( 33.0%)  calls=1     avg=  23.23ms
  accept_mask.lookup_next_tokens        0.02s  ( 32.8%)  calls=1     avg=  23.12ms
  IsCompletePrefix.dafny                0.00s  (  0.6%)  calls=2     avg=   0.23ms
  accept_mask.inc_parser_accepts        0.00s  (  0.3%)  calls=1     avg=   0.18ms
  accept_mask.compute_dfa_states        0.00s  (  0.0%)  calls=1     avg=   0.03ms
  accept_mask.to_cpu                    0.00s  (  0.0%)  calls=1     avg=   0.03ms
  [EVAL]   Generated 3 tokens in 2.09s
  [EVAL] Processing example 2/50...
  [EVAL]   Running CSD strategy (max_steps=400)...
[STEP_BREAKDOWN] wall=0.03s  lm_callbacks=1.95s  parser_callbacks=0.07s  dafny_internal=0.00s  (0.0% in dafny/uninstrumented)
[TIMING] end_of_example (cumulative) total=1.95s
  GenerateLogits.total              0.91s  ( 46.8%)  calls=2     avg= 455.72ms
  GenerateLogits.engine_generate    0.86s  ( 44.2%)  calls=2     avg= 430.40ms
  MaskValidNextAndEos               0.12s  (  6.1%)  calls=2     avg=  59.36ms
  GenerateLogits.finalize_from_dict    0.05s  (  2.6%)  calls=2     avg=  25.22ms
  ChooseNextToken                   0.01s  (  0.3%)  calls=2     avg=   2.70ms
  GenerateLogits.sampling_params_construct    0.00s  (  0.0%)  calls=2     avg=   0.03ms
  GenerateLogits.prefix_text        0.00s  (  0.0%)  calls=2     avg=   0.01ms
  GenerateLogits.extract_logprobs    0.00s  (  0.0%)  calls=2     avg=   0.00ms
[PARSER_TIMING] end_of_example (cumulative) total=0.07s
  accept_mask.total                     0.02s  ( 33.3%)  calls=2     avg=  12.10ms
  accept_mask.dfa_lookup                0.02s  ( 32.7%)  calls=2     avg=  11.88ms
  accept_mask.lookup_next_tokens        0.02s  ( 32.5%)  calls=2     avg=  11.79ms
  IsCompletePrefix.dafny                0.00s  (  0.9%)  calls=4     avg=   0.16ms
  accept_mask.inc_parser_accepts        0.00s  (  0.6%)  calls=2     avg=   0.21ms
  accept_mask.compute_dfa_states        0.00s  (  0.1%)  calls=2     avg=   0.03ms
  accept_mask.to_cpu                    0.00s  (  0.1%)  calls=2     avg=   0.02ms
[PARSER_TIMING] end_of_example (cumulative) total=0.07s
  accept_mask.total                     0.02s  ( 33.3%)  calls=2     avg=  12.10ms
  accept_mask.dfa_lookup                0.02s  ( 32.7%)  calls=2     avg=  11.88ms
  accept_mask.lookup_next_tokens        0.02s  ( 32.5%)  calls=2     avg=  11.79ms
  IsCompletePrefix.dafny                0.00s  (  0.9%)  calls=4     avg=   0.16ms
  accept_mask.inc_parser_accepts        0.00s  (  0.6%)  calls=2     avg=   0.21ms
  accept_mask.compute_dfa_states        0.00s  (  0.1%)  calls=2     avg=   0.03ms
  accept_mask.to_cpu                    0.00s  (  0.1%)  calls=2     avg=   0.02ms
  [EVAL]   Generated 3 tokens in 0.57s
  [EVAL] Processing example 3/50...
  [EVAL]   Running CSD strategy (max_steps=400)...
[STEP_BREAKDOWN] wall=0.04s  lm_callbacks=2.02s  parser_callbacks=0.07s  dafny_internal=0.00s  (0.0% in dafny/uninstrumented)
[TIMING] end_of_example (cumulative) total=2.02s
  GenerateLogits.total              0.95s  ( 46.9%)  calls=3     avg= 316.25ms
  GenerateLogits.engine_generate    0.90s  ( 44.3%)  calls=3     avg= 298.91ms
  MaskValidNextAndEos               0.12s  (  5.9%)  calls=3     avg=  40.04ms
  GenerateLogits.finalize_from_dict    0.05s  (  2.6%)  calls=3     avg=  17.24ms
  ChooseNextToken                   0.01s  (  0.3%)  calls=3     avg=   1.83ms
  GenerateLogits.sampling_params_construct    0.00s  (  0.0%)  calls=3     avg=   0.03ms
  GenerateLogits.prefix_text        0.00s  (  0.0%)  calls=3     avg=   0.01ms
  GenerateLogits.extract_logprobs    0.00s  (  0.0%)  calls=3     avg=   0.00ms
[PARSER_TIMING] end_of_example (cumulative) total=0.07s
  accept_mask.total                     0.02s  ( 33.4%)  calls=3     avg=   8.33ms
  accept_mask.dfa_lookup                0.02s  ( 32.4%)  calls=3     avg=   8.08ms
  accept_mask.lookup_next_tokens        0.02s  ( 32.1%)  calls=3     avg=   8.01ms
  IsCompletePrefix.dafny                0.00s  (  1.0%)  calls=6     avg=   0.13ms
  accept_mask.inc_parser_accepts        0.00s  (  0.9%)  calls=3     avg=   0.23ms
  accept_mask.compute_dfa_states        0.00s  (  0.1%)  calls=3     avg=   0.03ms
  accept_mask.to_cpu                    0.00s  (  0.1%)  calls=3     avg=   0.02ms
[PARSER_TIMING] end_of_example (cumulative) total=0.07s
  accept_mask.total                     0.02s  ( 33.4%)  calls=3     avg=   8.33ms
  accept_mask.dfa_lookup                0.02s  ( 32.4%)  calls=3     avg=   8.08ms
  accept_mask.lookup_next_tokens        0.02s  ( 32.1%)  calls=3     avg=   8.01ms
  IsCompletePrefix.dafny                0.00s  (  1.0%)  calls=6     avg=   0.13ms
  accept_mask.inc_parser_accepts        0.00s  (  0.9%)  calls=3     avg=   0.23ms
  accept_mask.compute_dfa_states        0.00s  (  0.1%)  calls=3     avg=   0.03ms
  accept_mask.to_cpu                    0.00s  (  0.1%)  calls=3     avg=   0.02ms
  [EVAL]   Generated 3 tokens in 0.58s
  [EVAL] Processing example 4/50...
  [EVAL]   Running CSD strategy (max_steps=400)...
[STEP_BREAKDOWN] wall=0.04s  lm_callbacks=2.10s  parser_callbacks=0.08s  dafny_internal=0.00s  (0.0% in dafny/uninstrumented)
[TIMING] end_of_example (cumulative) total=2.10s
  GenerateLogits.total              0.99s  ( 47.0%)  calls=4     avg= 246.35ms
  GenerateLogits.engine_generate    0.93s  ( 44.4%)  calls=4     avg= 233.06ms
  MaskValidNextAndEos               0.12s  (  5.8%)  calls=4     avg=  30.36ms
  GenerateLogits.finalize_from_dict    0.05s  (  2.5%)  calls=4     avg=  13.20ms
  ChooseNextToken                   0.01s  (  0.3%)  calls=4     avg=   1.40ms
  GenerateLogits.sampling_params_construct    0.00s  (  0.0%)  calls=4     avg=   0.04ms
  GenerateLogits.prefix_text        0.00s  (  0.0%)  calls=4     avg=   0.01ms
  GenerateLogits.extract_logprobs    0.00s  (  0.0%)  calls=4     avg=   0.00ms
[PARSER_TIMING] end_of_example (cumulative) total=0.08s
  accept_mask.total                     0.03s  ( 33.4%)  calls=4     avg=   6.44ms
  accept_mask.dfa_lookup                0.02s  ( 32.1%)  calls=4     avg=   6.18ms
  accept_mask.lookup_next_tokens        0.02s  ( 31.7%)  calls=4     avg=   6.10ms
  IsCompletePrefix.dafny                0.00s  (  1.3%)  calls=8     avg=   0.12ms
  accept_mask.inc_parser_accepts        0.00s  (  1.3%)  calls=4     avg=   0.25ms
  accept_mask.compute_dfa_states        0.00s  (  0.2%)  calls=4     avg=   0.03ms
  accept_mask.to_cpu                    0.00s  (  0.1%)  calls=4     avg=   0.02ms
[PARSER_TIMING] end_of_example (cumulative) total=0.08s
  accept_mask.total                     0.03s  ( 33.4%)  calls=4     avg=   6.44ms
  accept_mask.dfa_lookup                0.02s  ( 32.1%)  calls=4     avg=   6.18ms
  accept_mask.lookup_next_tokens        0.02s  ( 31.7%)  calls=4     avg=   6.10ms
  IsCompletePrefix.dafny                0.00s  (  1.3%)  calls=8     avg=   0.12ms
  accept_mask.inc_parser_accepts        0.00s  (  1.3%)  calls=4     avg=   0.25ms
  accept_mask.compute_dfa_states        0.00s  (  0.2%)  calls=4     avg=   0.03ms
  accept_mask.to_cpu                    0.00s  (  0.1%)  calls=4     avg=   0.02ms
  [EVAL]   Generated 3 tokens in 1.12s
  [EVAL] Processing example 5/50...
  [EVAL]   Running CSD strategy (max_steps=400)...
[STEP_BREAKDOWN] wall=0.04s  lm_callbacks=2.17s  parser_callbacks=0.08s  dafny_internal=0.00s  (0.0% in dafny/uninstrumented)
[TIMING] end_of_example (cumulative) total=2.17s
  GenerateLogits.total              1.02s  ( 47.0%)  calls=5     avg= 204.53ms
  GenerateLogits.engine_generate    0.97s  ( 44.5%)  calls=5     avg= 193.60ms
  MaskValidNextAndEos               0.12s  (  5.7%)  calls=5     avg=  24.58ms
  GenerateLogits.finalize_from_dict    0.05s  (  2.5%)  calls=5     avg=  10.83ms
  ChooseNextToken                   0.01s  (  0.3%)  calls=5     avg=   1.14ms
  GenerateLogits.sampling_params_construct    0.00s  (  0.0%)  calls=5     avg=   0.04ms
  GenerateLogits.prefix_text        0.00s  (  0.0%)  calls=5     avg=   0.01ms
  GenerateLogits.extract_logprobs    0.00s  (  0.0%)  calls=5     avg=   0.00ms
[PARSER_TIMING] end_of_example (cumulative) total=0.08s
  accept_mask.total                     0.03s  ( 33.4%)  calls=5     avg=   5.32ms
  accept_mask.dfa_lookup                0.03s  ( 31.7%)  calls=5     avg=   5.05ms
  accept_mask.lookup_next_tokens        0.02s  ( 31.2%)  calls=5     avg=   4.97ms
  IsCompletePrefix.dafny                0.00s  (  1.7%)  calls=10    avg=   0.13ms
  accept_mask.inc_parser_accepts        0.00s  (  1.6%)  calls=5     avg=   0.26ms
  accept_mask.compute_dfa_states        0.00s  (  0.2%)  calls=5     avg=   0.03ms
  accept_mask.to_cpu                    0.00s  (  0.1%)  calls=5     avg=   0.02ms
[PARSER_TIMING] end_of_example (cumulative) total=0.08s
  accept_mask.total                     0.03s  ( 33.4%)  calls=5     avg=   5.32ms
  accept_mask.dfa_lookup                0.03s  ( 31.7%)  calls=5     avg=   5.05ms
  accept_mask.lookup_next_tokens        0.02s  ( 31.2%)  calls=5     avg=   4.97ms
  IsCompletePrefix.dafny                0.00s  (  1.7%)  calls=10    avg=   0.13ms
  accept_mask.inc_parser_accepts        0.00s  (  1.6%)  calls=5     avg=   0.26ms
  accept_mask.compute_dfa_states        0.00s  (  0.2%)  calls=5     avg=   0.03ms
  accept_mask.to_cpu                    0.00s  (  0.1%)  calls=5     avg=   0.02ms
  [EVAL]   Generated 3 tokens in 0.61s
  [EVAL] Processing example 6/50...
  [EVAL]   Running CSD strategy (max_steps=400)...
[STEP_BREAKDOWN] wall=0.04s  lm_callbacks=2.25s  parser_callbacks=0.08s  dafny_internal=0.00s  (0.0% in dafny/uninstrumented)
[TIMING] end_of_example (cumulative) total=2.25s
  GenerateLogits.total              1.06s  ( 47.1%)  calls=6     avg= 176.32ms
  GenerateLogits.engine_generate    1.00s  ( 44.6%)  calls=6     avg= 167.00ms
  MaskValidNextAndEos               0.12s  (  5.5%)  calls=6     avg=  20.66ms
  GenerateLogits.finalize_from_dict    0.06s  (  2.5%)  calls=6     avg=   9.23ms
  ChooseNextToken                   0.01s  (  0.3%)  calls=6     avg=   0.96ms
  GenerateLogits.sampling_params_construct    0.00s  (  0.0%)  calls=6     avg=   0.04ms
  GenerateLogits.prefix_text        0.00s  (  0.0%)  calls=6     avg=   0.01ms
  GenerateLogits.extract_logprobs    0.00s  (  0.0%)  calls=6     avg=   0.00ms
[PARSER_TIMING] end_of_example (cumulative) total=0.08s
  accept_mask.total                     0.03s  ( 33.5%)  calls=6     avg=   4.54ms
  accept_mask.dfa_lookup                0.03s  ( 31.6%)  calls=6     avg=   4.28ms
  accept_mask.lookup_next_tokens        0.03s  ( 31.0%)  calls=6     avg=   4.21ms
  accept_mask.inc_parser_accepts        0.00s  (  1.8%)  calls=6     avg=   0.25ms
  IsCompletePrefix.dafny                0.00s  (  1.8%)  calls=12    avg=   0.12ms
  accept_mask.compute_dfa_states        0.00s  (  0.2%)  calls=6     avg=   0.03ms
  accept_mask.to_cpu                    0.00s  (  0.1%)  calls=6     avg=   0.02ms
[PARSER_TIMING] end_of_example (cumulative) total=0.08s
  accept_mask.total                     0.03s  ( 33.5%)  calls=6     avg=   4.54ms
  accept_mask.dfa_lookup                0.03s  ( 31.6%)  calls=6     avg=   4.28ms
  accept_mask.lookup_next_tokens        0.03s  ( 31.0%)  calls=6     avg=   4.21ms
  accept_mask.inc_parser_accepts        0.00s  (  1.8%)  calls=6     avg=   0.25ms
  IsCompletePrefix.dafny                0.00s  (  1.8%)  calls=12    avg=   0.12ms
  accept_mask.compute_dfa_states        0.00s  (  0.2%)  calls=6     avg=   0.03ms
  accept_mask.to_cpu                    0.00s  (  0.1%)  calls=6     avg=   0.02ms
  [EVAL]   Generated 3 tokens in 0.57s
  [EVAL] Processing example 7/50...
  [EVAL]   Running CSD strategy (max_steps=400)...
[STEP_BREAKDOWN] wall=0.03s  lm_callbacks=2.30s  parser_callbacks=0.08s  dafny_internal=0.00s  (0.0% in dafny/uninstrumented)
[TIMING] end_of_example (cumulative) total=2.30s
  GenerateLogits.total              1.09s  ( 47.2%)  calls=7     avg= 155.07ms
  GenerateLogits.engine_generate    1.03s  ( 44.7%)  calls=7     avg= 146.91ms
  MaskValidNextAndEos               0.13s  (  5.4%)  calls=7     avg=  17.88ms
  GenerateLogits.finalize_from_dict    0.06s  (  2.5%)  calls=7     avg=   8.08ms
  ChooseNextToken                   0.01s  (  0.3%)  calls=7     avg=   0.84ms
  GenerateLogits.sampling_params_construct    0.00s  (  0.0%)  calls=7     avg=   0.04ms
  GenerateLogits.prefix_text        0.00s  (  0.0%)  calls=7     avg=   0.01ms
  GenerateLogits.extract_logprobs    0.00s  (  0.0%)  calls=7     avg=   0.00ms
[PARSER_TIMING] end_of_example (cumulative) total=0.08s
  accept_mask.total                     0.03s  ( 33.5%)  calls=7     avg=   3.99ms
  accept_mask.dfa_lookup                0.03s  ( 31.4%)  calls=7     avg=   3.74ms
  accept_mask.lookup_next_tokens        0.03s  ( 30.8%)  calls=7     avg=   3.67ms
  accept_mask.inc_parser_accepts        0.00s  (  2.0%)  calls=7     avg=   0.24ms
  IsCompletePrefix.dafny                0.00s  (  1.9%)  calls=14    avg=   0.11ms
  accept_mask.compute_dfa_states        0.00s  (  0.2%)  calls=7     avg=   0.03ms
  accept_mask.to_cpu                    0.00s  (  0.1%)  calls=7     avg=   0.02ms
[PARSER_TIMING] end_of_example (cumulative) total=0.08s
  accept_mask.total                     0.03s  ( 33.5%)  calls=7     avg=   3.99ms
  accept_mask.dfa_lookup                0.03s  ( 31.4%)  calls=7     avg=   3.74ms
  accept_mask.lookup_next_tokens        0.03s  ( 30.8%)  calls=7     avg=   3.67ms
  accept_mask.inc_parser_accepts        0.00s  (  2.0%)  calls=7     avg=   0.24ms
  IsCompletePrefix.dafny                0.00s  (  1.9%)  calls=14    avg=   0.11ms
  accept_mask.compute_dfa_states        0.00s  (  0.2%)  calls=7     avg=   0.03ms
  accept_mask.to_cpu                    0.00s  (  0.1%)  calls=7     avg=   0.02ms
  [EVAL]   Generated 3 tokens in 1.17s
  [EVAL] Processing example 8/50...
  [EVAL]   Running CSD strategy (max_steps=400)...
[STEP_BREAKDOWN] wall=0.04s  lm_callbacks=2.37s  parser_callbacks=0.09s  dafny_internal=0.00s  (0.0% in dafny/uninstrumented)
[TIMING] end_of_example (cumulative) total=2.37s
  GenerateLogits.total              1.12s  ( 47.2%)  calls=8     avg= 140.15ms
  GenerateLogits.engine_generate    1.06s  ( 44.8%)  calls=8     avg= 132.83ms
  MaskValidNextAndEos               0.13s  (  5.3%)  calls=8     avg=  15.80ms
  GenerateLogits.finalize_from_dict    0.06s  (  2.4%)  calls=8     avg=   7.23ms
  ChooseNextToken                   0.01s  (  0.3%)  calls=8     avg=   0.74ms
  GenerateLogits.sampling_params_construct    0.00s  (  0.0%)  calls=8     avg=   0.04ms
  GenerateLogits.prefix_text        0.00s  (  0.0%)  calls=8     avg=   0.01ms
  GenerateLogits.extract_logprobs    0.00s  (  0.0%)  calls=8     avg=   0.00ms
[PARSER_TIMING] end_of_example (cumulative) total=0.09s
  accept_mask.total                     0.03s  ( 33.6%)  calls=8     avg=   3.58ms
  accept_mask.dfa_lookup                0.03s  ( 31.2%)  calls=8     avg=   3.33ms
  accept_mask.lookup_next_tokens        0.03s  ( 30.6%)  calls=8     avg=   3.26ms
  accept_mask.inc_parser_accepts        0.00s  (  2.2%)  calls=8     avg=   0.24ms
  IsCompletePrefix.dafny                0.00s  (  2.0%)  calls=16    avg=   0.11ms
  accept_mask.compute_dfa_states        0.00s  (  0.3%)  calls=8     avg=   0.03ms
  accept_mask.to_cpu                    0.00s  (  0.1%)  calls=8     avg=   0.02ms
[PARSER_TIMING] end_of_example (cumulative) total=0.09s
  accept_mask.total                     0.03s  ( 33.6%)  calls=8     avg=   3.58ms
  accept_mask.dfa_lookup                0.03s  ( 31.2%)  calls=8     avg=   3.33ms
  accept_mask.lookup_next_tokens        0.03s  ( 30.6%)  calls=8     avg=   3.26ms
  accept_mask.inc_parser_accepts        0.00s  (  2.2%)  calls=8     avg=   0.24ms
  IsCompletePrefix.dafny                0.00s  (  2.0%)  calls=16    avg=   0.11ms
  accept_mask.compute_dfa_states        0.00s  (  0.3%)  calls=8     avg=   0.03ms
  accept_mask.to_cpu                    0.00s  (  0.1%)  calls=8     avg=   0.02ms
  [EVAL]   Generated 3 tokens in 0.56s
  [EVAL] Processing example 9/50...
  [EVAL]   Running CSD strategy (max_steps=400)...
[STEP_BREAKDOWN] wall=0.04s  lm_callbacks=2.45s  parser_callbacks=0.09s  dafny_internal=0.00s  (0.0% in dafny/uninstrumented)
[TIMING] end_of_example (cumulative) total=2.45s
  GenerateLogits.total              1.16s  ( 47.3%)  calls=9     avg= 128.59ms
  GenerateLogits.engine_generate    1.10s  ( 44.8%)  calls=9     avg= 121.95ms
  MaskValidNextAndEos               0.13s  (  5.2%)  calls=9     avg=  14.20ms
  GenerateLogits.finalize_from_dict    0.06s  (  2.4%)  calls=9     avg=   6.56ms
  ChooseNextToken                   0.01s  (  0.2%)  calls=9     avg=   0.67ms
  GenerateLogits.sampling_params_construct    0.00s  (  0.0%)  calls=9     avg=   0.04ms
  GenerateLogits.prefix_text        0.00s  (  0.0%)  calls=9     avg=   0.01ms
  GenerateLogits.extract_logprobs    0.00s  (  0.0%)  calls=9     avg=   0.00ms
[PARSER_TIMING] end_of_example (cumulative) total=0.09s
  accept_mask.total                     0.03s  ( 33.6%)  calls=9     avg=   3.27ms
  accept_mask.dfa_lookup                0.03s  ( 31.0%)  calls=9     avg=   3.02ms
  accept_mask.lookup_next_tokens        0.03s  ( 30.3%)  calls=9     avg=   2.95ms
  accept_mask.inc_parser_accepts        0.00s  (  2.4%)  calls=9     avg=   0.24ms
  IsCompletePrefix.dafny                0.00s  (  2.1%)  calls=18    avg=   0.10ms
  accept_mask.compute_dfa_states        0.00s  (  0.3%)  calls=9     avg=   0.03ms
  accept_mask.to_cpu                    0.00s  (  0.2%)  calls=9     avg=   0.02ms
[PARSER_TIMING] end_of_example (cumulative) total=0.09s
  accept_mask.total                     0.03s  ( 33.6%)  calls=9     avg=   3.27ms
  accept_mask.dfa_lookup                0.03s  ( 31.0%)  calls=9     avg=   3.02ms
  accept_mask.lookup_next_tokens        0.03s  ( 30.3%)  calls=9     avg=   2.95ms
  accept_mask.inc_parser_accepts        0.00s  (  2.4%)  calls=9     avg=   0.24ms
  IsCompletePrefix.dafny                0.00s  (  2.1%)  calls=18    avg=   0.10ms
  accept_mask.compute_dfa_states        0.00s  (  0.3%)  calls=9     avg=   0.03ms
  accept_mask.to_cpu                    0.00s  (  0.2%)  calls=9     avg=   0.02ms
  [EVAL]   Generated 3 tokens in 0.57s
  [EVAL] Processing example 10/50...
  [EVAL]   Running CSD strategy (max_steps=400)...
    [PROGRESS] GenerateLogits call #10, prefix length: 1, cache_hits=0
[TIMING] after 10 GenerateLogits calls total=2.48s
  GenerateLogits.total              1.16s  ( 46.6%)  calls=9     avg= 128.59ms
  GenerateLogits.engine_generate    1.13s  ( 45.5%)  calls=10    avg= 113.03ms
  MaskValidNextAndEos               0.13s  (  5.1%)  calls=9     avg=  14.20ms
  GenerateLogits.finalize_from_dict    0.06s  (  2.4%)  calls=10    avg=   6.03ms
  ChooseNextToken                   0.01s  (  0.2%)  calls=9     avg=   0.67ms
  GenerateLogits.sampling_params_construct    0.00s  (  0.0%)  calls=10    avg=   0.04ms
  GenerateLogits.prefix_text        0.00s  (  0.0%)  calls=10    avg=   0.01ms
  GenerateLogits.extract_logprobs    0.00s  (  0.0%)  calls=10    avg=   0.00ms
[PARSER_TIMING] after 10 GenerateLogits calls total=0.09s
  accept_mask.total                     0.03s  ( 33.6%)  calls=9     avg=   3.27ms
  accept_mask.dfa_lookup                0.03s  ( 31.0%)  calls=9     avg=   3.02ms
  accept_mask.lookup_next_tokens        0.03s  ( 30.3%)  calls=9     avg=   2.95ms
  accept_mask.inc_parser_accepts        0.00s  (  2.4%)  calls=9     avg=   0.24ms
  IsCompletePrefix.dafny                0.00s  (  2.1%)  calls=19    avg=   0.10ms
  accept_mask.compute_dfa_states        0.00s  (  0.3%)  calls=9     avg=   0.03ms
  accept_mask.to_cpu                    0.00s  (  0.2%)  calls=9     avg=   0.02ms
[STEP_BREAKDOWN] wall=0.04s  lm_callbacks=2.52s  parser_callbacks=0.09s  dafny_internal=0.00s  (0.0% in dafny/uninstrumented)
[TIMING] end_of_example (cumulative) total=2.52s
  GenerateLogits.total              1.19s  ( 47.3%)  calls=10    avg= 119.16ms
  GenerateLogits.engine_generate    1.13s  ( 44.9%)  calls=10    avg= 113.03ms
  MaskValidNextAndEos               0.13s  (  5.1%)  calls=10    avg=  12.90ms
  GenerateLogits.finalize_from_dict    0.06s  (  2.4%)  calls=10    avg=   6.03ms
  ChooseNextToken                   0.01s  (  0.2%)  calls=10    avg=   0.62ms
  GenerateLogits.sampling_params_construct    0.00s  (  0.0%)  calls=10    avg=   0.04ms
  GenerateLogits.prefix_text        0.00s  (  0.0%)  calls=10    avg=   0.01ms
  GenerateLogits.extract_logprobs    0.00s  (  0.0%)  calls=10    avg=   0.00ms
[PARSER_TIMING] end_of_example (cumulative) total=0.09s
  accept_mask.total                     0.03s  ( 33.7%)  calls=10    avg=   3.02ms
  accept_mask.dfa_lookup                0.03s  ( 30.9%)  calls=10    avg=   2.77ms
  accept_mask.lookup_next_tokens        0.03s  ( 30.2%)  calls=10    avg=   2.71ms
  accept_mask.inc_parser_accepts        0.00s  (  2.6%)  calls=10    avg=   0.23ms
  IsCompletePrefix.dafny                0.00s  (  2.2%)  calls=20    avg=   0.10ms
  accept_mask.compute_dfa_states        0.00s  (  0.3%)  calls=10    avg=   0.03ms
  accept_mask.to_cpu                    0.00s  (  0.2%)  calls=10    avg=   0.01ms
[PARSER_TIMING] end_of_example (cumulative) total=0.09s
  accept_mask.total                     0.03s  ( 33.7%)  calls=10    avg=   3.02ms
  accept_mask.dfa_lookup                0.03s  ( 30.9%)  calls=10    avg=   2.77ms
  accept_mask.lookup_next_tokens        0.03s  ( 30.2%)  calls=10    avg=   2.71ms
  accept_mask.inc_parser_accepts        0.00s  (  2.6%)  calls=10    avg=   0.23ms
  IsCompletePrefix.dafny                0.00s  (  2.2%)  calls=20    avg=   0.10ms
  accept_mask.compute_dfa_states        0.00s  (  0.3%)  calls=10    avg=   0.03ms
  accept_mask.to_cpu                    0.00s  (  0.2%)  calls=10    avg=   0.01ms
  [EVAL]   Generated 3 tokens in 1.09s
  [EVAL] Processing example 11/50...
  [EVAL]   Running CSD strategy (max_steps=400)...
[STEP_BREAKDOWN] wall=0.04s  lm_callbacks=2.59s  parser_callbacks=0.09s  dafny_internal=0.00s  (0.0% in dafny/uninstrumented)
[TIMING] end_of_example (cumulative) total=2.59s
  GenerateLogits.total              1.23s  ( 47.4%)  calls=11    avg= 111.60ms
  GenerateLogits.engine_generate    1.16s  ( 45.0%)  calls=11    avg= 105.89ms
  MaskValidNextAndEos               0.13s  (  5.0%)  calls=11    avg=  11.85ms
  GenerateLogits.finalize_from_dict    0.06s  (  2.4%)  calls=11    avg=   5.61ms
  ChooseNextToken                   0.01s  (  0.2%)  calls=11    avg=   0.57ms
  GenerateLogits.sampling_params_construct    0.00s  (  0.0%)  calls=11    avg=   0.03ms
  GenerateLogits.prefix_text        0.00s  (  0.0%)  calls=11    avg=   0.01ms
  GenerateLogits.extract_logprobs    0.00s  (  0.0%)  calls=11    avg=   0.00ms
[PARSER_TIMING] end_of_example (cumulative) total=0.09s
  accept_mask.total                     0.03s  ( 33.7%)  calls=11    avg=   2.82ms
  accept_mask.dfa_lookup                0.03s  ( 30.7%)  calls=11    avg=   2.57ms
  accept_mask.lookup_next_tokens        0.03s  ( 29.9%)  calls=11    avg=   2.50ms
  accept_mask.inc_parser_accepts        0.00s  (  2.9%)  calls=11    avg=   0.24ms
  IsCompletePrefix.dafny                0.00s  (  2.3%)  calls=22    avg=   0.09ms
  accept_mask.compute_dfa_states        0.00s  (  0.4%)  calls=11    avg=   0.03ms
  accept_mask.to_cpu                    0.00s  (  0.2%)  calls=11    avg=   0.01ms
[PARSER_TIMING] end_of_example (cumulative) total=0.09s
  accept_mask.total                     0.03s  ( 33.7%)  calls=11    avg=   2.82ms
  accept_mask.dfa_lookup                0.03s  ( 30.7%)  calls=11    avg=   2.57ms
  accept_mask.lookup_next_tokens        0.03s  ( 29.9%)  calls=11    avg=   2.50ms
  accept_mask.inc_parser_accepts        0.00s  (  2.9%)  calls=11    avg=   0.24ms
  IsCompletePrefix.dafny                0.00s  (  2.3%)  calls=22    avg=   0.09ms
  accept_mask.compute_dfa_states        0.00s  (  0.4%)  calls=11    avg=   0.03ms
  accept_mask.to_cpu                    0.00s  (  0.2%)  calls=11    avg=   0.01ms
  [EVAL]   Generated 3 tokens in 0.56s
  [EVAL] Processing example 12/50...
  [EVAL]   Running CSD strategy (max_steps=400)...
[STEP_BREAKDOWN] wall=0.04s  lm_callbacks=2.66s  parser_callbacks=0.09s  dafny_internal=0.00s  (0.0% in dafny/uninstrumented)
[TIMING] end_of_example (cumulative) total=2.66s
  GenerateLogits.total              1.26s  ( 47.4%)  calls=12    avg= 105.26ms
  GenerateLogits.engine_generate    1.20s  ( 45.0%)  calls=12    avg=  99.92ms
  MaskValidNextAndEos               0.13s  (  4.9%)  calls=12    avg=  10.96ms
  GenerateLogits.finalize_from_dict    0.06s  (  2.4%)  calls=12    avg=   5.24ms
  ChooseNextToken                   0.01s  (  0.2%)  calls=12    avg=   0.53ms
  GenerateLogits.sampling_params_construct    0.00s  (  0.0%)  calls=12    avg=   0.03ms
  GenerateLogits.prefix_text        0.00s  (  0.0%)  calls=12    avg=   0.01ms
  GenerateLogits.extract_logprobs    0.00s  (  0.0%)  calls=12    avg=   0.00ms
[PARSER_TIMING] end_of_example (cumulative) total=0.09s
  accept_mask.total                     0.03s  ( 33.8%)  calls=12    avg=   2.64ms
  accept_mask.dfa_lookup                0.03s  ( 30.6%)  calls=12    avg=   2.39ms
  accept_mask.lookup_next_tokens        0.03s  ( 29.7%)  calls=12    avg=   2.32ms
  accept_mask.inc_parser_accepts        0.00s  (  3.0%)  calls=12    avg=   0.24ms
  IsCompletePrefix.dafny                0.00s  (  2.4%)  calls=24    avg=   0.09ms
  accept_mask.compute_dfa_states        0.00s  (  0.4%)  calls=12    avg=   0.03ms
  accept_mask.to_cpu                    0.00s  (  0.2%)  calls=12    avg=   0.01ms
[PARSER_TIMING] end_of_example (cumulative) total=0.09s
  accept_mask.total                     0.03s  ( 33.8%)  calls=12    avg=   2.64ms
  accept_mask.dfa_lookup                0.03s  ( 30.6%)  calls=12    avg=   2.39ms
  accept_mask.lookup_next_tokens        0.03s  ( 29.7%)  calls=12    avg=   2.32ms
  accept_mask.inc_parser_accepts        0.00s  (  3.0%)  calls=12    avg=   0.24ms
  IsCompletePrefix.dafny                0.00s  (  2.4%)  calls=24    avg=   0.09ms
  accept_mask.compute_dfa_states        0.00s  (  0.4%)  calls=12    avg=   0.03ms
  accept_mask.to_cpu                    0.00s  (  0.2%)  calls=12    avg=   0.01ms
  [EVAL]   Generated 3 tokens in 0.56s
  [EVAL] Processing example 13/50...
  [EVAL]   Running CSD strategy (max_steps=400)...
[STEP_BREAKDOWN] wall=0.04s  lm_callbacks=2.73s  parser_callbacks=0.10s  dafny_internal=0.00s  (0.0% in dafny/uninstrumented)
[TIMING] end_of_example (cumulative) total=2.73s
  GenerateLogits.total              1.30s  ( 47.5%)  calls=13    avg=  99.69ms
  GenerateLogits.engine_generate    1.23s  ( 45.1%)  calls=13    avg=  94.64ms
  MaskValidNextAndEos               0.13s  (  4.9%)  calls=13    avg=  10.22ms
  GenerateLogits.finalize_from_dict    0.06s  (  2.4%)  calls=13    avg=   4.95ms
  ChooseNextToken                   0.01s  (  0.2%)  calls=13    avg=   0.49ms
  GenerateLogits.sampling_params_construct    0.00s  (  0.0%)  calls=13    avg=   0.03ms
  GenerateLogits.prefix_text        0.00s  (  0.0%)  calls=13    avg=   0.01ms
  GenerateLogits.extract_logprobs    0.00s  (  0.0%)  calls=13    avg=   0.00ms
[PARSER_TIMING] end_of_example (cumulative) total=0.10s
  accept_mask.total                     0.03s  ( 33.8%)  calls=13    avg=   2.49ms
  accept_mask.dfa_lookup                0.03s  ( 30.4%)  calls=13    avg=   2.24ms
  accept_mask.lookup_next_tokens        0.03s  ( 29.5%)  calls=13    avg=   2.17ms
  accept_mask.inc_parser_accepts        0.00s  (  3.3%)  calls=13    avg=   0.24ms
  IsCompletePrefix.dafny                0.00s  (  2.5%)  calls=26    avg=   0.09ms
  accept_mask.compute_dfa_states        0.00s  (  0.4%)  calls=13    avg=   0.03ms
  accept_mask.to_cpu                    0.00s  (  0.2%)  calls=13    avg=   0.01ms
[PARSER_TIMING] end_of_example (cumulative) total=0.10s
  accept_mask.total                     0.03s  ( 33.8%)  calls=13    avg=   2.49ms
  accept_mask.dfa_lookup                0.03s  ( 30.4%)  calls=13    avg=   2.24ms
  accept_mask.lookup_next_tokens        0.03s  ( 29.5%)  calls=13    avg=   2.17ms
  accept_mask.inc_parser_accepts        0.00s  (  3.3%)  calls=13    avg=   0.24ms
  IsCompletePrefix.dafny                0.00s  (  2.5%)  calls=26    avg=   0.09ms
  accept_mask.compute_dfa_states        0.00s  (  0.4%)  calls=13    avg=   0.03ms
  accept_mask.to_cpu                    0.00s  (  0.2%)  calls=13    avg=   0.01ms
  [EVAL]   Generated 3 tokens in 0.56s
  [EVAL] Processing example 14/50...
  [EVAL]   Running CSD strategy (max_steps=400)...
[STEP_BREAKDOWN] wall=0.04s  lm_callbacks=2.81s  parser_callbacks=0.10s  dafny_internal=0.00s  (0.0% in dafny/uninstrumented)
[TIMING] end_of_example (cumulative) total=2.81s
  GenerateLogits.total              1.33s  ( 47.5%)  calls=14    avg=  95.25ms
  GenerateLogits.engine_generate    1.27s  ( 45.1%)  calls=14    avg=  90.44ms
  MaskValidNextAndEos               0.13s  (  4.8%)  calls=14    avg=   9.59ms
  GenerateLogits.finalize_from_dict    0.07s  (  2.3%)  calls=14    avg=   4.71ms
  ChooseNextToken                   0.01s  (  0.2%)  calls=14    avg=   0.47ms
  GenerateLogits.sampling_params_construct    0.00s  (  0.0%)  calls=14    avg=   0.04ms
  GenerateLogits.prefix_text        0.00s  (  0.0%)  calls=14    avg=   0.01ms
  GenerateLogits.extract_logprobs    0.00s  (  0.0%)  calls=14    avg=   0.00ms
[PARSER_TIMING] end_of_example (cumulative) total=0.10s
  accept_mask.total                     0.03s  ( 33.8%)  calls=14    avg=   2.37ms
  accept_mask.dfa_lookup                0.03s  ( 30.2%)  calls=14    avg=   2.11ms
  accept_mask.lookup_next_tokens        0.03s  ( 29.2%)  calls=14    avg=   2.05ms
  accept_mask.inc_parser_accepts        0.00s  (  3.5%)  calls=14    avg=   0.24ms
  IsCompletePrefix.dafny                0.00s  (  2.7%)  calls=28    avg=   0.09ms
  accept_mask.compute_dfa_states        0.00s  (  0.4%)  calls=14    avg=   0.03ms
  accept_mask.to_cpu                    0.00s  (  0.2%)  calls=14    avg=   0.01ms
[PARSER_TIMING] end_of_example (cumulative) total=0.10s
  accept_mask.total                     0.03s  ( 33.8%)  calls=14    avg=   2.37ms
  accept_mask.dfa_lookup                0.03s  ( 30.2%)  calls=14    avg=   2.11ms
  accept_mask.lookup_next_tokens        0.03s  ( 29.2%)  calls=14    avg=   2.05ms
  accept_mask.inc_parser_accepts        0.00s  (  3.5%)  calls=14    avg=   0.24ms
  IsCompletePrefix.dafny                0.00s  (  2.7%)  calls=28    avg=   0.09ms
  accept_mask.compute_dfa_states        0.00s  (  0.4%)  calls=14    avg=   0.03ms
  accept_mask.to_cpu                    0.00s  (  0.2%)  calls=14    avg=   0.01ms
  [EVAL]   Generated 3 tokens in 1.12s
  [EVAL] Processing example 15/50...
  [EVAL]   Running CSD strategy (max_steps=400)...
[STEP_BREAKDOWN] wall=0.04s  lm_callbacks=2.88s  parser_callbacks=0.10s  dafny_internal=0.00s  (0.0% in dafny/uninstrumented)
[TIMING] end_of_example (cumulative) total=2.88s
  GenerateLogits.total              1.37s  ( 47.5%)  calls=15    avg=  91.36ms
  GenerateLogits.engine_generate    1.30s  ( 45.2%)  calls=15    avg=  86.78ms
  MaskValidNextAndEos               0.14s  (  4.7%)  calls=15    avg=   9.03ms
  GenerateLogits.finalize_from_dict    0.07s  (  2.3%)  calls=15    avg=   4.48ms
  ChooseNextToken                   0.01s  (  0.2%)  calls=15    avg=   0.44ms
  GenerateLogits.sampling_params_construct    0.00s  (  0.0%)  calls=15    avg=   0.04ms
  GenerateLogits.prefix_text        0.00s  (  0.0%)  calls=15    avg=   0.01ms
  GenerateLogits.extract_logprobs    0.00s  (  0.0%)  calls=15    avg=   0.00ms
[PARSER_TIMING] end_of_example (cumulative) total=0.10s
  accept_mask.total                     0.03s  ( 33.9%)  calls=15    avg=   2.26ms
  accept_mask.dfa_lookup                0.03s  ( 30.0%)  calls=15    avg=   2.01ms
  accept_mask.lookup_next_tokens        0.03s  ( 29.1%)  calls=15    avg=   1.94ms
  accept_mask.inc_parser_accepts        0.00s  (  3.6%)  calls=15    avg=   0.24ms
  IsCompletePrefix.dafny                0.00s  (  2.8%)  calls=30    avg=   0.09ms
  accept_mask.compute_dfa_states        0.00s  (  0.4%)  calls=15    avg=   0.03ms
  accept_mask.to_cpu                    0.00s  (  0.2%)  calls=15    avg=   0.01ms
[PARSER_TIMING] end_of_example (cumulative) total=0.10s
  accept_mask.total                     0.03s  ( 33.9%)  calls=15    avg=   2.26ms
  accept_mask.dfa_lookup                0.03s  ( 30.0%)  calls=15    avg=   2.01ms
  accept_mask.lookup_next_tokens        0.03s  ( 29.1%)  calls=15    avg=   1.94ms
  accept_mask.inc_parser_accepts        0.00s  (  3.6%)  calls=15    avg=   0.24ms
  IsCompletePrefix.dafny                0.00s  (  2.8%)  calls=30    avg=   0.09ms
  accept_mask.compute_dfa_states        0.00s  (  0.4%)  calls=15    avg=   0.03ms
  accept_mask.to_cpu                    0.00s  (  0.2%)  calls=15    avg=   0.01ms
  [EVAL]   Generated 3 tokens in 0.58s
  [EVAL] Processing example 16/50...
  [EVAL]   Running CSD strategy (max_steps=400)...
[STEP_BREAKDOWN] wall=0.03s  lm_callbacks=2.94s  parser_callbacks=0.10s  dafny_internal=0.00s  (0.0% in dafny/uninstrumented)
[TIMING] end_of_example (cumulative) total=2.94s
  GenerateLogits.total              1.40s  ( 47.6%)  calls=16    avg=  87.53ms
  GenerateLogits.engine_generate    1.33s  ( 45.2%)  calls=16    avg=  83.17ms
  MaskValidNextAndEos               0.14s  (  4.6%)  calls=16    avg=   8.53ms
  GenerateLogits.finalize_from_dict    0.07s  (  2.3%)  calls=16    avg=   4.27ms
  ChooseNextToken                   0.01s  (  0.2%)  calls=16    avg=   0.42ms
  GenerateLogits.sampling_params_construct    0.00s  (  0.0%)  calls=16    avg=   0.04ms
  GenerateLogits.prefix_text        0.00s  (  0.0%)  calls=16    avg=   0.01ms
  GenerateLogits.extract_logprobs    0.00s  (  0.0%)  calls=16    avg=   0.00ms
[PARSER_TIMING] end_of_example (cumulative) total=0.10s
  accept_mask.total                     0.03s  ( 33.9%)  calls=16    avg=   2.16ms
  accept_mask.dfa_lookup                0.03s  ( 29.9%)  calls=16    avg=   1.91ms
  accept_mask.lookup_next_tokens        0.03s  ( 28.9%)  calls=16    avg=   1.84ms
  accept_mask.inc_parser_accepts        0.00s  (  3.8%)  calls=16    avg=   0.24ms
  IsCompletePrefix.dafny                0.00s  (  2.8%)  calls=32    avg=   0.09ms
  accept_mask.compute_dfa_states        0.00s  (  0.5%)  calls=16    avg=   0.03ms
  accept_mask.to_cpu                    0.00s  (  0.2%)  calls=16    avg=   0.01ms
[PARSER_TIMING] end_of_example (cumulative) total=0.10s
  accept_mask.total                     0.03s  ( 33.9%)  calls=16    avg=   2.16ms
  accept_mask.dfa_lookup                0.03s  ( 29.9%)  calls=16    avg=   1.91ms
  accept_mask.lookup_next_tokens        0.03s  ( 28.9%)  calls=16    avg=   1.84ms
  accept_mask.inc_parser_accepts        0.00s  (  3.8%)  calls=16    avg=   0.24ms
  IsCompletePrefix.dafny                0.00s  (  2.8%)  calls=32    avg=   0.09ms
  accept_mask.compute_dfa_states        0.00s  (  0.5%)  calls=16    avg=   0.03ms
  accept_mask.to_cpu                    0.00s  (  0.2%)  calls=16    avg=   0.01ms
  [EVAL]   Generated 3 tokens in 0.58s
  [EVAL] Processing example 17/50...
  [EVAL]   Running CSD strategy (max_steps=400)...
[STEP_BREAKDOWN] wall=0.03s  lm_callbacks=2.99s  parser_callbacks=0.11s  dafny_internal=0.00s  (0.0% in dafny/uninstrumented)
[TIMING] end_of_example (cumulative) total=2.99s
  GenerateLogits.total              1.42s  ( 47.6%)  calls=17    avg=  83.78ms
  GenerateLogits.engine_generate    1.35s  ( 45.2%)  calls=17    avg=  79.60ms
  MaskValidNextAndEos               0.14s  (  4.6%)  calls=17    avg=   8.19ms
  GenerateLogits.finalize_from_dict    0.07s  (  2.3%)  calls=17    avg=   4.08ms
  ChooseNextToken                   0.01s  (  0.2%)  calls=17    avg=   0.40ms
  GenerateLogits.sampling_params_construct    0.00s  (  0.0%)  calls=17    avg=   0.04ms
  GenerateLogits.prefix_text        0.00s  (  0.0%)  calls=17    avg=   0.01ms
  GenerateLogits.extract_logprobs    0.00s  (  0.0%)  calls=17    avg=   0.00ms
[PARSER_TIMING] end_of_example (cumulative) total=0.11s
  accept_mask.total                     0.04s  ( 33.9%)  calls=17    avg=   2.16ms
  accept_mask.dfa_lookup                0.03s  ( 30.0%)  calls=17    avg=   1.91ms
  accept_mask.lookup_next_tokens        0.03s  ( 29.0%)  calls=17    avg=   1.85ms
  accept_mask.inc_parser_accepts        0.00s  (  3.7%)  calls=17    avg=   0.24ms
  IsCompletePrefix.dafny                0.00s  (  2.8%)  calls=34    avg=   0.09ms
  accept_mask.compute_dfa_states        0.00s  (  0.5%)  calls=17    avg=   0.03ms
  accept_mask.to_cpu                    0.00s  (  0.2%)  calls=17    avg=   0.01ms
[PARSER_TIMING] end_of_example (cumulative) total=0.11s
  accept_mask.total                     0.04s  ( 33.9%)  calls=17    avg=   2.16ms
  accept_mask.dfa_lookup                0.03s  ( 30.0%)  calls=17    avg=   1.91ms
  accept_mask.lookup_next_tokens        0.03s  ( 29.0%)  calls=17    avg=   1.85ms
  accept_mask.inc_parser_accepts        0.00s  (  3.7%)  calls=17    avg=   0.24ms
  IsCompletePrefix.dafny                0.00s  (  2.8%)  calls=34    avg=   0.09ms
  accept_mask.compute_dfa_states        0.00s  (  0.5%)  calls=17    avg=   0.03ms
  accept_mask.to_cpu                    0.00s  (  0.2%)  calls=17    avg=   0.01ms
  [EVAL]   Generated 3 tokens in 1.17s
  [EVAL] Processing example 18/50...
  [EVAL]   Running CSD strategy (max_steps=400)...
[STEP_BREAKDOWN] wall=0.04s  lm_callbacks=3.06s  parser_callbacks=0.11s  dafny_internal=0.00s  (0.0% in dafny/uninstrumented)
[TIMING] end_of_example (cumulative) total=3.06s
  GenerateLogits.total              1.46s  ( 47.6%)  calls=18    avg=  80.98ms
  GenerateLogits.engine_generate    1.39s  ( 45.2%)  calls=18    avg=  76.97ms
  MaskValidNextAndEos               0.14s  (  4.6%)  calls=18    avg=   7.80ms
  GenerateLogits.finalize_from_dict    0.07s  (  2.3%)  calls=18    avg=   3.92ms
  ChooseNextToken                   0.01s  (  0.2%)  calls=18    avg=   0.38ms
  GenerateLogits.sampling_params_construct    0.00s  (  0.0%)  calls=18    avg=   0.04ms
  GenerateLogits.prefix_text        0.00s  (  0.0%)  calls=18    avg=   0.01ms
  GenerateLogits.extract_logprobs    0.00s  (  0.0%)  calls=18    avg=   0.00ms
[PARSER_TIMING] end_of_example (cumulative) total=0.11s
  accept_mask.total                     0.04s  ( 33.9%)  calls=18    avg=   2.08ms
  accept_mask.dfa_lookup                0.03s  ( 29.8%)  calls=18    avg=   1.83ms
  accept_mask.lookup_next_tokens        0.03s  ( 28.8%)  calls=18    avg=   1.77ms
  accept_mask.inc_parser_accepts        0.00s  (  3.9%)  calls=18    avg=   0.24ms
  IsCompletePrefix.dafny                0.00s  (  2.8%)  calls=36    avg=   0.09ms
  accept_mask.compute_dfa_states        0.00s  (  0.5%)  calls=18    avg=   0.03ms
  accept_mask.to_cpu                    0.00s  (  0.2%)  calls=18    avg=   0.01ms
[PARSER_TIMING] end_of_example (cumulative) total=0.11s
  accept_mask.total                     0.04s  ( 33.9%)  calls=18    avg=   2.08ms
  accept_mask.dfa_lookup                0.03s  ( 29.8%)  calls=18    avg=   1.83ms
  accept_mask.lookup_next_tokens        0.03s  ( 28.8%)  calls=18    avg=   1.77ms
  accept_mask.inc_parser_accepts        0.00s  (  3.9%)  calls=18    avg=   0.24ms
  IsCompletePrefix.dafny                0.00s  (  2.8%)  calls=36    avg=   0.09ms
  accept_mask.compute_dfa_states        0.00s  (  0.5%)  calls=18    avg=   0.03ms
  accept_mask.to_cpu                    0.00s  (  0.2%)  calls=18    avg=   0.01ms
  [EVAL]   Generated 3 tokens in 0.57s
  [EVAL] Processing example 19/50...
  [EVAL]   Running CSD strategy (max_steps=400)...
[STEP_BREAKDOWN] wall=0.03s  lm_callbacks=3.12s  parser_callbacks=0.11s  dafny_internal=0.00s  (0.0% in dafny/uninstrumented)
[TIMING] end_of_example (cumulative) total=3.12s
  GenerateLogits.total              1.48s  ( 47.6%)  calls=19    avg=  78.16ms
  GenerateLogits.engine_generate    1.41s  ( 45.3%)  calls=19    avg=  74.30ms
  MaskValidNextAndEos               0.14s  (  4.5%)  calls=19    avg=   7.44ms
  GenerateLogits.finalize_from_dict    0.07s  (  2.3%)  calls=19    avg=   3.76ms
  ChooseNextToken                   0.01s  (  0.2%)  calls=19    avg=   0.37ms
  GenerateLogits.sampling_params_construct    0.00s  (  0.0%)  calls=19    avg=   0.04ms
  GenerateLogits.prefix_text        0.00s  (  0.0%)  calls=19    avg=   0.01ms
  GenerateLogits.extract_logprobs    0.00s  (  0.0%)  calls=19    avg=   0.00ms
[PARSER_TIMING] end_of_example (cumulative) total=0.11s
  accept_mask.total                     0.04s  ( 33.9%)  calls=19    avg=   2.00ms
  accept_mask.dfa_lookup                0.03s  ( 29.8%)  calls=19    avg=   1.75ms
  accept_mask.lookup_next_tokens        0.03s  ( 28.8%)  calls=19    avg=   1.69ms
  accept_mask.inc_parser_accepts        0.00s  (  3.9%)  calls=19    avg=   0.23ms
  IsCompletePrefix.dafny                0.00s  (  2.9%)  calls=38    avg=   0.08ms
  accept_mask.compute_dfa_states        0.00s  (  0.5%)  calls=19    avg=   0.03ms
  accept_mask.to_cpu                    0.00s  (  0.2%)  calls=19    avg=   0.01ms
[PARSER_TIMING] end_of_example (cumulative) total=0.11s
  accept_mask.total                     0.04s  ( 33.9%)  calls=19    avg=   2.00ms
  accept_mask.dfa_lookup                0.03s  ( 29.8%)  calls=19    avg=   1.75ms
  accept_mask.lookup_next_tokens        0.03s  ( 28.8%)  calls=19    avg=   1.69ms
  accept_mask.inc_parser_accepts        0.00s  (  3.9%)  calls=19    avg=   0.23ms
  IsCompletePrefix.dafny                0.00s  (  2.9%)  calls=38    avg=   0.08ms
  accept_mask.compute_dfa_states        0.00s  (  0.5%)  calls=19    avg=   0.03ms
  accept_mask.to_cpu                    0.00s  (  0.2%)  calls=19    avg=   0.01ms
  [EVAL]   Generated 3 tokens in 0.56s
  [EVAL] Processing example 20/50...
  [EVAL]   Running CSD strategy (max_steps=400)...
    [PROGRESS] GenerateLogits call #20, prefix length: 1, cache_hits=0
[TIMING] after 20 GenerateLogits calls total=3.15s
  GenerateLogits.total              1.48s  ( 47.1%)  calls=19    avg=  78.16ms
  GenerateLogits.engine_generate    1.44s  ( 45.8%)  calls=20    avg=  72.19ms
  MaskValidNextAndEos               0.14s  (  4.5%)  calls=19    avg=   7.44ms
  GenerateLogits.finalize_from_dict    0.07s  (  2.3%)  calls=20    avg=   3.63ms
  ChooseNextToken                   0.01s  (  0.2%)  calls=19    avg=   0.37ms
  GenerateLogits.sampling_params_construct    0.00s  (  0.0%)  calls=20    avg=   0.04ms
  GenerateLogits.prefix_text        0.00s  (  0.0%)  calls=20    avg=   0.01ms
  GenerateLogits.extract_logprobs    0.00s  (  0.0%)  calls=20    avg=   0.00ms
[PARSER_TIMING] after 20 GenerateLogits calls total=0.11s
  accept_mask.total                     0.04s  ( 33.9%)  calls=19    avg=   2.00ms
  accept_mask.dfa_lookup                0.03s  ( 29.8%)  calls=19    avg=   1.75ms
  accept_mask.lookup_next_tokens        0.03s  ( 28.8%)  calls=19    avg=   1.69ms
  accept_mask.inc_parser_accepts        0.00s  (  3.9%)  calls=19    avg=   0.23ms
  IsCompletePrefix.dafny                0.00s  (  2.9%)  calls=39    avg=   0.08ms
  accept_mask.compute_dfa_states        0.00s  (  0.5%)  calls=19    avg=   0.03ms
  accept_mask.to_cpu                    0.00s  (  0.2%)  calls=19    avg=   0.01ms
[STEP_BREAKDOWN] wall=0.04s  lm_callbacks=3.19s  parser_callbacks=0.11s  dafny_internal=0.00s  (0.0% in dafny/uninstrumented)
[TIMING] end_of_example (cumulative) total=3.19s
  GenerateLogits.total              1.52s  ( 47.7%)  calls=20    avg=  75.92ms
  GenerateLogits.engine_generate    1.44s  ( 45.3%)  calls=20    avg=  72.19ms
  MaskValidNextAndEos               0.14s  (  4.5%)  calls=20    avg=   7.12ms
  GenerateLogits.finalize_from_dict    0.07s  (  2.3%)  calls=20    avg=   3.63ms
  ChooseNextToken                   0.01s  (  0.2%)  calls=20    avg=   0.35ms
  GenerateLogits.sampling_params_construct    0.00s  (  0.0%)  calls=20    avg=   0.04ms
  GenerateLogits.prefix_text        0.00s  (  0.0%)  calls=20    avg=   0.01ms
  GenerateLogits.extract_logprobs    0.00s  (  0.0%)  calls=20    avg=   0.00ms
[PARSER_TIMING] end_of_example (cumulative) total=0.11s
  accept_mask.total                     0.04s  ( 34.0%)  calls=20    avg=   1.93ms
  accept_mask.dfa_lookup                0.03s  ( 29.7%)  calls=20    avg=   1.69ms
  accept_mask.lookup_next_tokens        0.03s  ( 28.7%)  calls=20    avg=   1.63ms
  accept_mask.inc_parser_accepts        0.00s  (  4.0%)  calls=20    avg=   0.23ms
  IsCompletePrefix.dafny                0.00s  (  2.9%)  calls=40    avg=   0.08ms
  accept_mask.compute_dfa_states        0.00s  (  0.5%)  calls=20    avg=   0.03ms
  accept_mask.to_cpu                    0.00s  (  0.2%)  calls=20    avg=   0.01ms
[PARSER_TIMING] end_of_example (cumulative) total=0.11s
  accept_mask.total                     0.04s  ( 34.0%)  calls=20    avg=   1.93ms
  accept_mask.dfa_lookup                0.03s  ( 29.7%)  calls=20    avg=   1.69ms
  accept_mask.lookup_next_tokens        0.03s  ( 28.7%)  calls=20    avg=   1.63ms
  accept_mask.inc_parser_accepts        0.00s  (  4.0%)  calls=20    avg=   0.23ms
  IsCompletePrefix.dafny                0.00s  (  2.9%)  calls=40    avg=   0.08ms
  accept_mask.compute_dfa_states        0.00s  (  0.5%)  calls=20    avg=   0.03ms
  accept_mask.to_cpu                    0.00s  (  0.2%)  calls=20    avg=   0.01ms
  [EVAL]   Generated 3 tokens in 1.10s
  [EVAL] Processing example 21/50...
  [EVAL]   Running CSD strategy (max_steps=400)...
[STEP_BREAKDOWN] wall=0.03s  lm_callbacks=3.25s  parser_callbacks=0.12s  dafny_internal=0.00s  (0.0% in dafny/uninstrumented)
[TIMING] end_of_example (cumulative) total=3.25s
  GenerateLogits.total              1.55s  ( 47.7%)  calls=21    avg=  73.85ms
  GenerateLogits.engine_generate    1.48s  ( 45.4%)  calls=21    avg=  70.24ms
  MaskValidNextAndEos               0.14s  (  4.4%)  calls=21    avg=   6.84ms
  GenerateLogits.finalize_from_dict    0.07s  (  2.3%)  calls=21    avg=   3.51ms
  ChooseNextToken                   0.01s  (  0.2%)  calls=21    avg=   0.34ms
  GenerateLogits.sampling_params_construct    0.00s  (  0.0%)  calls=21    avg=   0.04ms
  GenerateLogits.prefix_text        0.00s  (  0.0%)  calls=21    avg=   0.01ms
  GenerateLogits.extract_logprobs    0.00s  (  0.0%)  calls=21    avg=   0.00ms
[PARSER_TIMING] end_of_example (cumulative) total=0.12s
  accept_mask.total                     0.04s  ( 34.0%)  calls=21    avg=   1.87ms
  accept_mask.dfa_lookup                0.03s  ( 29.6%)  calls=21    avg=   1.63ms
  accept_mask.lookup_next_tokens        0.03s  ( 28.6%)  calls=21    avg=   1.57ms
  accept_mask.inc_parser_accepts        0.00s  (  4.1%)  calls=21    avg=   0.23ms
  IsCompletePrefix.dafny                0.00s  (  3.0%)  calls=42    avg=   0.08ms
  accept_mask.compute_dfa_states        0.00s  (  0.5%)  calls=21    avg=   0.03ms
  accept_mask.to_cpu                    0.00s  (  0.2%)  calls=21    avg=   0.01ms
[PARSER_TIMING] end_of_example (cumulative) total=0.12s
  accept_mask.total                     0.04s  ( 34.0%)  calls=21    avg=   1.87ms
  accept_mask.dfa_lookup                0.03s  ( 29.6%)  calls=21    avg=   1.63ms
  accept_mask.lookup_next_tokens        0.03s  ( 28.6%)  calls=21    avg=   1.57ms
  accept_mask.inc_parser_accepts        0.00s  (  4.1%)  calls=21    avg=   0.23ms
  IsCompletePrefix.dafny                0.00s  (  3.0%)  calls=42    avg=   0.08ms
  accept_mask.compute_dfa_states        0.00s  (  0.5%)  calls=21    avg=   0.03ms
  accept_mask.to_cpu                    0.00s  (  0.2%)  calls=21    avg=   0.01ms
  [EVAL]   Generated 3 tokens in 0.59s
  [EVAL] Processing example 22/50...
  [EVAL]   Running CSD strategy (max_steps=400)...
[STEP_BREAKDOWN] wall=0.03s  lm_callbacks=3.32s  parser_callbacks=0.12s  dafny_internal=0.00s  (0.0% in dafny/uninstrumented)
[TIMING] end_of_example (cumulative) total=3.32s
  GenerateLogits.total              1.58s  ( 47.7%)  calls=22    avg=  71.97ms
  GenerateLogits.engine_generate    1.51s  ( 45.4%)  calls=22    avg=  68.47ms
  MaskValidNextAndEos               0.14s  (  4.4%)  calls=22    avg=   6.57ms
  GenerateLogits.finalize_from_dict    0.07s  (  2.3%)  calls=22    avg=   3.40ms
  ChooseNextToken                   0.01s  (  0.2%)  calls=22    avg=   0.33ms
  GenerateLogits.sampling_params_construct    0.00s  (  0.0%)  calls=22    avg=   0.04ms
  GenerateLogits.prefix_text        0.00s  (  0.0%)  calls=22    avg=   0.01ms
  GenerateLogits.extract_logprobs    0.00s  (  0.0%)  calls=22    avg=   0.00ms
[PARSER_TIMING] end_of_example (cumulative) total=0.12s
  accept_mask.total                     0.04s  ( 34.0%)  calls=22    avg=   1.82ms
  accept_mask.dfa_lookup                0.03s  ( 29.6%)  calls=22    avg=   1.58ms
  accept_mask.lookup_next_tokens        0.03s  ( 28.5%)  calls=22    avg=   1.52ms
  accept_mask.inc_parser_accepts        0.00s  (  4.2%)  calls=22    avg=   0.22ms
  IsCompletePrefix.dafny                0.00s  (  3.0%)  calls=44    avg=   0.08ms
  accept_mask.compute_dfa_states        0.00s  (  0.5%)  calls=22    avg=   0.03ms
  accept_mask.to_cpu                    0.00s  (  0.2%)  calls=22    avg=   0.01ms
[PARSER_TIMING] end_of_example (cumulative) total=0.12s
  accept_mask.total                     0.04s  ( 34.0%)  calls=22    avg=   1.82ms
  accept_mask.dfa_lookup                0.03s  ( 29.6%)  calls=22    avg=   1.58ms
  accept_mask.lookup_next_tokens        0.03s  ( 28.5%)  calls=22    avg=   1.52ms
  accept_mask.inc_parser_accepts        0.00s  (  4.2%)  calls=22    avg=   0.22ms
  IsCompletePrefix.dafny                0.00s  (  3.0%)  calls=44    avg=   0.08ms
  accept_mask.compute_dfa_states        0.00s  (  0.5%)  calls=22    avg=   0.03ms
  accept_mask.to_cpu                    0.00s  (  0.2%)  calls=22    avg=   0.01ms
  [EVAL]   Generated 3 tokens in 0.57s
  [EVAL] Processing example 23/50...
  [EVAL]   Running CSD strategy (max_steps=400)...
[STEP_BREAKDOWN] wall=0.03s  lm_callbacks=3.38s  parser_callbacks=0.12s  dafny_internal=0.00s  (0.0% in dafny/uninstrumented)
[TIMING] end_of_example (cumulative) total=3.38s
  GenerateLogits.total              1.61s  ( 47.7%)  calls=23    avg=  70.18ms
  GenerateLogits.engine_generate    1.54s  ( 45.4%)  calls=23    avg=  66.78ms
  MaskValidNextAndEos               0.15s  (  4.3%)  calls=23    avg=   6.35ms
  GenerateLogits.finalize_from_dict    0.08s  (  2.2%)  calls=23    avg=   3.31ms
  ChooseNextToken                   0.01s  (  0.2%)  calls=23    avg=   0.32ms
  GenerateLogits.sampling_params_construct    0.00s  (  0.0%)  calls=23    avg=   0.04ms
  GenerateLogits.prefix_text        0.00s  (  0.0%)  calls=23    avg=   0.01ms
  GenerateLogits.extract_logprobs    0.00s  (  0.0%)  calls=23    avg=   0.00ms
[PARSER_TIMING] end_of_example (cumulative) total=0.12s
  accept_mask.total                     0.04s  ( 34.0%)  calls=23    avg=   1.77ms
  accept_mask.dfa_lookup                0.04s  ( 29.5%)  calls=23    avg=   1.53ms
  accept_mask.lookup_next_tokens        0.03s  ( 28.3%)  calls=23    avg=   1.47ms
  accept_mask.inc_parser_accepts        0.01s  (  4.3%)  calls=23    avg=   0.23ms
  IsCompletePrefix.dafny                0.00s  (  3.1%)  calls=46    avg=   0.08ms
  accept_mask.compute_dfa_states        0.00s  (  0.5%)  calls=23    avg=   0.03ms
  accept_mask.to_cpu                    0.00s  (  0.2%)  calls=23    avg=   0.01ms
[PARSER_TIMING] end_of_example (cumulative) total=0.12s
  accept_mask.total                     0.04s  ( 34.0%)  calls=23    avg=   1.77ms
  accept_mask.dfa_lookup                0.04s  ( 29.5%)  calls=23    avg=   1.53ms
  accept_mask.lookup_next_tokens        0.03s  ( 28.3%)  calls=23    avg=   1.47ms
  accept_mask.inc_parser_accepts        0.01s  (  4.3%)  calls=23    avg=   0.23ms
  IsCompletePrefix.dafny                0.00s  (  3.1%)  calls=46    avg=   0.08ms
  accept_mask.compute_dfa_states        0.00s  (  0.5%)  calls=23    avg=   0.03ms
  accept_mask.to_cpu                    0.00s  (  0.2%)  calls=23    avg=   0.01ms
  [EVAL]   Generated 3 tokens in 1.07s
  [EVAL] Processing example 24/50...
  [EVAL]   Running CSD strategy (max_steps=400)...
[STEP_BREAKDOWN] wall=0.03s  lm_callbacks=3.44s  parser_callbacks=0.12s  dafny_internal=0.00s  (0.0% in dafny/uninstrumented)
[TIMING] end_of_example (cumulative) total=3.44s
  GenerateLogits.total              1.64s  ( 47.8%)  calls=24    avg=  68.37ms
  GenerateLogits.engine_generate    1.56s  ( 45.5%)  calls=24    avg=  65.06ms
  MaskValidNextAndEos               0.15s  (  4.3%)  calls=24    avg=   6.14ms
  GenerateLogits.finalize_from_dict    0.08s  (  2.2%)  calls=24    avg=   3.22ms
  ChooseNextToken                   0.01s  (  0.2%)  calls=24    avg=   0.31ms
  GenerateLogits.sampling_params_construct    0.00s  (  0.0%)  calls=24    avg=   0.04ms
  GenerateLogits.prefix_text        0.00s  (  0.0%)  calls=24    avg=   0.01ms
  GenerateLogits.extract_logprobs    0.00s  (  0.0%)  calls=24    avg=   0.00ms
[PARSER_TIMING] end_of_example (cumulative) total=0.12s
  accept_mask.total                     0.04s  ( 34.1%)  calls=24    avg=   1.73ms
  accept_mask.dfa_lookup                0.04s  ( 29.4%)  calls=24    avg=   1.49ms
  accept_mask.lookup_next_tokens        0.03s  ( 28.2%)  calls=24    avg=   1.43ms
  accept_mask.inc_parser_accepts        0.01s  (  4.4%)  calls=24    avg=   0.23ms
  IsCompletePrefix.dafny                0.00s  (  3.1%)  calls=48    avg=   0.08ms
  accept_mask.compute_dfa_states        0.00s  (  0.6%)  calls=24    avg=   0.03ms
  accept_mask.to_cpu                    0.00s  (  0.3%)  calls=24    avg=   0.01ms
[PARSER_TIMING] end_of_example (cumulative) total=0.12s
  accept_mask.total                     0.04s  ( 34.1%)  calls=24    avg=   1.73ms
  accept_mask.dfa_lookup                0.04s  ( 29.4%)  calls=24    avg=   1.49ms
  accept_mask.lookup_next_tokens        0.03s  ( 28.2%)  calls=24    avg=   1.43ms
  accept_mask.inc_parser_accepts        0.01s  (  4.4%)  calls=24    avg=   0.23ms
  IsCompletePrefix.dafny                0.00s  (  3.1%)  calls=48    avg=   0.08ms
  accept_mask.compute_dfa_states        0.00s  (  0.6%)  calls=24    avg=   0.03ms
  accept_mask.to_cpu                    0.00s  (  0.3%)  calls=24    avg=   0.01ms
  [EVAL]   Generated 3 tokens in 0.63s
  [EVAL] Processing example 25/50...
  [EVAL]   Running CSD strategy (max_steps=400)...
[STEP_BREAKDOWN] wall=0.03s  lm_callbacks=3.50s  parser_callbacks=0.12s  dafny_internal=0.00s  (0.0% in dafny/uninstrumented)
[TIMING] end_of_example (cumulative) total=3.50s
  GenerateLogits.total              1.67s  ( 47.8%)  calls=25    avg=  66.91ms
  GenerateLogits.engine_generate    1.59s  ( 45.5%)  calls=25    avg=  63.68ms
  MaskValidNextAndEos               0.15s  (  4.2%)  calls=25    avg=   5.95ms
  GenerateLogits.finalize_from_dict    0.08s  (  2.2%)  calls=25    avg=   3.14ms
  ChooseNextToken                   0.01s  (  0.2%)  calls=25    avg=   0.30ms
  GenerateLogits.sampling_params_construct    0.00s  (  0.0%)  calls=25    avg=   0.04ms
  GenerateLogits.prefix_text        0.00s  (  0.0%)  calls=25    avg=   0.01ms
  GenerateLogits.extract_logprobs    0.00s  (  0.0%)  calls=25    avg=   0.00ms
[PARSER_TIMING] end_of_example (cumulative) total=0.12s
  accept_mask.total                     0.04s  ( 34.1%)  calls=25    avg=   1.69ms
  accept_mask.dfa_lookup                0.04s  ( 29.3%)  calls=25    avg=   1.45ms
  accept_mask.lookup_next_tokens        0.03s  ( 28.0%)  calls=25    avg=   1.39ms
  accept_mask.inc_parser_accepts        0.01s  (  4.5%)  calls=25    avg=   0.23ms
  IsCompletePrefix.dafny                0.00s  (  3.2%)  calls=50    avg=   0.08ms
  accept_mask.compute_dfa_states        0.00s  (  0.6%)  calls=25    avg=   0.03ms
  accept_mask.to_cpu                    0.00s  (  0.3%)  calls=25    avg=   0.01ms
[PARSER_TIMING] end_of_example (cumulative) total=0.12s
  accept_mask.total                     0.04s  ( 34.1%)  calls=25    avg=   1.69ms
  accept_mask.dfa_lookup                0.04s  ( 29.3%)  calls=25    avg=   1.45ms
  accept_mask.lookup_next_tokens        0.03s  ( 28.0%)  calls=25    avg=   1.39ms
  accept_mask.inc_parser_accepts        0.01s  (  4.5%)  calls=25    avg=   0.23ms
  IsCompletePrefix.dafny                0.00s  (  3.2%)  calls=50    avg=   0.08ms
  accept_mask.compute_dfa_states        0.00s  (  0.6%)  calls=25    avg=   0.03ms
  accept_mask.to_cpu                    0.00s  (  0.3%)  calls=25    avg=   0.01ms
  [EVAL]   Generated 3 tokens in 0.57s
  [EVAL] Processing example 26/50...
  [EVAL]   Running CSD strategy (max_steps=400)...
[STEP_BREAKDOWN] wall=0.02s  lm_callbacks=3.55s  parser_callbacks=0.13s  dafny_internal=0.00s  (0.0% in dafny/uninstrumented)
[TIMING] end_of_example (cumulative) total=3.55s
  GenerateLogits.total              1.69s  ( 47.8%)  calls=26    avg=  65.19ms
  GenerateLogits.engine_generate    1.61s  ( 45.5%)  calls=26    avg=  62.04ms
  MaskValidNextAndEos               0.15s  (  4.2%)  calls=26    avg=   5.75ms
  GenerateLogits.finalize_from_dict    0.08s  (  2.2%)  calls=26    avg=   3.05ms
  ChooseNextToken                   0.01s  (  0.2%)  calls=26    avg=   0.29ms
  GenerateLogits.sampling_params_construct    0.00s  (  0.0%)  calls=26    avg=   0.04ms
  GenerateLogits.prefix_text        0.00s  (  0.0%)  calls=26    avg=   0.01ms
  GenerateLogits.extract_logprobs    0.00s  (  0.0%)  calls=26    avg=   0.00ms
[PARSER_TIMING] end_of_example (cumulative) total=0.13s
  accept_mask.total                     0.04s  ( 34.1%)  calls=26    avg=   1.64ms
  accept_mask.dfa_lookup                0.04s  ( 29.2%)  calls=26    avg=   1.41ms
  accept_mask.lookup_next_tokens        0.04s  ( 28.0%)  calls=26    avg=   1.35ms
  accept_mask.inc_parser_accepts        0.01s  (  4.6%)  calls=26    avg=   0.22ms
  IsCompletePrefix.dafny                0.00s  (  3.3%)  calls=52    avg=   0.08ms
  accept_mask.compute_dfa_states        0.00s  (  0.6%)  calls=26    avg=   0.03ms
  accept_mask.to_cpu                    0.00s  (  0.3%)  calls=26    avg=   0.01ms
[PARSER_TIMING] end_of_example (cumulative) total=0.13s
  accept_mask.total                     0.04s  ( 34.1%)  calls=26    avg=   1.64ms
  accept_mask.dfa_lookup                0.04s  ( 29.2%)  calls=26    avg=   1.41ms
  accept_mask.lookup_next_tokens        0.04s  ( 28.0%)  calls=26    avg=   1.35ms
  accept_mask.inc_parser_accepts        0.01s  (  4.6%)  calls=26    avg=   0.22ms
  IsCompletePrefix.dafny                0.00s  (  3.3%)  calls=52    avg=   0.08ms
  accept_mask.compute_dfa_states        0.00s  (  0.6%)  calls=26    avg=   0.03ms
  accept_mask.to_cpu                    0.00s  (  0.3%)  calls=26    avg=   0.01ms
  [EVAL]   Generated 3 tokens in 1.09s
  [EVAL] Processing example 27/50...
  [EVAL]   Running CSD strategy (max_steps=400)...
[STEP_BREAKDOWN] wall=0.03s  lm_callbacks=3.59s  parser_callbacks=0.13s  dafny_internal=0.00s  (0.0% in dafny/uninstrumented)
[TIMING] end_of_example (cumulative) total=3.59s
  GenerateLogits.total              1.72s  ( 47.8%)  calls=27    avg=  63.63ms
  GenerateLogits.engine_generate    1.64s  ( 45.5%)  calls=27    avg=  60.57ms
  MaskValidNextAndEos               0.15s  (  4.2%)  calls=27    avg=   5.58ms
  GenerateLogits.finalize_from_dict    0.08s  (  2.2%)  calls=27    avg=   2.97ms
  ChooseNextToken                   0.01s  (  0.2%)  calls=27    avg=   0.28ms
  GenerateLogits.sampling_params_construct    0.00s  (  0.0%)  calls=27    avg=   0.04ms
  GenerateLogits.prefix_text        0.00s  (  0.0%)  calls=27    avg=   0.01ms
  GenerateLogits.extract_logprobs    0.00s  (  0.0%)  calls=27    avg=   0.00ms
[PARSER_TIMING] end_of_example (cumulative) total=0.13s
  accept_mask.total                     0.04s  ( 34.1%)  calls=27    avg=   1.61ms
  accept_mask.dfa_lookup                0.04s  ( 29.1%)  calls=27    avg=   1.38ms
  accept_mask.lookup_next_tokens        0.04s  ( 27.9%)  calls=27    avg=   1.32ms
  accept_mask.inc_parser_accepts        0.01s  (  4.7%)  calls=27    avg=   0.22ms
  IsCompletePrefix.dafny                0.00s  (  3.3%)  calls=54    avg=   0.08ms
  accept_mask.compute_dfa_states        0.00s  (  0.6%)  calls=27    avg=   0.03ms
  accept_mask.to_cpu                    0.00s  (  0.3%)  calls=27    avg=   0.01ms
[PARSER_TIMING] end_of_example (cumulative) total=0.13s
  accept_mask.total                     0.04s  ( 34.1%)  calls=27    avg=   1.61ms
  accept_mask.dfa_lookup                0.04s  ( 29.1%)  calls=27    avg=   1.38ms
  accept_mask.lookup_next_tokens        0.04s  ( 27.9%)  calls=27    avg=   1.32ms
  accept_mask.inc_parser_accepts        0.01s  (  4.7%)  calls=27    avg=   0.22ms
  IsCompletePrefix.dafny                0.00s  (  3.3%)  calls=54    avg=   0.08ms
  accept_mask.compute_dfa_states        0.00s  (  0.6%)  calls=27    avg=   0.03ms
  accept_mask.to_cpu                    0.00s  (  0.3%)  calls=27    avg=   0.01ms
  [EVAL]   Generated 3 tokens in 0.58s
  [EVAL] Processing example 28/50...
  [EVAL]   Running CSD strategy (max_steps=400)...
[STEP_BREAKDOWN] wall=0.03s  lm_callbacks=3.64s  parser_callbacks=0.13s  dafny_internal=0.00s  (0.0% in dafny/uninstrumented)
[TIMING] end_of_example (cumulative) total=3.64s
  GenerateLogits.total              1.74s  ( 47.8%)  calls=28    avg=  62.19ms
  GenerateLogits.engine_generate    1.66s  ( 45.5%)  calls=28    avg=  59.20ms
  MaskValidNextAndEos               0.15s  (  4.2%)  calls=28    avg=   5.42ms
  GenerateLogits.finalize_from_dict    0.08s  (  2.2%)  calls=28    avg=   2.90ms
  ChooseNextToken                   0.01s  (  0.2%)  calls=28    avg=   0.27ms
  GenerateLogits.sampling_params_construct    0.00s  (  0.0%)  calls=28    avg=   0.04ms
  GenerateLogits.prefix_text        0.00s  (  0.0%)  calls=28    avg=   0.01ms
  GenerateLogits.extract_logprobs    0.00s  (  0.0%)  calls=28    avg=   0.00ms
[PARSER_TIMING] end_of_example (cumulative) total=0.13s
  accept_mask.total                     0.04s  ( 34.1%)  calls=28    avg=   1.57ms
  accept_mask.dfa_lookup                0.04s  ( 29.1%)  calls=28    avg=   1.34ms
  accept_mask.lookup_next_tokens        0.04s  ( 27.8%)  calls=28    avg=   1.28ms
  accept_mask.inc_parser_accepts        0.01s  (  4.8%)  calls=28    avg=   0.22ms
  IsCompletePrefix.dafny                0.00s  (  3.4%)  calls=56    avg=   0.08ms
  accept_mask.compute_dfa_states        0.00s  (  0.6%)  calls=28    avg=   0.03ms
  accept_mask.to_cpu                    0.00s  (  0.3%)  calls=28    avg=   0.01ms
[PARSER_TIMING] end_of_example (cumulative) total=0.13s
  accept_mask.total                     0.04s  ( 34.1%)  calls=28    avg=   1.57ms
  accept_mask.dfa_lookup                0.04s  ( 29.1%)  calls=28    avg=   1.34ms
  accept_mask.lookup_next_tokens        0.04s  ( 27.8%)  calls=28    avg=   1.28ms
  accept_mask.inc_parser_accepts        0.01s  (  4.8%)  calls=28    avg=   0.22ms
  IsCompletePrefix.dafny                0.00s  (  3.4%)  calls=56    avg=   0.08ms
  accept_mask.compute_dfa_states        0.00s  (  0.6%)  calls=28    avg=   0.03ms
  accept_mask.to_cpu                    0.00s  (  0.3%)  calls=28    avg=   0.01ms
  [EVAL]   Generated 3 tokens in 0.57s
  [EVAL] Processing example 29/50...
  [EVAL]   Running CSD strategy (max_steps=400)...
[STEP_BREAKDOWN] wall=0.03s  lm_callbacks=3.69s  parser_callbacks=0.13s  dafny_internal=0.00s  (0.0% in dafny/uninstrumented)
[TIMING] end_of_example (cumulative) total=3.69s
  GenerateLogits.total              1.77s  ( 47.8%)  calls=29    avg=  60.92ms
  GenerateLogits.engine_generate    1.68s  ( 45.6%)  calls=29    avg=  57.99ms
  MaskValidNextAndEos               0.15s  (  4.1%)  calls=29    avg=   5.26ms
  GenerateLogits.finalize_from_dict    0.08s  (  2.2%)  calls=29    avg=   2.83ms
  ChooseNextToken                   0.01s  (  0.2%)  calls=29    avg=   0.27ms
  GenerateLogits.sampling_params_construct    0.00s  (  0.0%)  calls=29    avg=   0.04ms
  GenerateLogits.prefix_text        0.00s  (  0.0%)  calls=29    avg=   0.01ms
  GenerateLogits.extract_logprobs    0.00s  (  0.0%)  calls=29    avg=   0.00ms
[PARSER_TIMING] end_of_example (cumulative) total=0.13s
  accept_mask.total                     0.04s  ( 34.1%)  calls=29    avg=   1.54ms
  accept_mask.dfa_lookup                0.04s  ( 29.0%)  calls=29    avg=   1.31ms
  accept_mask.lookup_next_tokens        0.04s  ( 27.7%)  calls=29    avg=   1.25ms
  accept_mask.inc_parser_accepts        0.01s  (  4.8%)  calls=29    avg=   0.22ms
  IsCompletePrefix.dafny                0.00s  (  3.4%)  calls=58    avg=   0.08ms
  accept_mask.compute_dfa_states        0.00s  (  0.6%)  calls=29    avg=   0.03ms
  accept_mask.to_cpu                    0.00s  (  0.3%)  calls=29    avg=   0.01ms
[PARSER_TIMING] end_of_example (cumulative) total=0.13s
  accept_mask.total                     0.04s  ( 34.1%)  calls=29    avg=   1.54ms
  accept_mask.dfa_lookup                0.04s  ( 29.0%)  calls=29    avg=   1.31ms
  accept_mask.lookup_next_tokens        0.04s  ( 27.7%)  calls=29    avg=   1.25ms
  accept_mask.inc_parser_accepts        0.01s  (  4.8%)  calls=29    avg=   0.22ms
  IsCompletePrefix.dafny                0.00s  (  3.4%)  calls=58    avg=   0.08ms
  accept_mask.compute_dfa_states        0.00s  (  0.6%)  calls=29    avg=   0.03ms
  accept_mask.to_cpu                    0.00s  (  0.3%)  calls=29    avg=   0.01ms
  [EVAL]   Generated 3 tokens in 0.57s
  [EVAL] Processing example 30/50...
  [EVAL]   Running CSD strategy (max_steps=400)...
    [PROGRESS] GenerateLogits call #30, prefix length: 1, cache_hits=0
[TIMING] after 30 GenerateLogits calls total=3.72s
  GenerateLogits.total              1.77s  ( 47.5%)  calls=29    avg=  60.92ms
  GenerateLogits.engine_generate    1.70s  ( 45.9%)  calls=30    avg=  56.81ms
  MaskValidNextAndEos               0.15s  (  4.1%)  calls=29    avg=   5.26ms
  GenerateLogits.finalize_from_dict    0.08s  (  2.2%)  calls=30    avg=   2.77ms
  ChooseNextToken                   0.01s  (  0.2%)  calls=29    avg=   0.27ms
  GenerateLogits.sampling_params_construct    0.00s  (  0.0%)  calls=30    avg=   0.04ms
  GenerateLogits.prefix_text        0.00s  (  0.0%)  calls=30    avg=   0.01ms
  GenerateLogits.extract_logprobs    0.00s  (  0.0%)  calls=30    avg=   0.00ms
[PARSER_TIMING] after 30 GenerateLogits calls total=0.13s
  accept_mask.total                     0.04s  ( 34.1%)  calls=29    avg=   1.54ms
  accept_mask.dfa_lookup                0.04s  ( 29.0%)  calls=29    avg=   1.31ms
  accept_mask.lookup_next_tokens        0.04s  ( 27.7%)  calls=29    avg=   1.25ms
  accept_mask.inc_parser_accepts        0.01s  (  4.8%)  calls=29    avg=   0.22ms
  IsCompletePrefix.dafny                0.00s  (  3.4%)  calls=59    avg=   0.08ms
  accept_mask.compute_dfa_states        0.00s  (  0.6%)  calls=29    avg=   0.03ms
  accept_mask.to_cpu                    0.00s  (  0.3%)  calls=29    avg=   0.01ms
[STEP_BREAKDOWN] wall=0.03s  lm_callbacks=3.74s  parser_callbacks=0.13s  dafny_internal=0.00s  (0.0% in dafny/uninstrumented)
[TIMING] end_of_example (cumulative) total=3.74s
  GenerateLogits.total              1.79s  ( 47.9%)  calls=30    avg=  59.68ms
  GenerateLogits.engine_generate    1.70s  ( 45.6%)  calls=30    avg=  56.81ms
  MaskValidNextAndEos               0.15s  (  4.1%)  calls=30    avg=   5.12ms
  GenerateLogits.finalize_from_dict    0.08s  (  2.2%)  calls=30    avg=   2.77ms
  ChooseNextToken                   0.01s  (  0.2%)  calls=30    avg=   0.26ms
  GenerateLogits.sampling_params_construct    0.00s  (  0.0%)  calls=30    avg=   0.04ms
  GenerateLogits.prefix_text        0.00s  (  0.0%)  calls=30    avg=   0.01ms
  GenerateLogits.extract_logprobs    0.00s  (  0.0%)  calls=30    avg=   0.00ms
[PARSER_TIMING] end_of_example (cumulative) total=0.13s
  accept_mask.total                     0.05s  ( 34.1%)  calls=30    avg=   1.51ms
  accept_mask.dfa_lookup                0.04s  ( 29.0%)  calls=30    avg=   1.28ms
  accept_mask.lookup_next_tokens        0.04s  ( 27.7%)  calls=30    avg=   1.22ms
  accept_mask.inc_parser_accepts        0.01s  (  4.9%)  calls=30    avg=   0.22ms
  IsCompletePrefix.dafny                0.00s  (  3.4%)  calls=60    avg=   0.08ms
  accept_mask.compute_dfa_states        0.00s  (  0.6%)  calls=30    avg=   0.03ms
  accept_mask.to_cpu                    0.00s  (  0.3%)  calls=30    avg=   0.01ms
[PARSER_TIMING] end_of_example (cumulative) total=0.13s
  accept_mask.total                     0.05s  ( 34.1%)  calls=30    avg=   1.51ms
  accept_mask.dfa_lookup                0.04s  ( 29.0%)  calls=30    avg=   1.28ms
  accept_mask.lookup_next_tokens        0.04s  ( 27.7%)  calls=30    avg=   1.22ms
  accept_mask.inc_parser_accepts        0.01s  (  4.9%)  calls=30    avg=   0.22ms
  IsCompletePrefix.dafny                0.00s  (  3.4%)  calls=60    avg=   0.08ms
  accept_mask.compute_dfa_states        0.00s  (  0.6%)  calls=30    avg=   0.03ms
  accept_mask.to_cpu                    0.00s  (  0.3%)  calls=30    avg=   0.01ms
  [EVAL]   Generated 3 tokens in 1.15s
  [EVAL] Processing example 31/50...
  [EVAL]   Running CSD strategy (max_steps=400)...
[STEP_BREAKDOWN] wall=0.02s  lm_callbacks=3.79s  parser_callbacks=0.13s  dafny_internal=0.00s  (0.0% in dafny/uninstrumented)
[TIMING] end_of_example (cumulative) total=3.79s
  GenerateLogits.total              1.81s  ( 47.9%)  calls=31    avg=  58.49ms
  GenerateLogits.engine_generate    1.73s  ( 45.6%)  calls=31    avg=  55.68ms
  MaskValidNextAndEos               0.15s  (  4.1%)  calls=31    avg=   4.98ms
  GenerateLogits.finalize_from_dict    0.08s  (  2.2%)  calls=31    avg=   2.71ms
  ChooseNextToken                   0.01s  (  0.2%)  calls=31    avg=   0.25ms
  GenerateLogits.sampling_params_construct    0.00s  (  0.0%)  calls=31    avg=   0.04ms
  GenerateLogits.prefix_text        0.00s  (  0.0%)  calls=31    avg=   0.01ms
  GenerateLogits.extract_logprobs    0.00s  (  0.0%)  calls=31    avg=   0.00ms
[PARSER_TIMING] end_of_example (cumulative) total=0.13s
  accept_mask.total                     0.05s  ( 34.1%)  calls=31    avg=   1.47ms
  accept_mask.dfa_lookup                0.04s  ( 28.9%)  calls=31    avg=   1.25ms
  accept_mask.lookup_next_tokens        0.04s  ( 27.6%)  calls=31    avg=   1.19ms
  accept_mask.inc_parser_accepts        0.01s  (  4.9%)  calls=31    avg=   0.21ms
  IsCompletePrefix.dafny                0.00s  (  3.5%)  calls=62    avg=   0.07ms
  accept_mask.compute_dfa_states        0.00s  (  0.6%)  calls=31    avg=   0.03ms
  accept_mask.to_cpu                    0.00s  (  0.3%)  calls=31    avg=   0.01ms
[PARSER_TIMING] end_of_example (cumulative) total=0.13s
  accept_mask.total                     0.05s  ( 34.1%)  calls=31    avg=   1.47ms
  accept_mask.dfa_lookup                0.04s  ( 28.9%)  calls=31    avg=   1.25ms
  accept_mask.lookup_next_tokens        0.04s  ( 27.6%)  calls=31    avg=   1.19ms
  accept_mask.inc_parser_accepts        0.01s  (  4.9%)  calls=31    avg=   0.21ms
  IsCompletePrefix.dafny                0.00s  (  3.5%)  calls=62    avg=   0.07ms
  accept_mask.compute_dfa_states        0.00s  (  0.6%)  calls=31    avg=   0.03ms
  accept_mask.to_cpu                    0.00s  (  0.3%)  calls=31    avg=   0.01ms
  [EVAL]   Generated 3 tokens in 0.56s
  [EVAL] Processing example 32/50...
  [EVAL]   Running CSD strategy (max_steps=400)...
[STEP_BREAKDOWN] wall=0.02s  lm_callbacks=3.83s  parser_callbacks=0.14s  dafny_internal=0.00s  (0.0% in dafny/uninstrumented)
[TIMING] end_of_example (cumulative) total=3.83s
  GenerateLogits.total              1.84s  ( 47.9%)  calls=32    avg=  57.38ms
  GenerateLogits.engine_generate    1.75s  ( 45.6%)  calls=32    avg=  54.63ms
  MaskValidNextAndEos               0.16s  (  4.0%)  calls=32    avg=   4.85ms
  GenerateLogits.finalize_from_dict    0.08s  (  2.2%)  calls=32    avg=   2.65ms
  ChooseNextToken                   0.01s  (  0.2%)  calls=32    avg=   0.25ms
  GenerateLogits.sampling_params_construct    0.00s  (  0.0%)  calls=32    avg=   0.04ms
  GenerateLogits.prefix_text        0.00s  (  0.0%)  calls=32    avg=   0.01ms
  GenerateLogits.extract_logprobs    0.00s  (  0.0%)  calls=32    avg=   0.00ms
[PARSER_TIMING] end_of_example (cumulative) total=0.14s
  accept_mask.total                     0.05s  ( 34.2%)  calls=32    avg=   1.44ms
  accept_mask.dfa_lookup                0.04s  ( 28.9%)  calls=32    avg=   1.22ms
  accept_mask.lookup_next_tokens        0.04s  ( 27.6%)  calls=32    avg=   1.17ms
  accept_mask.inc_parser_accepts        0.01s  (  5.0%)  calls=32    avg=   0.21ms
  IsCompletePrefix.dafny                0.00s  (  3.5%)  calls=64    avg=   0.07ms
  accept_mask.compute_dfa_states        0.00s  (  0.6%)  calls=32    avg=   0.03ms
  accept_mask.to_cpu                    0.00s  (  0.3%)  calls=32    avg=   0.01ms
[PARSER_TIMING] end_of_example (cumulative) total=0.14s
  accept_mask.total                     0.05s  ( 34.2%)  calls=32    avg=   1.44ms
  accept_mask.dfa_lookup                0.04s  ( 28.9%)  calls=32    avg=   1.22ms
  accept_mask.lookup_next_tokens        0.04s  ( 27.6%)  calls=32    avg=   1.17ms
  accept_mask.inc_parser_accepts        0.01s  (  5.0%)  calls=32    avg=   0.21ms
  IsCompletePrefix.dafny                0.00s  (  3.5%)  calls=64    avg=   0.07ms
  accept_mask.compute_dfa_states        0.00s  (  0.6%)  calls=32    avg=   0.03ms
  accept_mask.to_cpu                    0.00s  (  0.3%)  calls=32    avg=   0.01ms
  [EVAL]   Generated 3 tokens in 0.56s
  [EVAL] Processing example 33/50...
  [EVAL]   Running CSD strategy (max_steps=400)...
[STEP_BREAKDOWN] wall=0.02s  lm_callbacks=3.88s  parser_callbacks=0.14s  dafny_internal=0.00s  (0.0% in dafny/uninstrumented)
[TIMING] end_of_example (cumulative) total=3.88s
  GenerateLogits.total              1.86s  ( 47.9%)  calls=33    avg=  56.31ms
  GenerateLogits.engine_generate    1.77s  ( 45.6%)  calls=33    avg=  53.62ms
  MaskValidNextAndEos               0.16s  (  4.0%)  calls=33    avg=   4.73ms
  GenerateLogits.finalize_from_dict    0.09s  (  2.2%)  calls=33    avg=   2.60ms
  ChooseNextToken                   0.01s  (  0.2%)  calls=33    avg=   0.24ms
  GenerateLogits.sampling_params_construct    0.00s  (  0.0%)  calls=33    avg=   0.04ms
  GenerateLogits.prefix_text        0.00s  (  0.0%)  calls=33    avg=   0.01ms
  GenerateLogits.extract_logprobs    0.00s  (  0.0%)  calls=33    avg=   0.00ms
[PARSER_TIMING] end_of_example (cumulative) total=0.14s
  accept_mask.total                     0.05s  ( 34.2%)  calls=33    avg=   1.41ms
  accept_mask.dfa_lookup                0.04s  ( 28.8%)  calls=33    avg=   1.19ms
  accept_mask.lookup_next_tokens        0.04s  ( 27.5%)  calls=33    avg=   1.14ms
  accept_mask.inc_parser_accepts        0.01s  (  5.0%)  calls=33    avg=   0.21ms
  IsCompletePrefix.dafny                0.00s  (  3.5%)  calls=66    avg=   0.07ms
  accept_mask.compute_dfa_states        0.00s  (  0.6%)  calls=33    avg=   0.03ms
  accept_mask.to_cpu                    0.00s  (  0.3%)  calls=33    avg=   0.01ms
[PARSER_TIMING] end_of_example (cumulative) total=0.14s
  accept_mask.total                     0.05s  ( 34.2%)  calls=33    avg=   1.41ms
  accept_mask.dfa_lookup                0.04s  ( 28.8%)  calls=33    avg=   1.19ms
  accept_mask.lookup_next_tokens        0.04s  ( 27.5%)  calls=33    avg=   1.14ms
  accept_mask.inc_parser_accepts        0.01s  (  5.0%)  calls=33    avg=   0.21ms
  IsCompletePrefix.dafny                0.00s  (  3.5%)  calls=66    avg=   0.07ms
  accept_mask.compute_dfa_states        0.00s  (  0.6%)  calls=33    avg=   0.03ms
  accept_mask.to_cpu                    0.00s  (  0.3%)  calls=33    avg=   0.01ms
  [EVAL]   Generated 3 tokens in 1.08s
  [EVAL] Processing example 34/50...
  [EVAL]   Running CSD strategy (max_steps=400)...
[STEP_BREAKDOWN] wall=0.03s  lm_callbacks=3.93s  parser_callbacks=0.15s  dafny_internal=0.00s  (0.0% in dafny/uninstrumented)
[TIMING] end_of_example (cumulative) total=3.93s
  GenerateLogits.total              1.88s  ( 47.9%)  calls=34    avg=  55.31ms
  GenerateLogits.engine_generate    1.79s  ( 45.6%)  calls=34    avg=  52.67ms
  MaskValidNextAndEos               0.16s  (  4.1%)  calls=34    avg=   4.74ms
  GenerateLogits.finalize_from_dict    0.09s  (  2.2%)  calls=34    avg=   2.55ms
  ChooseNextToken                   0.01s  (  0.2%)  calls=34    avg=   0.24ms
  GenerateLogits.sampling_params_construct    0.00s  (  0.0%)  calls=34    avg=   0.04ms
  GenerateLogits.prefix_text        0.00s  (  0.0%)  calls=34    avg=   0.01ms
  GenerateLogits.extract_logprobs    0.00s  (  0.0%)  calls=34    avg=   0.00ms
[PARSER_TIMING] end_of_example (cumulative) total=0.15s
  accept_mask.total                     0.05s  ( 34.1%)  calls=34    avg=   1.51ms
  accept_mask.dfa_lookup                0.04s  ( 29.2%)  calls=34    avg=   1.30ms
  accept_mask.lookup_next_tokens        0.04s  ( 28.0%)  calls=34    avg=   1.24ms
  accept_mask.inc_parser_accepts        0.01s  (  4.6%)  calls=34    avg=   0.21ms
  IsCompletePrefix.dafny                0.00s  (  3.3%)  calls=68    avg=   0.07ms
  accept_mask.compute_dfa_states        0.00s  (  0.6%)  calls=34    avg=   0.03ms
  accept_mask.to_cpu                    0.00s  (  0.3%)  calls=34    avg=   0.01ms
[PARSER_TIMING] end_of_example (cumulative) total=0.15s
  accept_mask.total                     0.05s  ( 34.1%)  calls=34    avg=   1.51ms
  accept_mask.dfa_lookup                0.04s  ( 29.2%)  calls=34    avg=   1.30ms
  accept_mask.lookup_next_tokens        0.04s  ( 28.0%)  calls=34    avg=   1.24ms
  accept_mask.inc_parser_accepts        0.01s  (  4.6%)  calls=34    avg=   0.21ms
  IsCompletePrefix.dafny                0.00s  (  3.3%)  calls=68    avg=   0.07ms
  accept_mask.compute_dfa_states        0.00s  (  0.6%)  calls=34    avg=   0.03ms
  accept_mask.to_cpu                    0.00s  (  0.3%)  calls=34    avg=   0.01ms
  [EVAL]   Generated 3 tokens in 0.56s
  [EVAL] Processing example 35/50...
  [EVAL]   Running CSD strategy (max_steps=400)...
[STEP_BREAKDOWN] wall=0.02s  lm_callbacks=3.98s  parser_callbacks=0.15s  dafny_internal=0.00s  (0.0% in dafny/uninstrumented)
[TIMING] end_of_example (cumulative) total=3.98s
  GenerateLogits.total              1.90s  ( 47.9%)  calls=35    avg=  54.38ms
  GenerateLogits.engine_generate    1.81s  ( 45.6%)  calls=35    avg=  51.79ms
  MaskValidNextAndEos               0.16s  (  4.1%)  calls=35    avg=   4.63ms
  GenerateLogits.finalize_from_dict    0.09s  (  2.2%)  calls=35    avg=   2.50ms
  ChooseNextToken                   0.01s  (  0.2%)  calls=35    avg=   0.23ms
  GenerateLogits.sampling_params_construct    0.00s  (  0.0%)  calls=35    avg=   0.03ms
  GenerateLogits.prefix_text        0.00s  (  0.0%)  calls=35    avg=   0.01ms
  GenerateLogits.extract_logprobs    0.00s  (  0.0%)  calls=35    avg=   0.00ms
[PARSER_TIMING] end_of_example (cumulative) total=0.15s
  accept_mask.total                     0.05s  ( 34.1%)  calls=35    avg=   1.49ms
  accept_mask.dfa_lookup                0.04s  ( 29.2%)  calls=35    avg=   1.27ms
  accept_mask.lookup_next_tokens        0.04s  ( 27.9%)  calls=35    avg=   1.22ms
  accept_mask.inc_parser_accepts        0.01s  (  4.7%)  calls=35    avg=   0.20ms
  IsCompletePrefix.dafny                0.01s  (  3.3%)  calls=70    avg=   0.07ms
  accept_mask.compute_dfa_states        0.00s  (  0.6%)  calls=35    avg=   0.03ms
  accept_mask.to_cpu                    0.00s  (  0.3%)  calls=35    avg=   0.01ms
[PARSER_TIMING] end_of_example (cumulative) total=0.15s
  accept_mask.total                     0.05s  ( 34.1%)  calls=35    avg=   1.49ms
  accept_mask.dfa_lookup                0.04s  ( 29.2%)  calls=35    avg=   1.27ms
  accept_mask.lookup_next_tokens        0.04s  ( 27.9%)  calls=35    avg=   1.22ms
  accept_mask.inc_parser_accepts        0.01s  (  4.7%)  calls=35    avg=   0.20ms
  IsCompletePrefix.dafny                0.01s  (  3.3%)  calls=70    avg=   0.07ms
  accept_mask.compute_dfa_states        0.00s  (  0.6%)  calls=35    avg=   0.03ms
  accept_mask.to_cpu                    0.00s  (  0.3%)  calls=35    avg=   0.01ms
  [EVAL]   Generated 3 tokens in 0.55s
  [EVAL] Processing example 36/50...
  [EVAL]   Running CSD strategy (max_steps=400)...
[STEP_BREAKDOWN] wall=0.02s  lm_callbacks=4.02s  parser_callbacks=0.15s  dafny_internal=0.00s  (0.0% in dafny/uninstrumented)
[TIMING] end_of_example (cumulative) total=4.02s
  GenerateLogits.total              1.93s  ( 47.9%)  calls=36    avg=  53.49ms
  GenerateLogits.engine_generate    1.83s  ( 45.6%)  calls=36    avg=  50.94ms
  MaskValidNextAndEos               0.16s  (  4.1%)  calls=36    avg=   4.53ms
  GenerateLogits.finalize_from_dict    0.09s  (  2.2%)  calls=36    avg=   2.46ms
  ChooseNextToken                   0.01s  (  0.2%)  calls=36    avg=   0.23ms
  GenerateLogits.sampling_params_construct    0.00s  (  0.0%)  calls=36    avg=   0.03ms
  GenerateLogits.prefix_text        0.00s  (  0.0%)  calls=36    avg=   0.01ms
  GenerateLogits.extract_logprobs    0.00s  (  0.0%)  calls=36    avg=   0.00ms
[PARSER_TIMING] end_of_example (cumulative) total=0.15s
  accept_mask.total                     0.05s  ( 34.1%)  calls=36    avg=   1.46ms
  accept_mask.dfa_lookup                0.04s  ( 29.1%)  calls=36    avg=   1.25ms
  accept_mask.lookup_next_tokens        0.04s  ( 27.9%)  calls=36    avg=   1.20ms
  accept_mask.inc_parser_accepts        0.01s  (  4.7%)  calls=36    avg=   0.20ms
  IsCompletePrefix.dafny                0.01s  (  3.3%)  calls=72    avg=   0.07ms
  accept_mask.compute_dfa_states        0.00s  (  0.6%)  calls=36    avg=   0.03ms
  accept_mask.to_cpu                    0.00s  (  0.3%)  calls=36    avg=   0.01ms
[PARSER_TIMING] end_of_example (cumulative) total=0.15s
  accept_mask.total                     0.05s  ( 34.1%)  calls=36    avg=   1.46ms
  accept_mask.dfa_lookup                0.04s  ( 29.1%)  calls=36    avg=   1.25ms
  accept_mask.lookup_next_tokens        0.04s  ( 27.9%)  calls=36    avg=   1.20ms
  accept_mask.inc_parser_accepts        0.01s  (  4.7%)  calls=36    avg=   0.20ms
  IsCompletePrefix.dafny                0.01s  (  3.3%)  calls=72    avg=   0.07ms
  accept_mask.compute_dfa_states        0.00s  (  0.6%)  calls=36    avg=   0.03ms
  accept_mask.to_cpu                    0.00s  (  0.3%)  calls=36    avg=   0.01ms
  [EVAL]   Generated 3 tokens in 1.06s
  [EVAL] Processing example 37/50...
  [EVAL]   Running CSD strategy (max_steps=400)...
[STEP_BREAKDOWN] wall=0.03s  lm_callbacks=4.07s  parser_callbacks=0.16s  dafny_internal=0.00s  (0.0% in dafny/uninstrumented)
[TIMING] end_of_example (cumulative) total=4.07s
  GenerateLogits.total              1.95s  ( 47.9%)  calls=37    avg=  52.68ms
  GenerateLogits.engine_generate    1.86s  ( 45.6%)  calls=37    avg=  50.16ms
  MaskValidNextAndEos               0.16s  (  4.0%)  calls=37    avg=   4.44ms
  GenerateLogits.finalize_from_dict    0.09s  (  2.2%)  calls=37    avg=   2.42ms
  ChooseNextToken                   0.01s  (  0.2%)  calls=37    avg=   0.22ms
  GenerateLogits.sampling_params_construct    0.00s  (  0.0%)  calls=37    avg=   0.04ms
  GenerateLogits.prefix_text        0.00s  (  0.0%)  calls=37    avg=   0.01ms
  GenerateLogits.extract_logprobs    0.00s  (  0.0%)  calls=37    avg=   0.00ms
[PARSER_TIMING] end_of_example (cumulative) total=0.16s
  accept_mask.total                     0.05s  ( 34.1%)  calls=37    avg=   1.44ms
  accept_mask.dfa_lookup                0.05s  ( 29.1%)  calls=37    avg=   1.23ms
  accept_mask.lookup_next_tokens        0.04s  ( 27.8%)  calls=37    avg=   1.17ms
  accept_mask.inc_parser_accepts        0.01s  (  4.8%)  calls=37    avg=   0.20ms
  IsCompletePrefix.dafny                0.01s  (  3.4%)  calls=74    avg=   0.07ms
  accept_mask.compute_dfa_states        0.00s  (  0.6%)  calls=37    avg=   0.02ms
  accept_mask.to_cpu                    0.00s  (  0.3%)  calls=37    avg=   0.01ms
[PARSER_TIMING] end_of_example (cumulative) total=0.16s
  accept_mask.total                     0.05s  ( 34.1%)  calls=37    avg=   1.44ms
  accept_mask.dfa_lookup                0.05s  ( 29.1%)  calls=37    avg=   1.23ms
  accept_mask.lookup_next_tokens        0.04s  ( 27.8%)  calls=37    avg=   1.17ms
  accept_mask.inc_parser_accepts        0.01s  (  4.8%)  calls=37    avg=   0.20ms
  IsCompletePrefix.dafny                0.01s  (  3.4%)  calls=74    avg=   0.07ms
  accept_mask.compute_dfa_states        0.00s  (  0.6%)  calls=37    avg=   0.02ms
  accept_mask.to_cpu                    0.00s  (  0.3%)  calls=37    avg=   0.01ms
  [EVAL]   Generated 3 tokens in 0.57s
  [EVAL] Processing example 38/50...
  [EVAL]   Running CSD strategy (max_steps=400)...
[STEP_BREAKDOWN] wall=0.02s  lm_callbacks=4.12s  parser_callbacks=0.16s  dafny_internal=0.00s  (0.0% in dafny/uninstrumented)
[TIMING] end_of_example (cumulative) total=4.12s
  GenerateLogits.total              1.97s  ( 47.9%)  calls=38    avg=  51.90ms
  GenerateLogits.engine_generate    1.88s  ( 45.6%)  calls=38    avg=  49.43ms
  MaskValidNextAndEos               0.17s  (  4.0%)  calls=38    avg=   4.34ms
  GenerateLogits.finalize_from_dict    0.09s  (  2.2%)  calls=38    avg=   2.38ms
  ChooseNextToken                   0.01s  (  0.2%)  calls=38    avg=   0.22ms
  GenerateLogits.sampling_params_construct    0.00s  (  0.0%)  calls=38    avg=   0.03ms
  GenerateLogits.prefix_text        0.00s  (  0.0%)  calls=38    avg=   0.01ms
  GenerateLogits.extract_logprobs    0.00s  (  0.0%)  calls=38    avg=   0.00ms
[PARSER_TIMING] end_of_example (cumulative) total=0.16s
  accept_mask.total                     0.05s  ( 34.1%)  calls=38    avg=   1.41ms
  accept_mask.dfa_lookup                0.05s  ( 29.0%)  calls=38    avg=   1.20ms
  accept_mask.lookup_next_tokens        0.04s  ( 27.8%)  calls=38    avg=   1.15ms
  accept_mask.inc_parser_accepts        0.01s  (  4.8%)  calls=38    avg=   0.20ms
  IsCompletePrefix.dafny                0.01s  (  3.4%)  calls=76    avg=   0.07ms
  accept_mask.compute_dfa_states        0.00s  (  0.6%)  calls=38    avg=   0.02ms
  accept_mask.to_cpu                    0.00s  (  0.3%)  calls=38    avg=   0.01ms
[PARSER_TIMING] end_of_example (cumulative) total=0.16s
  accept_mask.total                     0.05s  ( 34.1%)  calls=38    avg=   1.41ms
  accept_mask.dfa_lookup                0.05s  ( 29.0%)  calls=38    avg=   1.20ms
  accept_mask.lookup_next_tokens        0.04s  ( 27.8%)  calls=38    avg=   1.15ms
  accept_mask.inc_parser_accepts        0.01s  (  4.8%)  calls=38    avg=   0.20ms
  IsCompletePrefix.dafny                0.01s  (  3.4%)  calls=76    avg=   0.07ms
  accept_mask.compute_dfa_states        0.00s  (  0.6%)  calls=38    avg=   0.02ms
  accept_mask.to_cpu                    0.00s  (  0.3%)  calls=38    avg=   0.01ms
  [EVAL]   Generated 3 tokens in 0.58s
  [EVAL] Processing example 39/50...
  [EVAL]   Running CSD strategy (max_steps=400)...
[STEP_BREAKDOWN] wall=0.03s  lm_callbacks=4.16s  parser_callbacks=0.16s  dafny_internal=0.00s  (0.0% in dafny/uninstrumented)
[TIMING] end_of_example (cumulative) total=4.16s
  GenerateLogits.total              2.00s  ( 47.9%)  calls=39    avg=  51.18ms
  GenerateLogits.engine_generate    1.90s  ( 45.6%)  calls=39    avg=  48.74ms
  MaskValidNextAndEos               0.17s  (  4.0%)  calls=39    avg=   4.26ms
  GenerateLogits.finalize_from_dict    0.09s  (  2.2%)  calls=39    avg=   2.34ms
  ChooseNextToken                   0.01s  (  0.2%)  calls=39    avg=   0.22ms
  GenerateLogits.sampling_params_construct    0.00s  (  0.0%)  calls=39    avg=   0.03ms
  GenerateLogits.prefix_text        0.00s  (  0.0%)  calls=39    avg=   0.01ms
  GenerateLogits.extract_logprobs    0.00s  (  0.0%)  calls=39    avg=   0.00ms
[PARSER_TIMING] end_of_example (cumulative) total=0.16s
  accept_mask.total                     0.05s  ( 34.1%)  calls=39    avg=   1.39ms
  accept_mask.dfa_lookup                0.05s  ( 29.0%)  calls=39    avg=   1.18ms
  accept_mask.lookup_next_tokens        0.04s  ( 27.7%)  calls=39    avg=   1.13ms
  accept_mask.inc_parser_accepts        0.01s  (  4.9%)  calls=39    avg=   0.20ms
  IsCompletePrefix.dafny                0.01s  (  3.4%)  calls=78    avg=   0.07ms
  accept_mask.compute_dfa_states        0.00s  (  0.6%)  calls=39    avg=   0.02ms
  accept_mask.to_cpu                    0.00s  (  0.3%)  calls=39    avg=   0.01ms
[PARSER_TIMING] end_of_example (cumulative) total=0.16s
  accept_mask.total                     0.05s  ( 34.1%)  calls=39    avg=   1.39ms
  accept_mask.dfa_lookup                0.05s  ( 29.0%)  calls=39    avg=   1.18ms
  accept_mask.lookup_next_tokens        0.04s  ( 27.7%)  calls=39    avg=   1.13ms
  accept_mask.inc_parser_accepts        0.01s  (  4.9%)  calls=39    avg=   0.20ms
  IsCompletePrefix.dafny                0.01s  (  3.4%)  calls=78    avg=   0.07ms
  accept_mask.compute_dfa_states        0.00s  (  0.6%)  calls=39    avg=   0.02ms
  accept_mask.to_cpu                    0.00s  (  0.3%)  calls=39    avg=   0.01ms
  [EVAL]   Generated 3 tokens in 1.09s
  [EVAL] Processing example 40/50...
  [EVAL]   Running CSD strategy (max_steps=400)...
    [PROGRESS] GenerateLogits call #40, prefix length: 1, cache_hits=0
[TIMING] after 40 GenerateLogits calls total=4.19s
  GenerateLogits.total              2.00s  ( 47.7%)  calls=39    avg=  51.18ms
  GenerateLogits.engine_generate    1.92s  ( 45.9%)  calls=40    avg=  48.06ms
  MaskValidNextAndEos               0.17s  (  4.0%)  calls=39    avg=   4.26ms
  GenerateLogits.finalize_from_dict    0.09s  (  2.2%)  calls=40    avg=   2.31ms
  ChooseNextToken                   0.01s  (  0.2%)  calls=39    avg=   0.22ms
  GenerateLogits.sampling_params_construct    0.00s  (  0.0%)  calls=40    avg=   0.03ms
  GenerateLogits.prefix_text        0.00s  (  0.0%)  calls=40    avg=   0.01ms
  GenerateLogits.extract_logprobs    0.00s  (  0.0%)  calls=40    avg=   0.00ms
[PARSER_TIMING] after 40 GenerateLogits calls total=0.16s
  accept_mask.total                     0.05s  ( 34.1%)  calls=39    avg=   1.39ms
  accept_mask.dfa_lookup                0.05s  ( 29.0%)  calls=39    avg=   1.18ms
  accept_mask.lookup_next_tokens        0.04s  ( 27.7%)  calls=39    avg=   1.13ms
  accept_mask.inc_parser_accepts        0.01s  (  4.9%)  calls=39    avg=   0.20ms
  IsCompletePrefix.dafny                0.01s  (  3.4%)  calls=79    avg=   0.07ms
  accept_mask.compute_dfa_states        0.00s  (  0.6%)  calls=39    avg=   0.02ms
  accept_mask.to_cpu                    0.00s  (  0.3%)  calls=39    avg=   0.01ms
[STEP_BREAKDOWN] wall=0.02s  lm_callbacks=4.21s  parser_callbacks=0.16s  dafny_internal=0.00s  (0.0% in dafny/uninstrumented)
[TIMING] end_of_example (cumulative) total=4.21s
  GenerateLogits.total              2.02s  ( 47.9%)  calls=40    avg=  50.46ms
  GenerateLogits.engine_generate    1.92s  ( 45.7%)  calls=40    avg=  48.06ms
  MaskValidNextAndEos               0.17s  (  4.0%)  calls=40    avg=   4.17ms
  GenerateLogits.finalize_from_dict    0.09s  (  2.2%)  calls=40    avg=   2.31ms
  ChooseNextToken                   0.01s  (  0.2%)  calls=40    avg=   0.21ms
  GenerateLogits.sampling_params_construct    0.00s  (  0.0%)  calls=40    avg=   0.03ms
  GenerateLogits.prefix_text        0.00s  (  0.0%)  calls=40    avg=   0.01ms
  GenerateLogits.extract_logprobs    0.00s  (  0.0%)  calls=40    avg=   0.00ms
[PARSER_TIMING] end_of_example (cumulative) total=0.16s
  accept_mask.total                     0.05s  ( 34.1%)  calls=40    avg=   1.37ms
  accept_mask.dfa_lookup                0.05s  ( 29.0%)  calls=40    avg=   1.17ms
  accept_mask.lookup_next_tokens        0.04s  ( 27.7%)  calls=40    avg=   1.11ms
  accept_mask.inc_parser_accepts        0.01s  (  4.9%)  calls=40    avg=   0.20ms
  IsCompletePrefix.dafny                0.01s  (  3.4%)  calls=80    avg=   0.07ms
  accept_mask.compute_dfa_states        0.00s  (  0.6%)  calls=40    avg=   0.02ms
  accept_mask.to_cpu                    0.00s  (  0.3%)  calls=40    avg=   0.01ms
[PARSER_TIMING] end_of_example (cumulative) total=0.16s
  accept_mask.total                     0.05s  ( 34.1%)  calls=40    avg=   1.37ms
  accept_mask.dfa_lookup                0.05s  ( 29.0%)  calls=40    avg=   1.17ms
  accept_mask.lookup_next_tokens        0.04s  ( 27.7%)  calls=40    avg=   1.11ms
  accept_mask.inc_parser_accepts        0.01s  (  4.9%)  calls=40    avg=   0.20ms
  IsCompletePrefix.dafny                0.01s  (  3.4%)  calls=80    avg=   0.07ms
  accept_mask.compute_dfa_states        0.00s  (  0.6%)  calls=40    avg=   0.02ms
  accept_mask.to_cpu                    0.00s  (  0.3%)  calls=40    avg=   0.01ms
  [EVAL]   Generated 3 tokens in 0.61s
  [EVAL] Processing example 41/50...
  [EVAL]   Running CSD strategy (max_steps=400)...
[STEP_BREAKDOWN] wall=0.02s  lm_callbacks=4.26s  parser_callbacks=0.16s  dafny_internal=0.00s  (0.0% in dafny/uninstrumented)
[TIMING] end_of_example (cumulative) total=4.26s
  GenerateLogits.total              2.04s  ( 47.9%)  calls=41    avg=  49.78ms
  GenerateLogits.engine_generate    1.94s  ( 45.7%)  calls=41    avg=  47.42ms
  MaskValidNextAndEos               0.17s  (  3.9%)  calls=41    avg=   4.10ms
  GenerateLogits.finalize_from_dict    0.09s  (  2.2%)  calls=41    avg=   2.27ms
  ChooseNextToken                   0.01s  (  0.2%)  calls=41    avg=   0.21ms
  GenerateLogits.sampling_params_construct    0.00s  (  0.0%)  calls=41    avg=   0.03ms
  GenerateLogits.prefix_text        0.00s  (  0.0%)  calls=41    avg=   0.01ms
  GenerateLogits.extract_logprobs    0.00s  (  0.0%)  calls=41    avg=   0.00ms
[PARSER_TIMING] end_of_example (cumulative) total=0.16s
  accept_mask.total                     0.06s  ( 34.1%)  calls=41    avg=   1.35ms
  accept_mask.dfa_lookup                0.05s  ( 28.9%)  calls=41    avg=   1.15ms
  accept_mask.lookup_next_tokens        0.04s  ( 27.6%)  calls=41    avg=   1.10ms
  accept_mask.inc_parser_accepts        0.01s  (  4.9%)  calls=41    avg=   0.20ms
  IsCompletePrefix.dafny                0.01s  (  3.4%)  calls=82    avg=   0.07ms
  accept_mask.compute_dfa_states        0.00s  (  0.6%)  calls=41    avg=   0.02ms
  accept_mask.to_cpu                    0.00s  (  0.3%)  calls=41    avg=   0.01ms
[PARSER_TIMING] end_of_example (cumulative) total=0.16s
  accept_mask.total                     0.06s  ( 34.1%)  calls=41    avg=   1.35ms
  accept_mask.dfa_lookup                0.05s  ( 28.9%)  calls=41    avg=   1.15ms
  accept_mask.lookup_next_tokens        0.04s  ( 27.6%)  calls=41    avg=   1.10ms
  accept_mask.inc_parser_accepts        0.01s  (  4.9%)  calls=41    avg=   0.20ms
  IsCompletePrefix.dafny                0.01s  (  3.4%)  calls=82    avg=   0.07ms
  accept_mask.compute_dfa_states        0.00s  (  0.6%)  calls=41    avg=   0.02ms
  accept_mask.to_cpu                    0.00s  (  0.3%)  calls=41    avg=   0.01ms
  [EVAL]   Generated 3 tokens in 0.61s
  [EVAL] Processing example 42/50...
  [EVAL]   Running CSD strategy (max_steps=400)...
[STEP_BREAKDOWN] wall=0.02s  lm_callbacks=4.30s  parser_callbacks=0.16s  dafny_internal=0.00s  (0.0% in dafny/uninstrumented)
[TIMING] end_of_example (cumulative) total=4.30s
  GenerateLogits.total              2.06s  ( 48.0%)  calls=42    avg=  49.14ms
  GenerateLogits.engine_generate    1.97s  ( 45.7%)  calls=42    avg=  46.80ms
  MaskValidNextAndEos               0.17s  (  3.9%)  calls=42    avg=   4.02ms
  GenerateLogits.finalize_from_dict    0.09s  (  2.2%)  calls=42    avg=   2.24ms
  ChooseNextToken                   0.01s  (  0.2%)  calls=42    avg=   0.21ms
  GenerateLogits.sampling_params_construct    0.00s  (  0.0%)  calls=42    avg=   0.03ms
  GenerateLogits.prefix_text        0.00s  (  0.0%)  calls=42    avg=   0.01ms
  GenerateLogits.extract_logprobs    0.00s  (  0.0%)  calls=42    avg=   0.00ms
[PARSER_TIMING] end_of_example (cumulative) total=0.16s
  accept_mask.total                     0.06s  ( 34.2%)  calls=42    avg=   1.33ms
  accept_mask.dfa_lookup                0.05s  ( 28.9%)  calls=42    avg=   1.13ms
  accept_mask.lookup_next_tokens        0.05s  ( 27.6%)  calls=42    avg=   1.08ms
  accept_mask.inc_parser_accepts        0.01s  (  5.0%)  calls=42    avg=   0.19ms
  IsCompletePrefix.dafny                0.01s  (  3.5%)  calls=84    avg=   0.07ms
  accept_mask.compute_dfa_states        0.00s  (  0.6%)  calls=42    avg=   0.02ms
  accept_mask.to_cpu                    0.00s  (  0.3%)  calls=42    avg=   0.01ms
[PARSER_TIMING] end_of_example (cumulative) total=0.16s
  accept_mask.total                     0.06s  ( 34.2%)  calls=42    avg=   1.33ms
  accept_mask.dfa_lookup                0.05s  ( 28.9%)  calls=42    avg=   1.13ms
  accept_mask.lookup_next_tokens        0.05s  ( 27.6%)  calls=42    avg=   1.08ms
  accept_mask.inc_parser_accepts        0.01s  (  5.0%)  calls=42    avg=   0.19ms
  IsCompletePrefix.dafny                0.01s  (  3.5%)  calls=84    avg=   0.07ms
  accept_mask.compute_dfa_states        0.00s  (  0.6%)  calls=42    avg=   0.02ms
  accept_mask.to_cpu                    0.00s  (  0.3%)  calls=42    avg=   0.01ms
  [EVAL]   Generated 3 tokens in 1.09s
  [EVAL] Processing example 43/50...
  [EVAL]   Running CSD strategy (max_steps=400)...
[STEP_BREAKDOWN] wall=0.02s  lm_callbacks=4.35s  parser_callbacks=0.17s  dafny_internal=0.00s  (0.0% in dafny/uninstrumented)
[TIMING] end_of_example (cumulative) total=4.35s
  GenerateLogits.total              2.09s  ( 48.0%)  calls=43    avg=  48.52ms
  GenerateLogits.engine_generate    1.99s  ( 45.7%)  calls=43    avg=  46.21ms
  MaskValidNextAndEos               0.17s  (  3.9%)  calls=43    avg=   3.95ms
  GenerateLogits.finalize_from_dict    0.10s  (  2.2%)  calls=43    avg=   2.21ms
  ChooseNextToken                   0.01s  (  0.2%)  calls=43    avg=   0.20ms
  GenerateLogits.sampling_params_construct    0.00s  (  0.0%)  calls=43    avg=   0.03ms
  GenerateLogits.prefix_text        0.00s  (  0.0%)  calls=43    avg=   0.01ms
  GenerateLogits.extract_logprobs    0.00s  (  0.0%)  calls=43    avg=   0.00ms
[PARSER_TIMING] end_of_example (cumulative) total=0.17s
  accept_mask.total                     0.06s  ( 34.2%)  calls=43    avg=   1.32ms
  accept_mask.dfa_lookup                0.05s  ( 28.9%)  calls=43    avg=   1.11ms
  accept_mask.lookup_next_tokens        0.05s  ( 27.5%)  calls=43    avg=   1.06ms
  accept_mask.inc_parser_accepts        0.01s  (  5.0%)  calls=43    avg=   0.19ms
  IsCompletePrefix.dafny                0.01s  (  3.5%)  calls=86    avg=   0.07ms
  accept_mask.compute_dfa_states        0.00s  (  0.6%)  calls=43    avg=   0.02ms
  accept_mask.to_cpu                    0.00s  (  0.3%)  calls=43    avg=   0.01ms
[PARSER_TIMING] end_of_example (cumulative) total=0.17s
  accept_mask.total                     0.06s  ( 34.2%)  calls=43    avg=   1.32ms
  accept_mask.dfa_lookup                0.05s  ( 28.9%)  calls=43    avg=   1.11ms
  accept_mask.lookup_next_tokens        0.05s  ( 27.5%)  calls=43    avg=   1.06ms
  accept_mask.inc_parser_accepts        0.01s  (  5.0%)  calls=43    avg=   0.19ms
  IsCompletePrefix.dafny                0.01s  (  3.5%)  calls=86    avg=   0.07ms
  accept_mask.compute_dfa_states        0.00s  (  0.6%)  calls=43    avg=   0.02ms
  accept_mask.to_cpu                    0.00s  (  0.3%)  calls=43    avg=   0.01ms
  [EVAL]   Generated 3 tokens in 0.56s
  [EVAL] Processing example 44/50...
  [EVAL]   Running CSD strategy (max_steps=400)...
[STEP_BREAKDOWN] wall=0.03s  lm_callbacks=4.40s  parser_callbacks=0.17s  dafny_internal=0.00s  (0.0% in dafny/uninstrumented)
[TIMING] end_of_example (cumulative) total=4.40s
  GenerateLogits.total              2.11s  ( 48.0%)  calls=44    avg=  47.95ms
  GenerateLogits.engine_generate    2.01s  ( 45.7%)  calls=44    avg=  45.67ms
  MaskValidNextAndEos               0.17s  (  3.9%)  calls=44    avg=   3.88ms
  GenerateLogits.finalize_from_dict    0.10s  (  2.2%)  calls=44    avg=   2.18ms
  ChooseNextToken                   0.01s  (  0.2%)  calls=44    avg=   0.20ms
  GenerateLogits.sampling_params_construct    0.00s  (  0.0%)  calls=44    avg=   0.03ms
  GenerateLogits.prefix_text        0.00s  (  0.0%)  calls=44    avg=   0.01ms
  GenerateLogits.extract_logprobs    0.00s  (  0.0%)  calls=44    avg=   0.00ms
[PARSER_TIMING] end_of_example (cumulative) total=0.17s
  accept_mask.total                     0.06s  ( 34.2%)  calls=44    avg=   1.30ms
  accept_mask.dfa_lookup                0.05s  ( 28.8%)  calls=44    avg=   1.10ms
  accept_mask.lookup_next_tokens        0.05s  ( 27.5%)  calls=44    avg=   1.04ms
  accept_mask.inc_parser_accepts        0.01s  (  5.1%)  calls=44    avg=   0.19ms
  IsCompletePrefix.dafny                0.01s  (  3.6%)  calls=88    avg=   0.07ms
  accept_mask.compute_dfa_states        0.00s  (  0.6%)  calls=44    avg=   0.02ms
  accept_mask.to_cpu                    0.00s  (  0.3%)  calls=44    avg=   0.01ms
[PARSER_TIMING] end_of_example (cumulative) total=0.17s
  accept_mask.total                     0.06s  ( 34.2%)  calls=44    avg=   1.30ms
  accept_mask.dfa_lookup                0.05s  ( 28.8%)  calls=44    avg=   1.10ms
  accept_mask.lookup_next_tokens        0.05s  ( 27.5%)  calls=44    avg=   1.04ms
  accept_mask.inc_parser_accepts        0.01s  (  5.1%)  calls=44    avg=   0.19ms
  IsCompletePrefix.dafny                0.01s  (  3.6%)  calls=88    avg=   0.07ms
  accept_mask.compute_dfa_states        0.00s  (  0.6%)  calls=44    avg=   0.02ms
  accept_mask.to_cpu                    0.00s  (  0.3%)  calls=44    avg=   0.01ms
  [EVAL]   Generated 3 tokens in 0.55s
  [EVAL] Processing example 45/50...
  [EVAL]   Running CSD strategy (max_steps=400)...
[STEP_BREAKDOWN] wall=0.02s  lm_callbacks=4.44s  parser_callbacks=0.17s  dafny_internal=0.00s  (0.0% in dafny/uninstrumented)
[TIMING] end_of_example (cumulative) total=4.44s
  GenerateLogits.total              2.13s  ( 48.0%)  calls=45    avg=  47.39ms
  GenerateLogits.engine_generate    2.03s  ( 45.7%)  calls=45    avg=  45.14ms
  MaskValidNextAndEos               0.17s  (  3.9%)  calls=45    avg=   3.81ms
  GenerateLogits.finalize_from_dict    0.10s  (  2.2%)  calls=45    avg=   2.15ms
  ChooseNextToken                   0.01s  (  0.2%)  calls=45    avg=   0.20ms
  GenerateLogits.sampling_params_construct    0.00s  (  0.0%)  calls=45    avg=   0.03ms
  GenerateLogits.prefix_text        0.00s  (  0.0%)  calls=45    avg=   0.01ms
  GenerateLogits.extract_logprobs    0.00s  (  0.0%)  calls=45    avg=   0.00ms
[PARSER_TIMING] end_of_example (cumulative) total=0.17s
  accept_mask.total                     0.06s  ( 34.2%)  calls=45    avg=   1.28ms
  accept_mask.dfa_lookup                0.05s  ( 28.8%)  calls=45    avg=   1.08ms
  accept_mask.lookup_next_tokens        0.05s  ( 27.5%)  calls=45    avg=   1.03ms
  accept_mask.inc_parser_accepts        0.01s  (  5.1%)  calls=45    avg=   0.19ms
  IsCompletePrefix.dafny                0.01s  (  3.6%)  calls=90    avg=   0.07ms
  accept_mask.compute_dfa_states        0.00s  (  0.6%)  calls=45    avg=   0.02ms
  accept_mask.to_cpu                    0.00s  (  0.3%)  calls=45    avg=   0.01ms
[PARSER_TIMING] end_of_example (cumulative) total=0.17s
  accept_mask.total                     0.06s  ( 34.2%)  calls=45    avg=   1.28ms
  accept_mask.dfa_lookup                0.05s  ( 28.8%)  calls=45    avg=   1.08ms
  accept_mask.lookup_next_tokens        0.05s  ( 27.5%)  calls=45    avg=   1.03ms
  accept_mask.inc_parser_accepts        0.01s  (  5.1%)  calls=45    avg=   0.19ms
  IsCompletePrefix.dafny                0.01s  (  3.6%)  calls=90    avg=   0.07ms
  accept_mask.compute_dfa_states        0.00s  (  0.6%)  calls=45    avg=   0.02ms
  accept_mask.to_cpu                    0.00s  (  0.3%)  calls=45    avg=   0.01ms
  [EVAL]   Generated 3 tokens in 1.14s
  [EVAL] Processing example 46/50...
  [EVAL]   Running CSD strategy (max_steps=400)...
[STEP_BREAKDOWN] wall=0.03s  lm_callbacks=4.49s  parser_callbacks=0.17s  dafny_internal=0.00s  (0.0% in dafny/uninstrumented)
[TIMING] end_of_example (cumulative) total=4.49s
  GenerateLogits.total              2.16s  ( 48.0%)  calls=46    avg=  46.87ms
  GenerateLogits.engine_generate    2.05s  ( 45.7%)  calls=46    avg=  44.65ms
  MaskValidNextAndEos               0.17s  (  3.8%)  calls=46    avg=   3.75ms
  GenerateLogits.finalize_from_dict    0.10s  (  2.2%)  calls=46    avg=   2.13ms
  ChooseNextToken                   0.01s  (  0.2%)  calls=46    avg=   0.19ms
  GenerateLogits.sampling_params_construct    0.00s  (  0.0%)  calls=46    avg=   0.03ms
  GenerateLogits.prefix_text        0.00s  (  0.0%)  calls=46    avg=   0.01ms
  GenerateLogits.extract_logprobs    0.00s  (  0.0%)  calls=46    avg=   0.00ms
[PARSER_TIMING] end_of_example (cumulative) total=0.17s
  accept_mask.total                     0.06s  ( 34.2%)  calls=46    avg=   1.26ms
  accept_mask.dfa_lookup                0.05s  ( 28.8%)  calls=46    avg=   1.06ms
  accept_mask.lookup_next_tokens        0.05s  ( 27.4%)  calls=46    avg=   1.01ms
  accept_mask.inc_parser_accepts        0.01s  (  5.1%)  calls=46    avg=   0.19ms
  IsCompletePrefix.dafny                0.01s  (  3.6%)  calls=92    avg=   0.07ms
  accept_mask.compute_dfa_states        0.00s  (  0.6%)  calls=46    avg=   0.02ms
  accept_mask.to_cpu                    0.00s  (  0.3%)  calls=46    avg=   0.01ms
[PARSER_TIMING] end_of_example (cumulative) total=0.17s
  accept_mask.total                     0.06s  ( 34.2%)  calls=46    avg=   1.26ms
  accept_mask.dfa_lookup                0.05s  ( 28.8%)  calls=46    avg=   1.06ms
  accept_mask.lookup_next_tokens        0.05s  ( 27.4%)  calls=46    avg=   1.01ms
  accept_mask.inc_parser_accepts        0.01s  (  5.1%)  calls=46    avg=   0.19ms
  IsCompletePrefix.dafny                0.01s  (  3.6%)  calls=92    avg=   0.07ms
  accept_mask.compute_dfa_states        0.00s  (  0.6%)  calls=46    avg=   0.02ms
  accept_mask.to_cpu                    0.00s  (  0.3%)  calls=46    avg=   0.01ms
  [EVAL]   Generated 3 tokens in 0.55s
  [EVAL] Processing example 47/50...
  [EVAL]   Running CSD strategy (max_steps=400)...
[STEP_BREAKDOWN] wall=0.02s  lm_callbacks=4.54s  parser_callbacks=0.17s  dafny_internal=0.00s  (0.0% in dafny/uninstrumented)
[TIMING] end_of_example (cumulative) total=4.54s
  GenerateLogits.total              2.18s  ( 48.0%)  calls=47    avg=  46.36ms
  GenerateLogits.engine_generate    2.08s  ( 45.7%)  calls=47    avg=  44.17ms
  MaskValidNextAndEos               0.17s  (  3.8%)  calls=47    avg=   3.69ms
  GenerateLogits.finalize_from_dict    0.10s  (  2.2%)  calls=47    avg=   2.10ms
  ChooseNextToken                   0.01s  (  0.2%)  calls=47    avg=   0.19ms
  GenerateLogits.sampling_params_construct    0.00s  (  0.0%)  calls=47    avg=   0.03ms
  GenerateLogits.prefix_text        0.00s  (  0.0%)  calls=47    avg=   0.01ms
  GenerateLogits.extract_logprobs    0.00s  (  0.0%)  calls=47    avg=   0.00ms
[PARSER_TIMING] end_of_example (cumulative) total=0.17s
  accept_mask.total                     0.06s  ( 34.2%)  calls=47    avg=   1.25ms
  accept_mask.dfa_lookup                0.05s  ( 28.7%)  calls=47    avg=   1.05ms
  accept_mask.lookup_next_tokens        0.05s  ( 27.4%)  calls=47    avg=   1.00ms
  accept_mask.inc_parser_accepts        0.01s  (  5.2%)  calls=47    avg=   0.19ms
  IsCompletePrefix.dafny                0.01s  (  3.6%)  calls=94    avg=   0.07ms
  accept_mask.compute_dfa_states        0.00s  (  0.6%)  calls=47    avg=   0.02ms
  accept_mask.to_cpu                    0.00s  (  0.3%)  calls=47    avg=   0.01ms
[PARSER_TIMING] end_of_example (cumulative) total=0.17s
  accept_mask.total                     0.06s  ( 34.2%)  calls=47    avg=   1.25ms
  accept_mask.dfa_lookup                0.05s  ( 28.7%)  calls=47    avg=   1.05ms
  accept_mask.lookup_next_tokens        0.05s  ( 27.4%)  calls=47    avg=   1.00ms
  accept_mask.inc_parser_accepts        0.01s  (  5.2%)  calls=47    avg=   0.19ms
  IsCompletePrefix.dafny                0.01s  (  3.6%)  calls=94    avg=   0.07ms
  accept_mask.compute_dfa_states        0.00s  (  0.6%)  calls=47    avg=   0.02ms
  accept_mask.to_cpu                    0.00s  (  0.3%)  calls=47    avg=   0.01ms
  [EVAL]   Generated 3 tokens in 0.55s
  [EVAL] Processing example 48/50...
  [EVAL]   Running CSD strategy (max_steps=400)...
[STEP_BREAKDOWN] wall=0.02s  lm_callbacks=4.59s  parser_callbacks=0.17s  dafny_internal=0.00s  (0.0% in dafny/uninstrumented)
[TIMING] end_of_example (cumulative) total=4.59s
  GenerateLogits.total              2.20s  ( 48.0%)  calls=48    avg=  45.88ms
  GenerateLogits.engine_generate    2.10s  ( 45.8%)  calls=48    avg=  43.71ms
  MaskValidNextAndEos               0.17s  (  3.8%)  calls=48    avg=   3.63ms
  GenerateLogits.finalize_from_dict    0.10s  (  2.2%)  calls=48    avg=   2.08ms
  ChooseNextToken                   0.01s  (  0.2%)  calls=48    avg=   0.19ms
  GenerateLogits.sampling_params_construct    0.00s  (  0.0%)  calls=48    avg=   0.03ms
  GenerateLogits.prefix_text        0.00s  (  0.0%)  calls=48    avg=   0.01ms
  GenerateLogits.extract_logprobs    0.00s  (  0.0%)  calls=48    avg=   0.00ms
[PARSER_TIMING] end_of_example (cumulative) total=0.17s
  accept_mask.total                     0.06s  ( 34.2%)  calls=48    avg=   1.24ms
  accept_mask.dfa_lookup                0.05s  ( 28.7%)  calls=48    avg=   1.04ms
  accept_mask.lookup_next_tokens        0.05s  ( 27.3%)  calls=48    avg=   0.99ms
  accept_mask.inc_parser_accepts        0.01s  (  5.2%)  calls=48    avg=   0.19ms
  IsCompletePrefix.dafny                0.01s  (  3.6%)  calls=96    avg=   0.07ms
  accept_mask.compute_dfa_states        0.00s  (  0.6%)  calls=48    avg=   0.02ms
  accept_mask.to_cpu                    0.00s  (  0.3%)  calls=48    avg=   0.01ms
[PARSER_TIMING] end_of_example (cumulative) total=0.17s
  accept_mask.total                     0.06s  ( 34.2%)  calls=48    avg=   1.24ms
  accept_mask.dfa_lookup                0.05s  ( 28.7%)  calls=48    avg=   1.04ms
  accept_mask.lookup_next_tokens        0.05s  ( 27.3%)  calls=48    avg=   0.99ms
  accept_mask.inc_parser_accepts        0.01s  (  5.2%)  calls=48    avg=   0.19ms
  IsCompletePrefix.dafny                0.01s  (  3.6%)  calls=96    avg=   0.07ms
  accept_mask.compute_dfa_states        0.00s  (  0.6%)  calls=48    avg=   0.02ms
  accept_mask.to_cpu                    0.00s  (  0.3%)  calls=48    avg=   0.01ms
  [EVAL]   Generated 3 tokens in 1.11s
  [EVAL] Processing example 49/50...
  [EVAL]   Running CSD strategy (max_steps=400)...
[STEP_BREAKDOWN] wall=0.02s  lm_callbacks=4.63s  parser_callbacks=0.17s  dafny_internal=0.00s  (0.0% in dafny/uninstrumented)
[TIMING] end_of_example (cumulative) total=4.63s
  GenerateLogits.total              2.23s  ( 48.0%)  calls=49    avg=  45.42ms
  GenerateLogits.engine_generate    2.12s  ( 45.8%)  calls=49    avg=  43.27ms
  MaskValidNextAndEos               0.18s  (  3.8%)  calls=49    avg=   3.57ms
  GenerateLogits.finalize_from_dict    0.10s  (  2.2%)  calls=49    avg=   2.06ms
  ChooseNextToken                   0.01s  (  0.2%)  calls=49    avg=   0.19ms
  GenerateLogits.sampling_params_construct    0.00s  (  0.0%)  calls=49    avg=   0.03ms
  GenerateLogits.prefix_text        0.00s  (  0.0%)  calls=49    avg=   0.01ms
  GenerateLogits.extract_logprobs    0.00s  (  0.0%)  calls=49    avg=   0.00ms
[PARSER_TIMING] end_of_example (cumulative) total=0.17s
  accept_mask.total                     0.06s  ( 34.2%)  calls=49    avg=   1.22ms
  accept_mask.dfa_lookup                0.05s  ( 28.7%)  calls=49    avg=   1.02ms
  accept_mask.lookup_next_tokens        0.05s  ( 27.3%)  calls=49    avg=   0.97ms
  accept_mask.inc_parser_accepts        0.01s  (  5.2%)  calls=49    avg=   0.19ms
  IsCompletePrefix.dafny                0.01s  (  3.7%)  calls=98    avg=   0.07ms
  accept_mask.compute_dfa_states        0.00s  (  0.7%)  calls=49    avg=   0.02ms
  accept_mask.to_cpu                    0.00s  (  0.3%)  calls=49    avg=   0.01ms
[PARSER_TIMING] end_of_example (cumulative) total=0.17s
  accept_mask.total                     0.06s  ( 34.2%)  calls=49    avg=   1.22ms
  accept_mask.dfa_lookup                0.05s  ( 28.7%)  calls=49    avg=   1.02ms
  accept_mask.lookup_next_tokens        0.05s  ( 27.3%)  calls=49    avg=   0.97ms
  accept_mask.inc_parser_accepts        0.01s  (  5.2%)  calls=49    avg=   0.19ms
  IsCompletePrefix.dafny                0.01s  (  3.7%)  calls=98    avg=   0.07ms
  accept_mask.compute_dfa_states        0.00s  (  0.7%)  calls=49    avg=   0.02ms
  accept_mask.to_cpu                    0.00s  (  0.3%)  calls=49    avg=   0.01ms
  [EVAL]   Generated 3 tokens in 0.56s
  [EVAL] Processing example 50/50...
  [EVAL]   Running CSD strategy (max_steps=400)...
    [PROGRESS] GenerateLogits call #50, prefix length: 1, cache_hits=0
[TIMING] after 50 GenerateLogits calls total=4.66s
  GenerateLogits.total              2.23s  ( 47.8%)  calls=49    avg=  45.42ms
  GenerateLogits.engine_generate    2.14s  ( 46.0%)  calls=50    avg=  42.84ms
  MaskValidNextAndEos               0.18s  (  3.8%)  calls=49    avg=   3.57ms
  GenerateLogits.finalize_from_dict    0.10s  (  2.2%)  calls=50    avg=   2.03ms
  ChooseNextToken                   0.01s  (  0.2%)  calls=49    avg=   0.19ms
  GenerateLogits.sampling_params_construct    0.00s  (  0.0%)  calls=50    avg=   0.03ms
  GenerateLogits.prefix_text        0.00s  (  0.0%)  calls=50    avg=   0.01ms
  GenerateLogits.extract_logprobs    0.00s  (  0.0%)  calls=50    avg=   0.00ms
[PARSER_TIMING] after 50 GenerateLogits calls total=0.17s
  accept_mask.total                     0.06s  ( 34.2%)  calls=49    avg=   1.22ms
  accept_mask.dfa_lookup                0.05s  ( 28.7%)  calls=49    avg=   1.02ms
  accept_mask.lookup_next_tokens        0.05s  ( 27.3%)  calls=49    avg=   0.97ms
  accept_mask.inc_parser_accepts        0.01s  (  5.2%)  calls=49    avg=   0.19ms
  IsCompletePrefix.dafny                0.01s  (  3.7%)  calls=99    avg=   0.06ms
  accept_mask.compute_dfa_states        0.00s  (  0.7%)  calls=49    avg=   0.02ms
  accept_mask.to_cpu                    0.00s  (  0.3%)  calls=49    avg=   0.01ms
[STEP_BREAKDOWN] wall=0.02s  lm_callbacks=4.68s  parser_callbacks=0.18s  dafny_internal=0.00s  (0.0% in dafny/uninstrumented)
[TIMING] end_of_example (cumulative) total=4.68s
  GenerateLogits.total              2.25s  ( 48.0%)  calls=50    avg=  44.96ms
  GenerateLogits.engine_generate    2.14s  ( 45.8%)  calls=50    avg=  42.84ms
  MaskValidNextAndEos               0.18s  (  3.8%)  calls=50    avg=   3.52ms
  GenerateLogits.finalize_from_dict    0.10s  (  2.2%)  calls=50    avg=   2.03ms
  ChooseNextToken                   0.01s  (  0.2%)  calls=50    avg=   0.18ms
  GenerateLogits.sampling_params_construct    0.00s  (  0.0%)  calls=50    avg=   0.03ms
  GenerateLogits.prefix_text        0.00s  (  0.0%)  calls=50    avg=   0.01ms
  GenerateLogits.extract_logprobs    0.00s  (  0.0%)  calls=50    avg=   0.00ms
[PARSER_TIMING] end_of_example (cumulative) total=0.18s
  accept_mask.total                     0.06s  ( 34.2%)  calls=50    avg=   1.21ms
  accept_mask.dfa_lookup                0.05s  ( 28.6%)  calls=50    avg=   1.01ms
  accept_mask.lookup_next_tokens        0.05s  ( 27.3%)  calls=50    avg=   0.96ms
  accept_mask.inc_parser_accepts        0.01s  (  5.3%)  calls=50    avg=   0.19ms
  IsCompletePrefix.dafny                0.01s  (  3.7%)  calls=100   avg=   0.06ms
  accept_mask.compute_dfa_states        0.00s  (  0.7%)  calls=50    avg=   0.02ms
  accept_mask.to_cpu                    0.00s  (  0.3%)  calls=50    avg=   0.01ms
[PARSER_TIMING] end_of_example (cumulative) total=0.18s
  accept_mask.total                     0.06s  ( 34.2%)  calls=50    avg=   1.21ms
  accept_mask.dfa_lookup                0.05s  ( 28.6%)  calls=50    avg=   1.01ms
  accept_mask.lookup_next_tokens        0.05s  ( 27.3%)  calls=50    avg=   0.96ms
  accept_mask.inc_parser_accepts        0.01s  (  5.3%)  calls=50    avg=   0.19ms
  IsCompletePrefix.dafny                0.01s  (  3.7%)  calls=100   avg=   0.06ms
  accept_mask.compute_dfa_states        0.00s  (  0.7%)  calls=50    avg=   0.02ms
  accept_mask.to_cpu                    0.00s  (  0.3%)  calls=50    avg=   0.01ms
  [EVAL]   Generated 3 tokens in 0.62s
  [smiles] paper-aligned metrics:
    Membership: 0.0%
    RDKit Validity: 100.0%
    Samples to 100 unique valid (cap 1000): 1000
    Unique valid molecules this eval: 0/50
  ✗ Evaluation below threshold:
    Accuracy: 0.0% (min: 90.0%)
    Contains << >>: yes (required: no)
    Syntax: 100.0% (min: 95.0%)
    Slowest Example Time: 1.01s (max: 90.00s)
  Evaluator runtime kept warm; generation backend is hosted (bedrock)
  Refining based on evaluation results...
  Helper policy: helper mask warm-up (1/3 evaluated attempts for bandit)
  [synthesis] anchor for next refinement: attempt 1 (acc=0.0%, syn=100.0%)
  Beam evaluation_threshold: 2 candidate(s), selected contract_ok=True verify_ok=True local=False edit_ratio=1.27

============================================================
Attempt 2/15
============================================================
Helper policy: helper mask warm-up (1/3 evaluated attempts for bandit)
Strategy: // CSD_RATIONALE_BEGIN
// Strategy: For SMILES generation with a hidden constrained surface (no visible << >> delimiters),
// we use ConstrainedGeneration to produce a parser-valid SMILES string directly.
// If maxSteps == 0, we return immediately with no progress.
// Otherwise, we call ConstrainedGeneration with the full maxSteps budget, append the result
// to generatedPrefix, and charge cost accordingly.
// The insideConstrained state is preserved as-is (we don't open/close spans here).
// CSD_RATIONALE_END

// CSD_PROOF_SKETCH_BEGIN
// 1. parser_validity invariant:
//    - We never modify insideConstrainedOut or currentConstrainedOut from their initial values
//      (which satisfy the preconditions). The base case (maxSteps==0) trivially preserves this.
//    - In the non-zero case, we use ConstrainedGeneration which does not affect currentConstrained.
//      insideConstrainedOut remains equal to insideConstrained, and currentConstrainedOut remains
//      equal to currentConstrained. The precondition guarantees these satisfy parser_validity.
//
// 2. progress invariant:
//    - |generated| <= |generatedPrefix| + steps:
//      In the maxSteps==0 branch: generated == generatedPrefix, steps==0, so |generated| == |generatedPrefix| + 0. OK.
//      In the main branch: ConstrainedGeneration returns at most maxSteps tokens.
//      generated := generatedPrefix + constrainedGenerated, so |generated| = |generatedPrefix| + |constrainedGenerated|.
//      Since |constrainedGenerated| <= maxSteps, we have |generated| <= |generatedPrefix| + maxSteps.
//      cost := |constrainedGenerated| + (1 if terminatedByEos else 0) <= maxSteps, satisfying cost <= maxSteps.
//      Progress is ensured because cost > 0 whenever maxSteps > 0 (at least one step is consumed).
// CSD_PROOF_SKETCH_END

generated := generatedPrefix;
insideConstrainedOut := insideConstrained;
currentConstrainedOut := currentConstrained;
cost := 0;

if maxSteps == 0 {
  // No budget: return immediately with no changes and cost == 0.
  // The progress postcondition is satisfied vacuously (maxSteps == 0).
} else {
  // Use ConstrainedGeneration for the hidden constrained chunk surface.
  // This generates a complete parser-valid SMILES without visible << >> delimiters.
  var constrainedGenerated, terminatedByEos := helpers.ConstrainedGeneration(
    lm, parser, prompt, maxSteps, eosToken
  );

  // Append the constrained generation result to generated
  generated := generatedPrefix + constrainedGenerated;

  // Cost is at most maxSteps; it is at least 1 since maxSteps > 0.
  // ConstrainedGeneration costs |constrainedGenerated| plus 1 if EOS terminated.
  if terminatedByEos {
    cost := |constrainedGenerated| + 1;
    if cost > maxSteps {
      cost := maxSteps;
    }
  } else {
    cost := |constrainedGenerated|;
    if cost == 0 {
      cost := 1;
    }
    if cost > maxSteps {
      cost := maxSteps;
    }
  }
}

[1/4] Verifying with Dafny...
  ✓ Verification passed

[2/4] Compiling to Python...
  ✓ Compiled to outputs/generated/smiles_1p5B_isocyanates_20260610/smiles_1p5B_isocyanates_20260610_20260611_103011_45d824/python/smiles_1p5B_isocyanates_20260610_20260611_103328_398e0f

[3/4] Evaluating compiled strategy (runtime smoke test removed).

[4/4] Evaluating on dataset sample...
  [synthesis] eval seed for this iteration: None
  [EVAL] Processing example 1/50...
  [EVAL]   Running CSD strategy (max_steps=400)...
[STEP_BREAKDOWN] wall=0.11s  lm_callbacks=4.89s  parser_callbacks=0.18s  dafny_internal=0.00s  (0.0% in dafny/uninstrumented)
[TIMING] end_of_example (cumulative) total=4.89s
  GenerateLogits.total              2.35s  ( 48.1%)  calls=51    avg=  46.16ms
  GenerateLogits.engine_generate    2.25s  ( 45.9%)  calls=51    avg=  44.05ms
  MaskValidNextAndEos               0.18s  (  3.6%)  calls=51    avg=   3.49ms
  GenerateLogits.finalize_from_dict    0.10s  (  2.1%)  calls=51    avg=   2.02ms
  ChooseNextToken                   0.01s  (  0.2%)  calls=51    avg=   0.18ms
  GenerateLogits.sampling_params_construct    0.00s  (  0.0%)  calls=51    avg=   0.03ms
  GenerateLogits.prefix_text        0.00s  (  0.0%)  calls=51    avg=   0.01ms
  GenerateLogits.extract_logprobs    0.00s  (  0.0%)  calls=51    avg=   0.00ms
[PARSER_TIMING] end_of_example (cumulative) total=0.18s
  accept_mask.total                     0.06s  ( 34.2%)  calls=51    avg=   1.21ms
  accept_mask.dfa_lookup                0.05s  ( 28.5%)  calls=51    avg=   1.00ms
  accept_mask.lookup_next_tokens        0.05s  ( 27.1%)  calls=51    avg=   0.96ms
  accept_mask.inc_parser_accepts        0.01s  (  5.4%)  calls=51    avg=   0.19ms
  IsCompletePrefix.dafny                0.01s  (  3.8%)  calls=102   avg=   0.07ms
  accept_mask.compute_dfa_states        0.00s  (  0.7%)  calls=51    avg=   0.02ms
  accept_mask.to_cpu                    0.00s  (  0.3%)  calls=51    avg=   0.01ms
[PARSER_TIMING] end_of_example (cumulative) total=0.18s
  accept_mask.total                     0.06s  ( 34.2%)  calls=51    avg=   1.21ms
  accept_mask.dfa_lookup                0.05s  ( 28.5%)  calls=51    avg=   1.00ms
  accept_mask.lookup_next_tokens        0.05s  ( 27.1%)  calls=51    avg=   0.96ms
  accept_mask.inc_parser_accepts        0.01s  (  5.4%)  calls=51    avg=   0.19ms
  IsCompletePrefix.dafny                0.01s  (  3.8%)  calls=102   avg=   0.07ms
  accept_mask.compute_dfa_states        0.00s  (  0.7%)  calls=51    avg=   0.02ms
  accept_mask.to_cpu                    0.00s  (  0.3%)  calls=51    avg=   0.01ms
  [EVAL]   Generated 1 tokens in 1.47s
  [EVAL] Processing example 2/50...
  [EVAL]   Running CSD strategy (max_steps=400)...
[STEP_BREAKDOWN] wall=0.04s  lm_callbacks=4.96s  parser_callbacks=0.18s  dafny_internal=0.00s  (0.0% in dafny/uninstrumented)
[TIMING] end_of_example (cumulative) total=4.96s
  GenerateLogits.total              2.39s  ( 48.1%)  calls=52    avg=  45.92ms
  GenerateLogits.engine_generate    2.28s  ( 45.9%)  calls=52    avg=  43.82ms
  MaskValidNextAndEos               0.18s  (  3.6%)  calls=52    avg=   3.44ms
  GenerateLogits.finalize_from_dict    0.10s  (  2.1%)  calls=52    avg=   2.01ms
  ChooseNextToken                   0.01s  (  0.2%)  calls=52    avg=   0.18ms
  GenerateLogits.sampling_params_construct    0.00s  (  0.0%)  calls=52    avg=   0.03ms
  GenerateLogits.prefix_text        0.00s  (  0.0%)  calls=52    avg=   0.01ms
  GenerateLogits.extract_logprobs    0.00s  (  0.0%)  calls=52    avg=   0.00ms
[PARSER_TIMING] end_of_example (cumulative) total=0.18s
  accept_mask.total                     0.06s  ( 34.2%)  calls=52    avg=   1.19ms
  accept_mask.dfa_lookup                0.05s  ( 28.5%)  calls=52    avg=   0.99ms
  accept_mask.lookup_next_tokens        0.05s  ( 27.0%)  calls=52    avg=   0.94ms
  accept_mask.inc_parser_accepts        0.01s  (  5.5%)  calls=52    avg=   0.19ms
  IsCompletePrefix.dafny                0.01s  (  3.8%)  calls=104   avg=   0.07ms
  accept_mask.compute_dfa_states        0.00s  (  0.7%)  calls=52    avg=   0.02ms
  accept_mask.to_cpu                    0.00s  (  0.3%)  calls=52    avg=   0.01ms
[PARSER_TIMING] end_of_example (cumulative) total=0.18s
  accept_mask.total                     0.06s  ( 34.2%)  calls=52    avg=   1.19ms
  accept_mask.dfa_lookup                0.05s  ( 28.5%)  calls=52    avg=   0.99ms
  accept_mask.lookup_next_tokens        0.05s  ( 27.0%)  calls=52    avg=   0.94ms
  accept_mask.inc_parser_accepts        0.01s  (  5.5%)  calls=52    avg=   0.19ms
  IsCompletePrefix.dafny                0.01s  (  3.8%)  calls=104   avg=   0.07ms
  accept_mask.compute_dfa_states        0.00s  (  0.7%)  calls=52    avg=   0.02ms
  accept_mask.to_cpu                    0.00s  (  0.3%)  calls=52    avg=   0.01ms
  [EVAL]   Generated 1 tokens in 0.59s
  [EVAL] Processing example 3/50...
  [EVAL]   Running CSD strategy (max_steps=400)...
[STEP_BREAKDOWN] wall=0.03s  lm_callbacks=5.03s  parser_callbacks=0.18s  dafny_internal=0.00s  (0.0% in dafny/uninstrumented)
[TIMING] end_of_example (cumulative) total=5.03s
  GenerateLogits.total              2.42s  ( 48.1%)  calls=53    avg=  45.65ms
  GenerateLogits.engine_generate    2.31s  ( 45.9%)  calls=53    avg=  43.57ms
  MaskValidNextAndEos               0.18s  (  3.6%)  calls=53    avg=   3.40ms
  GenerateLogits.finalize_from_dict    0.11s  (  2.1%)  calls=53    avg=   2.00ms
  ChooseNextToken                   0.01s  (  0.2%)  calls=53    avg=   0.18ms
  GenerateLogits.sampling_params_construct    0.00s  (  0.0%)  calls=53    avg=   0.03ms
  GenerateLogits.prefix_text        0.00s  (  0.0%)  calls=53    avg=   0.01ms
  GenerateLogits.extract_logprobs    0.00s  (  0.0%)  calls=53    avg=   0.00ms
[PARSER_TIMING] end_of_example (cumulative) total=0.18s
  accept_mask.total                     0.06s  ( 34.3%)  calls=53    avg=   1.19ms
  accept_mask.dfa_lookup                0.05s  ( 28.4%)  calls=53    avg=   0.98ms
  accept_mask.lookup_next_tokens        0.05s  ( 27.0%)  calls=53    avg=   0.93ms
  accept_mask.inc_parser_accepts        0.01s  (  5.5%)  calls=53    avg=   0.19ms
  IsCompletePrefix.dafny                0.01s  (  3.8%)  calls=106   avg=   0.07ms
  accept_mask.compute_dfa_states        0.00s  (  0.7%)  calls=53    avg=   0.02ms
  accept_mask.to_cpu                    0.00s  (  0.3%)  calls=53    avg=   0.01ms
[PARSER_TIMING] end_of_example (cumulative) total=0.18s
  accept_mask.total                     0.06s  ( 34.3%)  calls=53    avg=   1.19ms
  accept_mask.dfa_lookup                0.05s  ( 28.4%)  calls=53    avg=   0.98ms
  accept_mask.lookup_next_tokens        0.05s  ( 27.0%)  calls=53    avg=   0.93ms
  accept_mask.inc_parser_accepts        0.01s  (  5.5%)  calls=53    avg=   0.19ms
  IsCompletePrefix.dafny                0.01s  (  3.8%)  calls=106   avg=   0.07ms
  accept_mask.compute_dfa_states        0.00s  (  0.7%)  calls=53    avg=   0.02ms
  accept_mask.to_cpu                    0.00s  (  0.3%)  calls=53    avg=   0.01ms
  [EVAL]   Generated 1 tokens in 0.58s
  [EVAL] Processing example 4/50...
  [EVAL]   Running CSD strategy (max_steps=400)...
[STEP_BREAKDOWN] wall=0.03s  lm_callbacks=5.09s  parser_callbacks=0.19s  dafny_internal=0.00s  (0.0% in dafny/uninstrumented)
[TIMING] end_of_example (cumulative) total=5.09s
  GenerateLogits.total              2.45s  ( 48.1%)  calls=54    avg=  45.38ms
  GenerateLogits.engine_generate    2.34s  ( 46.0%)  calls=54    avg=  43.31ms
  MaskValidNextAndEos               0.18s  (  3.6%)  calls=54    avg=   3.36ms
  GenerateLogits.finalize_from_dict    0.11s  (  2.1%)  calls=54    avg=   1.98ms
  ChooseNextToken                   0.01s  (  0.2%)  calls=54    avg=   0.18ms
  GenerateLogits.sampling_params_construct    0.00s  (  0.0%)  calls=54    avg=   0.03ms
  GenerateLogits.prefix_text        0.00s  (  0.0%)  calls=54    avg=   0.01ms
  GenerateLogits.extract_logprobs    0.00s  (  0.0%)  calls=54    avg=   0.00ms
[PARSER_TIMING] end_of_example (cumulative) total=0.19s
  accept_mask.total                     0.06s  ( 34.3%)  calls=54    avg=   1.17ms
  accept_mask.dfa_lookup                0.05s  ( 28.4%)  calls=54    avg=   0.97ms
  accept_mask.lookup_next_tokens        0.05s  ( 26.9%)  calls=54    avg=   0.92ms
  accept_mask.inc_parser_accepts        0.01s  (  5.6%)  calls=54    avg=   0.19ms
  IsCompletePrefix.dafny                0.01s  (  3.9%)  calls=108   avg=   0.07ms
  accept_mask.compute_dfa_states        0.00s  (  0.7%)  calls=54    avg=   0.02ms
  accept_mask.to_cpu                    0.00s  (  0.3%)  calls=54    avg=   0.01ms
[PARSER_TIMING] end_of_example (cumulative) total=0.19s
  accept_mask.total                     0.06s  ( 34.3%)  calls=54    avg=   1.17ms
  accept_mask.dfa_lookup                0.05s  ( 28.4%)  calls=54    avg=   0.97ms
  accept_mask.lookup_next_tokens        0.05s  ( 26.9%)  calls=54    avg=   0.92ms
  accept_mask.inc_parser_accepts        0.01s  (  5.6%)  calls=54    avg=   0.19ms
  IsCompletePrefix.dafny                0.01s  (  3.9%)  calls=108   avg=   0.07ms
  accept_mask.compute_dfa_states        0.00s  (  0.7%)  calls=54    avg=   0.02ms
  accept_mask.to_cpu                    0.00s  (  0.3%)  calls=54    avg=   0.01ms
  [EVAL]   Generated 1 tokens in 1.13s
  [EVAL] Processing example 5/50...
  [EVAL]   Running CSD strategy (max_steps=400)...
[STEP_BREAKDOWN] wall=0.03s  lm_callbacks=5.15s  parser_callbacks=0.19s  dafny_internal=0.00s  (0.0% in dafny/uninstrumented)
[TIMING] end_of_example (cumulative) total=5.15s
  GenerateLogits.total              2.48s  ( 48.2%)  calls=55    avg=  45.13ms
  GenerateLogits.engine_generate    2.37s  ( 46.0%)  calls=55    avg=  43.08ms
  MaskValidNextAndEos               0.18s  (  3.5%)  calls=55    avg=   3.32ms
  GenerateLogits.finalize_from_dict    0.11s  (  2.1%)  calls=55    avg=   1.96ms
  ChooseNextToken                   0.01s  (  0.2%)  calls=55    avg=   0.18ms
  GenerateLogits.sampling_params_construct    0.00s  (  0.0%)  calls=55    avg=   0.03ms
  GenerateLogits.prefix_text        0.00s  (  0.0%)  calls=55    avg=   0.01ms
  GenerateLogits.extract_logprobs    0.00s  (  0.0%)  calls=55    avg=   0.00ms
[PARSER_TIMING] end_of_example (cumulative) total=0.19s
  accept_mask.total                     0.06s  ( 34.3%)  calls=55    avg=   1.17ms
  accept_mask.dfa_lookup                0.05s  ( 28.3%)  calls=55    avg=   0.96ms
  accept_mask.lookup_next_tokens        0.05s  ( 26.8%)  calls=55    avg=   0.91ms
  accept_mask.inc_parser_accepts        0.01s  (  5.6%)  calls=55    avg=   0.19ms
  IsCompletePrefix.dafny                0.01s  (  3.9%)  calls=110   avg=   0.07ms
  accept_mask.compute_dfa_states        0.00s  (  0.7%)  calls=55    avg=   0.02ms
  accept_mask.to_cpu                    0.00s  (  0.3%)  calls=55    avg=   0.01ms
[PARSER_TIMING] end_of_example (cumulative) total=0.19s
  accept_mask.total                     0.06s  ( 34.3%)  calls=55    avg=   1.17ms
  accept_mask.dfa_lookup                0.05s  ( 28.3%)  calls=55    avg=   0.96ms
  accept_mask.lookup_next_tokens        0.05s  ( 26.8%)  calls=55    avg=   0.91ms
  accept_mask.inc_parser_accepts        0.01s  (  5.6%)  calls=55    avg=   0.19ms
  IsCompletePrefix.dafny                0.01s  (  3.9%)  calls=110   avg=   0.07ms
  accept_mask.compute_dfa_states        0.00s  (  0.7%)  calls=55    avg=   0.02ms
  accept_mask.to_cpu                    0.00s  (  0.3%)  calls=55    avg=   0.01ms
  [EVAL]   Generated 1 tokens in 0.60s
  [EVAL] Processing example 6/50...
  [EVAL]   Running CSD strategy (max_steps=400)...
[STEP_BREAKDOWN] wall=0.03s  lm_callbacks=5.22s  parser_callbacks=0.19s  dafny_internal=0.00s  (0.0% in dafny/uninstrumented)
[TIMING] end_of_example (cumulative) total=5.22s
  GenerateLogits.total              2.51s  ( 48.2%)  calls=56    avg=  44.89ms
  GenerateLogits.engine_generate    2.40s  ( 46.0%)  calls=56    avg=  42.85ms
  MaskValidNextAndEos               0.18s  (  3.5%)  calls=56    avg=   3.29ms
  GenerateLogits.finalize_from_dict    0.11s  (  2.1%)  calls=56    avg=   1.95ms
  ChooseNextToken                   0.01s  (  0.2%)  calls=56    avg=   0.17ms
  GenerateLogits.sampling_params_construct    0.00s  (  0.0%)  calls=56    avg=   0.03ms
  GenerateLogits.prefix_text        0.00s  (  0.0%)  calls=56    avg=   0.01ms
  GenerateLogits.extract_logprobs    0.00s  (  0.0%)  calls=56    avg=   0.00ms
[PARSER_TIMING] end_of_example (cumulative) total=0.19s
  accept_mask.total                     0.06s  ( 34.3%)  calls=56    avg=   1.16ms
  accept_mask.dfa_lookup                0.05s  ( 28.3%)  calls=56    avg=   0.96ms
  accept_mask.lookup_next_tokens        0.05s  ( 26.8%)  calls=56    avg=   0.91ms
  accept_mask.inc_parser_accepts        0.01s  (  5.7%)  calls=56    avg=   0.19ms
  IsCompletePrefix.dafny                0.01s  (  4.0%)  calls=112   avg=   0.07ms
  accept_mask.compute_dfa_states        0.00s  (  0.7%)  calls=56    avg=   0.02ms
  accept_mask.to_cpu                    0.00s  (  0.3%)  calls=56    avg=   0.01ms
[PARSER_TIMING] end_of_example (cumulative) total=0.19s
  accept_mask.total                     0.06s  ( 34.3%)  calls=56    avg=   1.16ms
  accept_mask.dfa_lookup                0.05s  ( 28.3%)  calls=56    avg=   0.96ms
  accept_mask.lookup_next_tokens        0.05s  ( 26.8%)  calls=56    avg=   0.91ms
  accept_mask.inc_parser_accepts        0.01s  (  5.7%)  calls=56    avg=   0.19ms
  IsCompletePrefix.dafny                0.01s  (  4.0%)  calls=112   avg=   0.07ms
  accept_mask.compute_dfa_states        0.00s  (  0.7%)  calls=56    avg=   0.02ms
  accept_mask.to_cpu                    0.00s  (  0.3%)  calls=56    avg=   0.01ms
  [EVAL]   Generated 1 tokens in 0.57s
  [EVAL] Processing example 7/50...
  [EVAL]   Running CSD strategy (max_steps=400)...
[STEP_BREAKDOWN] wall=0.03s  lm_callbacks=5.28s  parser_callbacks=0.19s  dafny_internal=0.00s  (0.0% in dafny/uninstrumented)
[TIMING] end_of_example (cumulative) total=5.28s
  GenerateLogits.total              2.54s  ( 48.2%)  calls=57    avg=  44.64ms
  GenerateLogits.engine_generate    2.43s  ( 46.0%)  calls=57    avg=  42.62ms
  MaskValidNextAndEos               0.19s  (  3.5%)  calls=57    avg=   3.25ms
  GenerateLogits.finalize_from_dict    0.11s  (  2.1%)  calls=57    avg=   1.93ms
  ChooseNextToken                   0.01s  (  0.2%)  calls=57    avg=   0.17ms
  GenerateLogits.sampling_params_construct    0.00s  (  0.0%)  calls=57    avg=   0.03ms
  GenerateLogits.prefix_text        0.00s  (  0.0%)  calls=57    avg=   0.01ms
  GenerateLogits.extract_logprobs    0.00s  (  0.0%)  calls=57    avg=   0.00ms
[PARSER_TIMING] end_of_example (cumulative) total=0.19s
  accept_mask.total                     0.07s  ( 34.3%)  calls=57    avg=   1.15ms
  accept_mask.dfa_lookup                0.05s  ( 28.2%)  calls=57    avg=   0.95ms
  accept_mask.lookup_next_tokens        0.05s  ( 26.7%)  calls=57    avg=   0.90ms
  accept_mask.inc_parser_accepts        0.01s  (  5.7%)  calls=57    avg=   0.19ms
  IsCompletePrefix.dafny                0.01s  (  4.0%)  calls=114   avg=   0.07ms
  accept_mask.compute_dfa_states        0.00s  (  0.7%)  calls=57    avg=   0.02ms
  accept_mask.to_cpu                    0.00s  (  0.3%)  calls=57    avg=   0.01ms
[PARSER_TIMING] end_of_example (cumulative) total=0.19s
  accept_mask.total                     0.07s  ( 34.3%)  calls=57    avg=   1.15ms
  accept_mask.dfa_lookup                0.05s  ( 28.2%)  calls=57    avg=   0.95ms
  accept_mask.lookup_next_tokens        0.05s  ( 26.7%)  calls=57    avg=   0.90ms
  accept_mask.inc_parser_accepts        0.01s  (  5.7%)  calls=57    avg=   0.19ms
  IsCompletePrefix.dafny                0.01s  (  4.0%)  calls=114   avg=   0.07ms
  accept_mask.compute_dfa_states        0.00s  (  0.7%)  calls=57    avg=   0.02ms
  accept_mask.to_cpu                    0.00s  (  0.3%)  calls=57    avg=   0.01ms
  [EVAL]   Generated 1 tokens in 1.08s
  [EVAL] Processing example 8/50...
  [EVAL]   Running CSD strategy (max_steps=400)...
[STEP_BREAKDOWN] wall=0.03s  lm_callbacks=5.35s  parser_callbacks=0.19s  dafny_internal=0.00s  (0.0% in dafny/uninstrumented)
[TIMING] end_of_example (cumulative) total=5.35s
  GenerateLogits.total              2.58s  ( 48.2%)  calls=58    avg=  44.42ms
  GenerateLogits.engine_generate    2.46s  ( 46.0%)  calls=58    avg=  42.41ms
  MaskValidNextAndEos               0.19s  (  3.5%)  calls=58    avg=   3.21ms
  GenerateLogits.finalize_from_dict    0.11s  (  2.1%)  calls=58    avg=   1.92ms
  ChooseNextToken                   0.01s  (  0.2%)  calls=58    avg=   0.17ms
  GenerateLogits.sampling_params_construct    0.00s  (  0.0%)  calls=58    avg=   0.03ms
  GenerateLogits.prefix_text        0.00s  (  0.0%)  calls=58    avg=   0.01ms
  GenerateLogits.extract_logprobs    0.00s  (  0.0%)  calls=58    avg=   0.00ms
[PARSER_TIMING] end_of_example (cumulative) total=0.19s
  accept_mask.total                     0.07s  ( 34.3%)  calls=58    avg=   1.14ms
  accept_mask.dfa_lookup                0.05s  ( 28.2%)  calls=58    avg=   0.94ms
  accept_mask.lookup_next_tokens        0.05s  ( 26.6%)  calls=58    avg=   0.89ms
  accept_mask.inc_parser_accepts        0.01s  (  5.8%)  calls=58    avg=   0.19ms
  IsCompletePrefix.dafny                0.01s  (  4.1%)  calls=116   avg=   0.07ms
  accept_mask.compute_dfa_states        0.00s  (  0.7%)  calls=58    avg=   0.02ms
  accept_mask.to_cpu                    0.00s  (  0.3%)  calls=58    avg=   0.01ms
[PARSER_TIMING] end_of_example (cumulative) total=0.19s
  accept_mask.total                     0.07s  ( 34.3%)  calls=58    avg=   1.14ms
  accept_mask.dfa_lookup                0.05s  ( 28.2%)  calls=58    avg=   0.94ms
  accept_mask.lookup_next_tokens        0.05s  ( 26.6%)  calls=58    avg=   0.89ms
  accept_mask.inc_parser_accepts        0.01s  (  5.8%)  calls=58    avg=   0.19ms
  IsCompletePrefix.dafny                0.01s  (  4.1%)  calls=116   avg=   0.07ms
  accept_mask.compute_dfa_states        0.00s  (  0.7%)  calls=58    avg=   0.02ms
  accept_mask.to_cpu                    0.00s  (  0.3%)  calls=58    avg=   0.01ms
  [EVAL]   Generated 1 tokens in 0.59s
  [EVAL] Processing example 9/50...
  [EVAL]   Running CSD strategy (max_steps=400)...
[STEP_BREAKDOWN] wall=0.03s  lm_callbacks=5.41s  parser_callbacks=0.20s  dafny_internal=0.00s  (0.0% in dafny/uninstrumented)
[TIMING] end_of_example (cumulative) total=5.41s
  GenerateLogits.total              2.61s  ( 48.2%)  calls=59    avg=  44.19ms
  GenerateLogits.engine_generate    2.49s  ( 46.0%)  calls=59    avg=  42.20ms
  MaskValidNextAndEos               0.19s  (  3.5%)  calls=59    avg=   3.18ms
  GenerateLogits.finalize_from_dict    0.11s  (  2.1%)  calls=59    avg=   1.91ms
  ChooseNextToken                   0.01s  (  0.2%)  calls=59    avg=   0.17ms
  GenerateLogits.sampling_params_construct    0.00s  (  0.0%)  calls=59    avg=   0.04ms
  GenerateLogits.prefix_text        0.00s  (  0.0%)  calls=59    avg=   0.01ms
  GenerateLogits.extract_logprobs    0.00s  (  0.0%)  calls=59    avg=   0.00ms
[PARSER_TIMING] end_of_example (cumulative) total=0.20s
  accept_mask.total                     0.07s  ( 34.3%)  calls=59    avg=   1.13ms
  accept_mask.dfa_lookup                0.05s  ( 28.1%)  calls=59    avg=   0.93ms
  accept_mask.lookup_next_tokens        0.05s  ( 26.6%)  calls=59    avg=   0.88ms
  accept_mask.inc_parser_accepts        0.01s  (  5.9%)  calls=59    avg=   0.19ms
  IsCompletePrefix.dafny                0.01s  (  4.1%)  calls=118   avg=   0.07ms
  accept_mask.compute_dfa_states        0.00s  (  0.7%)  calls=59    avg=   0.02ms
  accept_mask.to_cpu                    0.00s  (  0.3%)  calls=59    avg=   0.01ms
[PARSER_TIMING] end_of_example (cumulative) total=0.20s
  accept_mask.total                     0.07s  ( 34.3%)  calls=59    avg=   1.13ms
  accept_mask.dfa_lookup                0.05s  ( 28.1%)  calls=59    avg=   0.93ms
  accept_mask.lookup_next_tokens        0.05s  ( 26.6%)  calls=59    avg=   0.88ms
  accept_mask.inc_parser_accepts        0.01s  (  5.9%)  calls=59    avg=   0.19ms
  IsCompletePrefix.dafny                0.01s  (  4.1%)  calls=118   avg=   0.07ms
  accept_mask.compute_dfa_states        0.00s  (  0.7%)  calls=59    avg=   0.02ms
  accept_mask.to_cpu                    0.00s  (  0.3%)  calls=59    avg=   0.01ms
  [EVAL]   Generated 1 tokens in 0.59s
  [EVAL] Processing example 10/50...
  [EVAL]   Running CSD strategy (max_steps=400)...
    [PROGRESS] GenerateLogits call #10, prefix length: 0, cache_hits=0
[TIMING] after 10 GenerateLogits calls total=5.44s
  GenerateLogits.total              2.61s  ( 47.9%)  calls=59    avg=  44.19ms
  GenerateLogits.engine_generate    2.52s  ( 46.3%)  calls=60    avg=  42.01ms
  MaskValidNextAndEos               0.19s  (  3.4%)  calls=59    avg=   3.18ms
  GenerateLogits.finalize_from_dict    0.11s  (  2.1%)  calls=60    avg=   1.90ms
  ChooseNextToken                   0.01s  (  0.2%)  calls=59    avg=   0.17ms
  GenerateLogits.sampling_params_construct    0.00s  (  0.0%)  calls=60    avg=   0.04ms
  GenerateLogits.prefix_text        0.00s  (  0.0%)  calls=60    avg=   0.01ms
  GenerateLogits.extract_logprobs    0.00s  (  0.0%)  calls=60    avg=   0.00ms
[PARSER_TIMING] after 10 GenerateLogits calls total=0.20s
  accept_mask.total                     0.07s  ( 34.3%)  calls=59    avg=   1.13ms
  accept_mask.dfa_lookup                0.05s  ( 28.1%)  calls=59    avg=   0.93ms
  accept_mask.lookup_next_tokens        0.05s  ( 26.6%)  calls=59    avg=   0.88ms
  accept_mask.inc_parser_accepts        0.01s  (  5.9%)  calls=59    avg=   0.19ms
  IsCompletePrefix.dafny                0.01s  (  4.1%)  calls=119   avg=   0.07ms
  accept_mask.compute_dfa_states        0.00s  (  0.7%)  calls=59    avg=   0.02ms
  accept_mask.to_cpu                    0.00s  (  0.3%)  calls=59    avg=   0.01ms
[STEP_BREAKDOWN] wall=0.03s  lm_callbacks=5.48s  parser_callbacks=0.20s  dafny_internal=0.00s  (0.0% in dafny/uninstrumented)
[TIMING] end_of_example (cumulative) total=5.48s
  GenerateLogits.total              2.64s  ( 48.2%)  calls=60    avg=  44.00ms
  GenerateLogits.engine_generate    2.52s  ( 46.0%)  calls=60    avg=  42.01ms
  MaskValidNextAndEos               0.19s  (  3.5%)  calls=60    avg=   3.15ms
  GenerateLogits.finalize_from_dict    0.11s  (  2.1%)  calls=60    avg=   1.90ms
  ChooseNextToken                   0.01s  (  0.2%)  calls=60    avg=   0.17ms
  GenerateLogits.sampling_params_construct    0.00s  (  0.0%)  calls=60    avg=   0.04ms
  GenerateLogits.prefix_text        0.00s  (  0.0%)  calls=60    avg=   0.01ms
  GenerateLogits.extract_logprobs    0.00s  (  0.0%)  calls=60    avg=   0.00ms
[PARSER_TIMING] end_of_example (cumulative) total=0.20s
  accept_mask.total                     0.07s  ( 34.3%)  calls=60    avg=   1.13ms
  accept_mask.dfa_lookup                0.06s  ( 28.1%)  calls=60    avg=   0.92ms
  accept_mask.lookup_next_tokens        0.05s  ( 26.5%)  calls=60    avg=   0.87ms
  accept_mask.inc_parser_accepts        0.01s  (  5.9%)  calls=60    avg=   0.19ms
  IsCompletePrefix.dafny                0.01s  (  4.1%)  calls=120   avg=   0.07ms
  accept_mask.compute_dfa_states        0.00s  (  0.7%)  calls=60    avg=   0.02ms
  accept_mask.to_cpu                    0.00s  (  0.3%)  calls=60    avg=   0.01ms
[PARSER_TIMING] end_of_example (cumulative) total=0.20s
  accept_mask.total                     0.07s  ( 34.3%)  calls=60    avg=   1.13ms
  accept_mask.dfa_lookup                0.06s  ( 28.1%)  calls=60    avg=   0.92ms
  accept_mask.lookup_next_tokens        0.05s  ( 26.5%)  calls=60    avg=   0.87ms
  accept_mask.inc_parser_accepts        0.01s  (  5.9%)  calls=60    avg=   0.19ms
  IsCompletePrefix.dafny                0.01s  (  4.1%)  calls=120   avg=   0.07ms
  accept_mask.compute_dfa_states        0.00s  (  0.7%)  calls=60    avg=   0.02ms
  accept_mask.to_cpu                    0.00s  (  0.3%)  calls=60    avg=   0.01ms
  [EVAL]   Generated 1 tokens in 1.22s
  [EVAL] Processing example 11/50...
  [EVAL]   Running CSD strategy (max_steps=400)...
[STEP_BREAKDOWN] wall=0.03s  lm_callbacks=5.52s  parser_callbacks=0.20s  dafny_internal=0.00s  (0.0% in dafny/uninstrumented)
[TIMING] end_of_example (cumulative) total=5.52s
  GenerateLogits.total              2.66s  ( 48.2%)  calls=61    avg=  43.66ms
  GenerateLogits.engine_generate    2.54s  ( 46.0%)  calls=61    avg=  41.68ms
  MaskValidNextAndEos               0.19s  (  3.4%)  calls=61    avg=   3.12ms
  GenerateLogits.finalize_from_dict    0.12s  (  2.1%)  calls=61    avg=   1.89ms
  ChooseNextToken                   0.01s  (  0.2%)  calls=61    avg=   0.17ms
  GenerateLogits.sampling_params_construct    0.00s  (  0.0%)  calls=61    avg=   0.04ms
  GenerateLogits.prefix_text        0.00s  (  0.0%)  calls=61    avg=   0.01ms
  GenerateLogits.extract_logprobs    0.00s  (  0.0%)  calls=61    avg=   0.00ms
[PARSER_TIMING] end_of_example (cumulative) total=0.20s
  accept_mask.total                     0.07s  ( 34.3%)  calls=61    avg=   1.12ms
  accept_mask.dfa_lookup                0.06s  ( 28.0%)  calls=61    avg=   0.92ms
  accept_mask.lookup_next_tokens        0.05s  ( 26.5%)  calls=61    avg=   0.87ms
  accept_mask.inc_parser_accepts        0.01s  (  5.9%)  calls=61    avg=   0.19ms
  IsCompletePrefix.dafny                0.01s  (  4.2%)  calls=122   avg=   0.07ms
  accept_mask.compute_dfa_states        0.00s  (  0.7%)  calls=61    avg=   0.02ms
  accept_mask.to_cpu                    0.00s  (  0.3%)  calls=61    avg=   0.01ms
[PARSER_TIMING] end_of_example (cumulative) total=0.20s
  accept_mask.total                     0.07s  ( 34.3%)  calls=61    avg=   1.12ms
  accept_mask.dfa_lookup                0.06s  ( 28.0%)  calls=61    avg=   0.92ms
  accept_mask.lookup_next_tokens        0.05s  ( 26.5%)  calls=61    avg=   0.87ms
  accept_mask.inc_parser_accepts        0.01s  (  5.9%)  calls=61    avg=   0.19ms
  IsCompletePrefix.dafny                0.01s  (  4.2%)  calls=122   avg=   0.07ms
  accept_mask.compute_dfa_states        0.00s  (  0.7%)  calls=61    avg=   0.02ms
  accept_mask.to_cpu                    0.00s  (  0.3%)  calls=61    avg=   0.01ms
  [EVAL]   Generated 1 tokens in 0.57s
  [EVAL] Processing example 12/50...
  [EVAL]   Running CSD strategy (max_steps=400)...
[STEP_BREAKDOWN] wall=0.03s  lm_callbacks=5.57s  parser_callbacks=0.20s  dafny_internal=0.00s  (0.0% in dafny/uninstrumented)
[TIMING] end_of_example (cumulative) total=5.57s
  GenerateLogits.total              2.69s  ( 48.2%)  calls=62    avg=  43.34ms
  GenerateLogits.engine_generate    2.57s  ( 46.0%)  calls=62    avg=  41.37ms
  MaskValidNextAndEos               0.19s  (  3.4%)  calls=62    avg=   3.08ms
  GenerateLogits.finalize_from_dict    0.12s  (  2.1%)  calls=62    avg=   1.87ms
  ChooseNextToken                   0.01s  (  0.2%)  calls=62    avg=   0.17ms
  GenerateLogits.sampling_params_construct    0.00s  (  0.0%)  calls=62    avg=   0.04ms
  GenerateLogits.prefix_text        0.00s  (  0.0%)  calls=62    avg=   0.01ms
  GenerateLogits.extract_logprobs    0.00s  (  0.0%)  calls=62    avg=   0.00ms
[PARSER_TIMING] end_of_example (cumulative) total=0.20s
  accept_mask.total                     0.07s  ( 34.3%)  calls=62    avg=   1.11ms
  accept_mask.dfa_lookup                0.06s  ( 28.0%)  calls=62    avg=   0.91ms
  accept_mask.lookup_next_tokens        0.05s  ( 26.4%)  calls=62    avg=   0.86ms
  accept_mask.inc_parser_accepts        0.01s  (  6.0%)  calls=62    avg=   0.19ms
  IsCompletePrefix.dafny                0.01s  (  4.2%)  calls=124   avg=   0.07ms
  accept_mask.compute_dfa_states        0.00s  (  0.7%)  calls=62    avg=   0.02ms
  accept_mask.to_cpu                    0.00s  (  0.3%)  calls=62    avg=   0.01ms
[PARSER_TIMING] end_of_example (cumulative) total=0.20s
  accept_mask.total                     0.07s  ( 34.3%)  calls=62    avg=   1.11ms
  accept_mask.dfa_lookup                0.06s  ( 28.0%)  calls=62    avg=   0.91ms
  accept_mask.lookup_next_tokens        0.05s  ( 26.4%)  calls=62    avg=   0.86ms
  accept_mask.inc_parser_accepts        0.01s  (  6.0%)  calls=62    avg=   0.19ms
  IsCompletePrefix.dafny                0.01s  (  4.2%)  calls=124   avg=   0.07ms
  accept_mask.compute_dfa_states        0.00s  (  0.7%)  calls=62    avg=   0.02ms
  accept_mask.to_cpu                    0.00s  (  0.3%)  calls=62    avg=   0.01ms
  [EVAL]   Generated 1 tokens in 0.58s
  [EVAL] Processing example 13/50...
  [EVAL]   Running CSD strategy (max_steps=400)...
[STEP_BREAKDOWN] wall=0.03s  lm_callbacks=5.62s  parser_callbacks=0.20s  dafny_internal=0.00s  (0.0% in dafny/uninstrumented)
[TIMING] end_of_example (cumulative) total=5.62s
  GenerateLogits.total              2.71s  ( 48.2%)  calls=63    avg=  43.03ms
  GenerateLogits.engine_generate    2.59s  ( 46.0%)  calls=63    avg=  41.08ms
  MaskValidNextAndEos               0.19s  (  3.4%)  calls=63    avg=   3.05ms
  GenerateLogits.finalize_from_dict    0.12s  (  2.1%)  calls=63    avg=   1.86ms
  ChooseNextToken                   0.01s  (  0.2%)  calls=63    avg=   0.16ms
  GenerateLogits.sampling_params_construct    0.00s  (  0.0%)  calls=63    avg=   0.04ms
  GenerateLogits.prefix_text        0.00s  (  0.0%)  calls=63    avg=   0.01ms
  GenerateLogits.extract_logprobs    0.00s  (  0.0%)  calls=63    avg=   0.00ms
[PARSER_TIMING] end_of_example (cumulative) total=0.20s
  accept_mask.total                     0.07s  ( 34.3%)  calls=63    avg=   1.10ms
  accept_mask.dfa_lookup                0.06s  ( 28.0%)  calls=63    avg=   0.90ms
  accept_mask.lookup_next_tokens        0.05s  ( 26.4%)  calls=63    avg=   0.85ms
  accept_mask.inc_parser_accepts        0.01s  (  6.0%)  calls=63    avg=   0.19ms
  IsCompletePrefix.dafny                0.01s  (  4.2%)  calls=126   avg=   0.07ms
  accept_mask.compute_dfa_states        0.00s  (  0.7%)  calls=63    avg=   0.02ms
  accept_mask.to_cpu                    0.00s  (  0.3%)  calls=63    avg=   0.01ms
[PARSER_TIMING] end_of_example (cumulative) total=0.20s
  accept_mask.total                     0.07s  ( 34.3%)  calls=63    avg=   1.10ms
  accept_mask.dfa_lookup                0.06s  ( 28.0%)  calls=63    avg=   0.90ms
  accept_mask.lookup_next_tokens        0.05s  ( 26.4%)  calls=63    avg=   0.85ms
  accept_mask.inc_parser_accepts        0.01s  (  6.0%)  calls=63    avg=   0.19ms
  IsCompletePrefix.dafny                0.01s  (  4.2%)  calls=126   avg=   0.07ms
  accept_mask.compute_dfa_states        0.00s  (  0.7%)  calls=63    avg=   0.02ms
  accept_mask.to_cpu                    0.00s  (  0.3%)  calls=63    avg=   0.01ms
  [EVAL]   Generated 1 tokens in 1.11s
  [EVAL] Processing example 14/50...
  [EVAL]   Running CSD strategy (max_steps=400)...
[STEP_BREAKDOWN] wall=0.02s  lm_callbacks=5.67s  parser_callbacks=0.20s  dafny_internal=0.00s  (0.0% in dafny/uninstrumented)
[TIMING] end_of_example (cumulative) total=5.67s
  GenerateLogits.total              2.73s  ( 48.2%)  calls=64    avg=  42.72ms
  GenerateLogits.engine_generate    2.61s  ( 46.0%)  calls=64    avg=  40.79ms
  MaskValidNextAndEos               0.19s  (  3.4%)  calls=64    avg=   3.02ms
  GenerateLogits.finalize_from_dict    0.12s  (  2.1%)  calls=64    avg=   1.84ms
  ChooseNextToken                   0.01s  (  0.2%)  calls=64    avg=   0.16ms
  GenerateLogits.sampling_params_construct    0.00s  (  0.0%)  calls=64    avg=   0.03ms
  GenerateLogits.prefix_text        0.00s  (  0.0%)  calls=64    avg=   0.01ms
  GenerateLogits.extract_logprobs    0.00s  (  0.0%)  calls=64    avg=   0.00ms
[PARSER_TIMING] end_of_example (cumulative) total=0.20s
  accept_mask.total                     0.07s  ( 34.3%)  calls=64    avg=   1.09ms
  accept_mask.dfa_lookup                0.06s  ( 28.0%)  calls=64    avg=   0.89ms
  accept_mask.lookup_next_tokens        0.05s  ( 26.4%)  calls=64    avg=   0.84ms
  accept_mask.inc_parser_accepts        0.01s  (  6.0%)  calls=64    avg=   0.19ms
  IsCompletePrefix.dafny                0.01s  (  4.2%)  calls=128   avg=   0.07ms
  accept_mask.compute_dfa_states        0.00s  (  0.7%)  calls=64    avg=   0.02ms
  accept_mask.to_cpu                    0.00s  (  0.3%)  calls=64    avg=   0.01ms
[PARSER_TIMING] end_of_example (cumulative) total=0.20s
  accept_mask.total                     0.07s  ( 34.3%)  calls=64    avg=   1.09ms
  accept_mask.dfa_lookup                0.06s  ( 28.0%)  calls=64    avg=   0.89ms
  accept_mask.lookup_next_tokens        0.05s  ( 26.4%)  calls=64    avg=   0.84ms
  accept_mask.inc_parser_accepts        0.01s  (  6.0%)  calls=64    avg=   0.19ms
  IsCompletePrefix.dafny                0.01s  (  4.2%)  calls=128   avg=   0.07ms
  accept_mask.compute_dfa_states        0.00s  (  0.7%)  calls=64    avg=   0.02ms
  accept_mask.to_cpu                    0.00s  (  0.3%)  calls=64    avg=   0.01ms
  [EVAL]   Generated 1 tokens in 0.57s
  [EVAL] Processing example 15/50...
  [EVAL]   Running CSD strategy (max_steps=400)...
[STEP_BREAKDOWN] wall=0.02s  lm_callbacks=5.72s  parser_callbacks=0.21s  dafny_internal=0.00s  (0.0% in dafny/uninstrumented)
[TIMING] end_of_example (cumulative) total=5.72s
  GenerateLogits.total              2.76s  ( 48.2%)  calls=65    avg=  42.42ms
  GenerateLogits.engine_generate    2.63s  ( 46.1%)  calls=65    avg=  40.50ms
  MaskValidNextAndEos               0.19s  (  3.4%)  calls=65    avg=   2.98ms
  GenerateLogits.finalize_from_dict    0.12s  (  2.1%)  calls=65    avg=   1.83ms
  ChooseNextToken                   0.01s  (  0.2%)  calls=65    avg=   0.16ms
  GenerateLogits.sampling_params_construct    0.00s  (  0.0%)  calls=65    avg=   0.03ms
  GenerateLogits.prefix_text        0.00s  (  0.0%)  calls=65    avg=   0.01ms
  GenerateLogits.extract_logprobs    0.00s  (  0.0%)  calls=65    avg=   0.00ms
[PARSER_TIMING] end_of_example (cumulative) total=0.21s
  accept_mask.total                     0.07s  ( 34.3%)  calls=65    avg=   1.08ms
  accept_mask.dfa_lookup                0.06s  ( 27.9%)  calls=65    avg=   0.88ms
  accept_mask.lookup_next_tokens        0.05s  ( 26.3%)  calls=65    avg=   0.83ms
  accept_mask.inc_parser_accepts        0.01s  (  6.1%)  calls=65    avg=   0.19ms
  IsCompletePrefix.dafny                0.01s  (  4.2%)  calls=130   avg=   0.07ms
  accept_mask.compute_dfa_states        0.00s  (  0.7%)  calls=65    avg=   0.02ms
  accept_mask.to_cpu                    0.00s  (  0.3%)  calls=65    avg=   0.01ms
[PARSER_TIMING] end_of_example (cumulative) total=0.21s
  accept_mask.total                     0.07s  ( 34.3%)  calls=65    avg=   1.08ms
  accept_mask.dfa_lookup                0.06s  ( 27.9%)  calls=65    avg=   0.88ms
  accept_mask.lookup_next_tokens        0.05s  ( 26.3%)  calls=65    avg=   0.83ms
  accept_mask.inc_parser_accepts        0.01s  (  6.1%)  calls=65    avg=   0.19ms
  IsCompletePrefix.dafny                0.01s  (  4.2%)  calls=130   avg=   0.07ms
  accept_mask.compute_dfa_states        0.00s  (  0.7%)  calls=65    avg=   0.02ms
  accept_mask.to_cpu                    0.00s  (  0.3%)  calls=65    avg=   0.01ms
  [EVAL]   Generated 1 tokens in 0.56s
  [EVAL] Processing example 16/50...
  [EVAL]   Running CSD strategy (max_steps=400)...
[STEP_BREAKDOWN] wall=0.04s  lm_callbacks=5.79s  parser_callbacks=0.22s  dafny_internal=0.00s  (0.0% in dafny/uninstrumented)
[TIMING] end_of_example (cumulative) total=5.79s
  GenerateLogits.total              2.79s  ( 48.2%)  calls=66    avg=  42.29ms
  GenerateLogits.engine_generate    2.67s  ( 46.0%)  calls=66    avg=  40.38ms
  MaskValidNextAndEos               0.20s  (  3.4%)  calls=66    avg=   3.00ms
  GenerateLogits.finalize_from_dict    0.12s  (  2.1%)  calls=66    avg=   1.82ms
  ChooseNextToken                   0.01s  (  0.2%)  calls=66    avg=   0.16ms
  GenerateLogits.sampling_params_construct    0.00s  (  0.0%)  calls=66    avg=   0.03ms
  GenerateLogits.prefix_text        0.00s  (  0.0%)  calls=66    avg=   0.01ms
  GenerateLogits.extract_logprobs    0.00s  (  0.0%)  calls=66    avg=   0.00ms
[PARSER_TIMING] end_of_example (cumulative) total=0.22s
  accept_mask.total                     0.07s  ( 34.3%)  calls=66    avg=   1.12ms
  accept_mask.dfa_lookup                0.06s  ( 28.1%)  calls=66    avg=   0.92ms
  accept_mask.lookup_next_tokens        0.06s  ( 26.6%)  calls=66    avg=   0.87ms
  accept_mask.inc_parser_accepts        0.01s  (  5.9%)  calls=66    avg=   0.19ms
  IsCompletePrefix.dafny                0.01s  (  4.1%)  calls=132   avg=   0.07ms
  accept_mask.compute_dfa_states        0.00s  (  0.7%)  calls=66    avg=   0.02ms
  accept_mask.to_cpu                    0.00s  (  0.3%)  calls=66    avg=   0.01ms
[PARSER_TIMING] end_of_example (cumulative) total=0.22s
  accept_mask.total                     0.07s  ( 34.3%)  calls=66    avg=   1.12ms
  accept_mask.dfa_lookup                0.06s  ( 28.1%)  calls=66    avg=   0.92ms
  accept_mask.lookup_next_tokens        0.06s  ( 26.6%)  calls=66    avg=   0.87ms
  accept_mask.inc_parser_accepts        0.01s  (  5.9%)  calls=66    avg=   0.19ms
  IsCompletePrefix.dafny                0.01s  (  4.1%)  calls=132   avg=   0.07ms
  accept_mask.compute_dfa_states        0.00s  (  0.7%)  calls=66    avg=   0.02ms
  accept_mask.to_cpu                    0.00s  (  0.3%)  calls=66    avg=   0.01ms
  [EVAL]   Generated 1 tokens in 1.18s
  [EVAL] Processing example 17/50...
  [EVAL]   Running CSD strategy (max_steps=400)...
[STEP_BREAKDOWN] wall=0.04s  lm_callbacks=5.86s  parser_callbacks=0.22s  dafny_internal=0.00s  (0.0% in dafny/uninstrumented)
[TIMING] end_of_example (cumulative) total=5.86s
  GenerateLogits.total              2.83s  ( 48.2%)  calls=67    avg=  42.17ms
  GenerateLogits.engine_generate    2.70s  ( 46.1%)  calls=67    avg=  40.27ms
  MaskValidNextAndEos               0.20s  (  3.4%)  calls=67    avg=   2.97ms
  GenerateLogits.finalize_from_dict    0.12s  (  2.1%)  calls=67    avg=   1.81ms
  ChooseNextToken                   0.01s  (  0.2%)  calls=67    avg=   0.16ms
  GenerateLogits.sampling_params_construct    0.00s  (  0.0%)  calls=67    avg=   0.04ms
  GenerateLogits.prefix_text        0.00s  (  0.0%)  calls=67    avg=   0.01ms
  GenerateLogits.extract_logprobs    0.00s  (  0.0%)  calls=67    avg=   0.00ms
[PARSER_TIMING] end_of_example (cumulative) total=0.22s
  accept_mask.total                     0.07s  ( 34.3%)  calls=67    avg=   1.12ms
  accept_mask.dfa_lookup                0.06s  ( 28.0%)  calls=67    avg=   0.91ms
  accept_mask.lookup_next_tokens        0.06s  ( 26.5%)  calls=67    avg=   0.86ms
  accept_mask.inc_parser_accepts        0.01s  (  6.0%)  calls=67    avg=   0.19ms
  IsCompletePrefix.dafny                0.01s  (  4.1%)  calls=134   avg=   0.07ms
  accept_mask.compute_dfa_states        0.00s  (  0.7%)  calls=67    avg=   0.02ms
  accept_mask.to_cpu                    0.00s  (  0.3%)  calls=67    avg=   0.01ms
[PARSER_TIMING] end_of_example (cumulative) total=0.22s
  accept_mask.total                     0.07s  ( 34.3%)  calls=67    avg=   1.12ms
  accept_mask.dfa_lookup                0.06s  ( 28.0%)  calls=67    avg=   0.91ms
  accept_mask.lookup_next_tokens        0.06s  ( 26.5%)  calls=67    avg=   0.86ms
  accept_mask.inc_parser_accepts        0.01s  (  6.0%)  calls=67    avg=   0.19ms
  IsCompletePrefix.dafny                0.01s  (  4.1%)  calls=134   avg=   0.07ms
  accept_mask.compute_dfa_states        0.00s  (  0.7%)  calls=67    avg=   0.02ms
  accept_mask.to_cpu                    0.00s  (  0.3%)  calls=67    avg=   0.01ms
  [EVAL]   Generated 1 tokens in 0.58s
  [EVAL] Processing example 18/50...
  [EVAL]   Running CSD strategy (max_steps=400)...
[STEP_BREAKDOWN] wall=0.04s  lm_callbacks=5.93s  parser_callbacks=0.22s  dafny_internal=0.00s  (0.0% in dafny/uninstrumented)
[TIMING] end_of_example (cumulative) total=5.93s
  GenerateLogits.total              2.86s  ( 48.2%)  calls=68    avg=  42.07ms
  GenerateLogits.engine_generate    2.73s  ( 46.1%)  calls=68    avg=  40.16ms
  MaskValidNextAndEos               0.20s  (  3.4%)  calls=68    avg=   2.95ms
  GenerateLogits.finalize_from_dict    0.12s  (  2.1%)  calls=68    avg=   1.81ms
  ChooseNextToken                   0.01s  (  0.2%)  calls=68    avg=   0.16ms
  GenerateLogits.sampling_params_construct    0.00s  (  0.0%)  calls=68    avg=   0.04ms
  GenerateLogits.prefix_text        0.00s  (  0.0%)  calls=68    avg=   0.01ms
  GenerateLogits.extract_logprobs    0.00s  (  0.0%)  calls=68    avg=   0.00ms
[PARSER_TIMING] end_of_example (cumulative) total=0.22s
  accept_mask.total                     0.08s  ( 34.3%)  calls=68    avg=   1.11ms
  accept_mask.dfa_lookup                0.06s  ( 27.9%)  calls=68    avg=   0.91ms
  accept_mask.lookup_next_tokens        0.06s  ( 26.4%)  calls=68    avg=   0.86ms
  accept_mask.inc_parser_accepts        0.01s  (  6.1%)  calls=68    avg=   0.20ms
  IsCompletePrefix.dafny                0.01s  (  4.2%)  calls=136   avg=   0.07ms
  accept_mask.compute_dfa_states        0.00s  (  0.7%)  calls=68    avg=   0.02ms
  accept_mask.to_cpu                    0.00s  (  0.3%)  calls=68    avg=   0.01ms
[PARSER_TIMING] end_of_example (cumulative) total=0.22s
  accept_mask.total                     0.08s  ( 34.3%)  calls=68    avg=   1.11ms
  accept_mask.dfa_lookup                0.06s  ( 27.9%)  calls=68    avg=   0.91ms
  accept_mask.lookup_next_tokens        0.06s  ( 26.4%)  calls=68    avg=   0.86ms
  accept_mask.inc_parser_accepts        0.01s  (  6.1%)  calls=68    avg=   0.20ms
  IsCompletePrefix.dafny                0.01s  (  4.2%)  calls=136   avg=   0.07ms
  accept_mask.compute_dfa_states        0.00s  (  0.7%)  calls=68    avg=   0.02ms
  accept_mask.to_cpu                    0.00s  (  0.3%)  calls=68    avg=   0.01ms
  [EVAL]   Generated 1 tokens in 0.58s
  [EVAL] Processing example 19/50...
  [EVAL]   Running CSD strategy (max_steps=400)...
[STEP_BREAKDOWN] wall=0.04s  lm_callbacks=6.00s  parser_callbacks=0.22s  dafny_internal=0.00s  (0.0% in dafny/uninstrumented)
[TIMING] end_of_example (cumulative) total=6.00s
  GenerateLogits.total              2.89s  ( 48.2%)  calls=69    avg=  41.94ms
  GenerateLogits.engine_generate    2.76s  ( 46.1%)  calls=69    avg=  40.03ms
  MaskValidNextAndEos               0.20s  (  3.4%)  calls=69    avg=   2.94ms
  GenerateLogits.finalize_from_dict    0.13s  (  2.1%)  calls=69    avg=   1.81ms
  ChooseNextToken                   0.01s  (  0.2%)  calls=69    avg=   0.16ms
  GenerateLogits.sampling_params_construct    0.00s  (  0.0%)  calls=69    avg=   0.04ms
  GenerateLogits.prefix_text        0.00s  (  0.0%)  calls=69    avg=   0.01ms
  GenerateLogits.extract_logprobs    0.00s  (  0.0%)  calls=69    avg=   0.00ms
[PARSER_TIMING] end_of_example (cumulative) total=0.22s
  accept_mask.total                     0.08s  ( 34.3%)  calls=69    avg=   1.11ms
  accept_mask.dfa_lookup                0.06s  ( 27.9%)  calls=69    avg=   0.90ms
  accept_mask.lookup_next_tokens        0.06s  ( 26.3%)  calls=69    avg=   0.85ms
  accept_mask.inc_parser_accepts        0.01s  (  6.1%)  calls=69    avg=   0.20ms
  IsCompletePrefix.dafny                0.01s  (  4.3%)  calls=138   avg=   0.07ms
  accept_mask.compute_dfa_states        0.00s  (  0.8%)  calls=69    avg=   0.02ms
  accept_mask.to_cpu                    0.00s  (  0.3%)  calls=69    avg=   0.01ms
[PARSER_TIMING] end_of_example (cumulative) total=0.22s
  accept_mask.total                     0.08s  ( 34.3%)  calls=69    avg=   1.11ms
  accept_mask.dfa_lookup                0.06s  ( 27.9%)  calls=69    avg=   0.90ms
  accept_mask.lookup_next_tokens        0.06s  ( 26.3%)  calls=69    avg=   0.85ms
  accept_mask.inc_parser_accepts        0.01s  (  6.1%)  calls=69    avg=   0.20ms
  IsCompletePrefix.dafny                0.01s  (  4.3%)  calls=138   avg=   0.07ms
  accept_mask.compute_dfa_states        0.00s  (  0.8%)  calls=69    avg=   0.02ms
  accept_mask.to_cpu                    0.00s  (  0.3%)  calls=69    avg=   0.01ms
  [EVAL]   Generated 1 tokens in 0.58s
  [EVAL] Processing example 20/50...
  [EVAL]   Running CSD strategy (max_steps=400)...
    [PROGRESS] GenerateLogits call #20, prefix length: 0, cache_hits=0
[TIMING] after 20 GenerateLogits calls total=6.03s
  GenerateLogits.total              2.89s  ( 48.0%)  calls=69    avg=  41.94ms
  GenerateLogits.engine_generate    2.79s  ( 46.3%)  calls=70    avg=  39.90ms
  MaskValidNextAndEos               0.20s  (  3.4%)  calls=69    avg=   2.94ms
  GenerateLogits.finalize_from_dict    0.13s  (  2.1%)  calls=70    avg=   1.81ms
  ChooseNextToken                   0.01s  (  0.2%)  calls=69    avg=   0.16ms
  GenerateLogits.sampling_params_construct    0.00s  (  0.0%)  calls=70    avg=   0.04ms
  GenerateLogits.prefix_text        0.00s  (  0.0%)  calls=70    avg=   0.01ms
  GenerateLogits.extract_logprobs    0.00s  (  0.0%)  calls=70    avg=   0.00ms
[PARSER_TIMING] after 20 GenerateLogits calls total=0.22s
  accept_mask.total                     0.08s  ( 34.3%)  calls=69    avg=   1.11ms
  accept_mask.dfa_lookup                0.06s  ( 27.9%)  calls=69    avg=   0.90ms
  accept_mask.lookup_next_tokens        0.06s  ( 26.3%)  calls=69    avg=   0.85ms
  accept_mask.inc_parser_accepts        0.01s  (  6.1%)  calls=69    avg=   0.20ms
  IsCompletePrefix.dafny                0.01s  (  4.3%)  calls=139   avg=   0.07ms
  accept_mask.compute_dfa_states        0.00s  (  0.8%)  calls=69    avg=   0.02ms
  accept_mask.to_cpu                    0.00s  (  0.3%)  calls=69    avg=   0.01ms
[STEP_BREAKDOWN] wall=0.04s  lm_callbacks=6.07s  parser_callbacks=0.23s  dafny_internal=0.00s  (0.0% in dafny/uninstrumented)
[TIMING] end_of_example (cumulative) total=6.07s
  GenerateLogits.total              2.93s  ( 48.3%)  calls=70    avg=  41.81ms
  GenerateLogits.engine_generate    2.79s  ( 46.1%)  calls=70    avg=  39.90ms
  MaskValidNextAndEos               0.20s  (  3.4%)  calls=70    avg=   2.92ms
  GenerateLogits.finalize_from_dict    0.13s  (  2.1%)  calls=70    avg=   1.81ms
  ChooseNextToken                   0.01s  (  0.2%)  calls=70    avg=   0.16ms
  GenerateLogits.sampling_params_construct    0.00s  (  0.0%)  calls=70    avg=   0.04ms
  GenerateLogits.prefix_text        0.00s  (  0.0%)  calls=70    avg=   0.01ms
  GenerateLogits.extract_logprobs    0.00s  (  0.0%)  calls=70    avg=   0.00ms
[PARSER_TIMING] end_of_example (cumulative) total=0.23s
  accept_mask.total                     0.08s  ( 34.4%)  calls=70    avg=   1.11ms
  accept_mask.dfa_lookup                0.06s  ( 27.8%)  calls=70    avg=   0.90ms
  accept_mask.lookup_next_tokens        0.06s  ( 26.2%)  calls=70    avg=   0.85ms
  accept_mask.inc_parser_accepts        0.01s  (  6.2%)  calls=70    avg=   0.20ms
  IsCompletePrefix.dafny                0.01s  (  4.3%)  calls=140   avg=   0.07ms
  accept_mask.compute_dfa_states        0.00s  (  0.8%)  calls=70    avg=   0.02ms
  accept_mask.to_cpu                    0.00s  (  0.3%)  calls=70    avg=   0.01ms
[PARSER_TIMING] end_of_example (cumulative) total=0.23s
  accept_mask.total                     0.08s  ( 34.4%)  calls=70    avg=   1.11ms
  accept_mask.dfa_lookup                0.06s  ( 27.8%)  calls=70    avg=   0.90ms
  accept_mask.lookup_next_tokens        0.06s  ( 26.2%)  calls=70    avg=   0.85ms
  accept_mask.inc_parser_accepts        0.01s  (  6.2%)  calls=70    avg=   0.20ms
  IsCompletePrefix.dafny                0.01s  (  4.3%)  calls=140   avg=   0.07ms
  accept_mask.compute_dfa_states        0.00s  (  0.8%)  calls=70    avg=   0.02ms
  accept_mask.to_cpu                    0.00s  (  0.3%)  calls=70    avg=   0.01ms
  [EVAL]   Generated 1 tokens in 1.24s
  [EVAL] Processing example 21/50...
  [EVAL]   Running CSD strategy (max_steps=400)...
[STEP_BREAKDOWN] wall=0.03s  lm_callbacks=6.13s  parser_callbacks=0.23s  dafny_internal=0.00s  (0.0% in dafny/uninstrumented)
[TIMING] end_of_example (cumulative) total=6.13s
  GenerateLogits.total              2.96s  ( 48.3%)  calls=71    avg=  41.68ms
  GenerateLogits.engine_generate    2.83s  ( 46.1%)  calls=71    avg=  39.79ms
  MaskValidNextAndEos               0.21s  (  3.4%)  calls=71    avg=   2.89ms
  GenerateLogits.finalize_from_dict    0.13s  (  2.1%)  calls=71    avg=   1.80ms
  ChooseNextToken                   0.01s  (  0.2%)  calls=71    avg=   0.16ms
  GenerateLogits.sampling_params_construct    0.00s  (  0.0%)  calls=71    avg=   0.04ms
  GenerateLogits.prefix_text        0.00s  (  0.0%)  calls=71    avg=   0.01ms
  GenerateLogits.extract_logprobs    0.00s  (  0.0%)  calls=71    avg=   0.00ms
[PARSER_TIMING] end_of_example (cumulative) total=0.23s
  accept_mask.total                     0.08s  ( 34.4%)  calls=71    avg=   1.10ms
  accept_mask.dfa_lookup                0.06s  ( 27.8%)  calls=71    avg=   0.89ms
  accept_mask.lookup_next_tokens        0.06s  ( 26.2%)  calls=71    avg=   0.84ms
  accept_mask.inc_parser_accepts        0.01s  (  6.2%)  calls=71    avg=   0.20ms
  IsCompletePrefix.dafny                0.01s  (  4.3%)  calls=142   avg=   0.07ms
  accept_mask.compute_dfa_states        0.00s  (  0.8%)  calls=71    avg=   0.02ms
  accept_mask.to_cpu                    0.00s  (  0.3%)  calls=71    avg=   0.01ms
[PARSER_TIMING] end_of_example (cumulative) total=0.23s
  accept_mask.total                     0.08s  ( 34.4%)  calls=71    avg=   1.10ms
  accept_mask.dfa_lookup                0.06s  ( 27.8%)  calls=71    avg=   0.89ms
  accept_mask.lookup_next_tokens        0.06s  ( 26.2%)  calls=71    avg=   0.84ms
  accept_mask.inc_parser_accepts        0.01s  (  6.2%)  calls=71    avg=   0.20ms
  IsCompletePrefix.dafny                0.01s  (  4.3%)  calls=142   avg=   0.07ms
  accept_mask.compute_dfa_states        0.00s  (  0.8%)  calls=71    avg=   0.02ms
  accept_mask.to_cpu                    0.00s  (  0.3%)  calls=71    avg=   0.01ms
  [EVAL]   Generated 1 tokens in 0.58s
  [EVAL] Processing example 22/50...
  [EVAL]   Running CSD strategy (max_steps=400)...
[STEP_BREAKDOWN] wall=0.04s  lm_callbacks=6.20s  parser_callbacks=0.24s  dafny_internal=0.00s  (0.0% in dafny/uninstrumented)
[TIMING] end_of_example (cumulative) total=6.20s
  GenerateLogits.total              2.99s  ( 48.2%)  calls=72    avg=  41.56ms
  GenerateLogits.engine_generate    2.86s  ( 46.0%)  calls=72    avg=  39.68ms
  MaskValidNextAndEos               0.21s  (  3.4%)  calls=72    avg=   2.94ms
  GenerateLogits.finalize_from_dict    0.13s  (  2.1%)  calls=72    avg=   1.79ms
  ChooseNextToken                   0.01s  (  0.2%)  calls=72    avg=   0.16ms
  GenerateLogits.sampling_params_construct    0.00s  (  0.0%)  calls=72    avg=   0.04ms
  GenerateLogits.prefix_text        0.00s  (  0.0%)  calls=72    avg=   0.01ms
  GenerateLogits.extract_logprobs    0.00s  (  0.0%)  calls=72    avg=   0.00ms
[PARSER_TIMING] end_of_example (cumulative) total=0.24s
  accept_mask.total                     0.08s  ( 34.3%)  calls=72    avg=   1.16ms
  accept_mask.dfa_lookup                0.07s  ( 28.1%)  calls=72    avg=   0.95ms
  accept_mask.lookup_next_tokens        0.06s  ( 26.6%)  calls=72    avg=   0.90ms
  accept_mask.inc_parser_accepts        0.01s  (  5.9%)  calls=72    avg=   0.20ms
  IsCompletePrefix.dafny                0.01s  (  4.1%)  calls=144   avg=   0.07ms
  accept_mask.compute_dfa_states        0.00s  (  0.7%)  calls=72    avg=   0.02ms
  accept_mask.to_cpu                    0.00s  (  0.3%)  calls=72    avg=   0.01ms
[PARSER_TIMING] end_of_example (cumulative) total=0.24s
  accept_mask.total                     0.08s  ( 34.3%)  calls=72    avg=   1.16ms
  accept_mask.dfa_lookup                0.07s  ( 28.1%)  calls=72    avg=   0.95ms
  accept_mask.lookup_next_tokens        0.06s  ( 26.6%)  calls=72    avg=   0.90ms
  accept_mask.inc_parser_accepts        0.01s  (  5.9%)  calls=72    avg=   0.20ms
  IsCompletePrefix.dafny                0.01s  (  4.1%)  calls=144   avg=   0.07ms
  accept_mask.compute_dfa_states        0.00s  (  0.7%)  calls=72    avg=   0.02ms
  accept_mask.to_cpu                    0.00s  (  0.3%)  calls=72    avg=   0.01ms
  [EVAL]   Generated 1 tokens in 0.56s
  [EVAL] Processing example 23/50...
  [EVAL]   Running CSD strategy (max_steps=400)...
[STEP_BREAKDOWN] wall=0.03s  lm_callbacks=6.27s  parser_callbacks=0.25s  dafny_internal=0.00s  (0.0% in dafny/uninstrumented)
[TIMING] end_of_example (cumulative) total=6.27s
  GenerateLogits.total              3.02s  ( 48.2%)  calls=73    avg=  41.42ms
  GenerateLogits.engine_generate    2.89s  ( 46.1%)  calls=73    avg=  39.55ms
  MaskValidNextAndEos               0.21s  (  3.4%)  calls=73    avg=   2.91ms
  GenerateLogits.finalize_from_dict    0.13s  (  2.1%)  calls=73    avg=   1.78ms
  ChooseNextToken                   0.01s  (  0.2%)  calls=73    avg=   0.16ms
  GenerateLogits.sampling_params_construct    0.00s  (  0.0%)  calls=73    avg=   0.04ms
  GenerateLogits.prefix_text        0.00s  (  0.0%)  calls=73    avg=   0.01ms
  GenerateLogits.extract_logprobs    0.00s  (  0.0%)  calls=73    avg=   0.00ms
[PARSER_TIMING] end_of_example (cumulative) total=0.25s
  accept_mask.total                     0.08s  ( 34.3%)  calls=73    avg=   1.16ms
  accept_mask.dfa_lookup                0.07s  ( 28.1%)  calls=73    avg=   0.95ms
  accept_mask.lookup_next_tokens        0.07s  ( 26.5%)  calls=73    avg=   0.89ms
  accept_mask.inc_parser_accepts        0.01s  (  5.9%)  calls=73    avg=   0.20ms
  IsCompletePrefix.dafny                0.01s  (  4.1%)  calls=146   avg=   0.07ms
  accept_mask.compute_dfa_states        0.00s  (  0.7%)  calls=73    avg=   0.02ms
  accept_mask.to_cpu                    0.00s  (  0.3%)  calls=73    avg=   0.01ms
[PARSER_TIMING] end_of_example (cumulative) total=0.25s
  accept_mask.total                     0.08s  ( 34.3%)  calls=73    avg=   1.16ms
  accept_mask.dfa_lookup                0.07s  ( 28.1%)  calls=73    avg=   0.95ms
  accept_mask.lookup_next_tokens        0.07s  ( 26.5%)  calls=73    avg=   0.89ms
  accept_mask.inc_parser_accepts        0.01s  (  5.9%)  calls=73    avg=   0.20ms
  IsCompletePrefix.dafny                0.01s  (  4.1%)  calls=146   avg=   0.07ms
  accept_mask.compute_dfa_states        0.00s  (  0.7%)  calls=73    avg=   0.02ms
  accept_mask.to_cpu                    0.00s  (  0.3%)  calls=73    avg=   0.01ms
  [EVAL]   Generated 1 tokens in 1.08s
  [EVAL] Processing example 24/50...
  [EVAL]   Running CSD strategy (max_steps=400)...
[STEP_BREAKDOWN] wall=0.03s  lm_callbacks=6.33s  parser_callbacks=0.25s  dafny_internal=0.00s  (0.0% in dafny/uninstrumented)
[TIMING] end_of_example (cumulative) total=6.33s
  GenerateLogits.total              3.06s  ( 48.2%)  calls=74    avg=  41.30ms
  GenerateLogits.engine_generate    2.92s  ( 46.1%)  calls=74    avg=  39.43ms
  MaskValidNextAndEos               0.21s  (  3.4%)  calls=74    avg=   2.89ms
  GenerateLogits.finalize_from_dict    0.13s  (  2.1%)  calls=74    avg=   1.77ms
  ChooseNextToken                   0.01s  (  0.2%)  calls=74    avg=   0.15ms
  GenerateLogits.sampling_params_construct    0.00s  (  0.0%)  calls=74    avg=   0.04ms
  GenerateLogits.prefix_text        0.00s  (  0.0%)  calls=74    avg=   0.01ms
  GenerateLogits.extract_logprobs    0.00s  (  0.0%)  calls=74    avg=   0.00ms
[PARSER_TIMING] end_of_example (cumulative) total=0.25s
  accept_mask.total                     0.09s  ( 34.3%)  calls=74    avg=   1.15ms
  accept_mask.dfa_lookup                0.07s  ( 28.0%)  calls=74    avg=   0.94ms
  accept_mask.lookup_next_tokens        0.07s  ( 26.5%)  calls=74    avg=   0.89ms
  accept_mask.inc_parser_accepts        0.01s  (  6.0%)  calls=74    avg=   0.20ms
  IsCompletePrefix.dafny                0.01s  (  4.1%)  calls=148   avg=   0.07ms
  accept_mask.compute_dfa_states        0.00s  (  0.7%)  calls=74    avg=   0.02ms
  accept_mask.to_cpu                    0.00s  (  0.3%)  calls=74    avg=   0.01ms
[PARSER_TIMING] end_of_example (cumulative) total=0.25s
  accept_mask.total                     0.09s  ( 34.3%)  calls=74    avg=   1.15ms
  accept_mask.dfa_lookup                0.07s  ( 28.0%)  calls=74    avg=   0.94ms
  accept_mask.lookup_next_tokens        0.07s  ( 26.5%)  calls=74    avg=   0.89ms
  accept_mask.inc_parser_accepts        0.01s  (  6.0%)  calls=74    avg=   0.20ms
  IsCompletePrefix.dafny                0.01s  (  4.1%)  calls=148   avg=   0.07ms
  accept_mask.compute_dfa_states        0.00s  (  0.7%)  calls=74    avg=   0.02ms
  accept_mask.to_cpu                    0.00s  (  0.3%)  calls=74    avg=   0.01ms
  [EVAL]   Generated 1 tokens in 0.56s
  [EVAL] Processing example 25/50...
  [EVAL]   Running CSD strategy (max_steps=400)...
[STEP_BREAKDOWN] wall=0.04s  lm_callbacks=6.40s  parser_callbacks=0.25s  dafny_internal=0.00s  (0.0% in dafny/uninstrumented)
[TIMING] end_of_example (cumulative) total=6.40s
  GenerateLogits.total              3.09s  ( 48.3%)  calls=75    avg=  41.20ms
  GenerateLogits.engine_generate    2.95s  ( 46.1%)  calls=75    avg=  39.34ms
  MaskValidNextAndEos               0.22s  (  3.4%)  calls=75    avg=   2.87ms
  GenerateLogits.finalize_from_dict    0.13s  (  2.1%)  calls=75    avg=   1.76ms
  ChooseNextToken                   0.01s  (  0.2%)  calls=75    avg=   0.15ms
  GenerateLogits.sampling_params_construct    0.00s  (  0.0%)  calls=75    avg=   0.04ms
  GenerateLogits.prefix_text        0.00s  (  0.0%)  calls=75    avg=   0.01ms
  GenerateLogits.extract_logprobs    0.00s  (  0.0%)  calls=75    avg=   0.00ms
[PARSER_TIMING] end_of_example (cumulative) total=0.25s
  accept_mask.total                     0.09s  ( 34.3%)  calls=75    avg=   1.14ms
  accept_mask.dfa_lookup                0.07s  ( 28.0%)  calls=75    avg=   0.93ms
  accept_mask.lookup_next_tokens        0.07s  ( 26.4%)  calls=75    avg=   0.88ms
  accept_mask.inc_parser_accepts        0.01s  (  6.0%)  calls=75    avg=   0.20ms
  IsCompletePrefix.dafny                0.01s  (  4.1%)  calls=150   avg=   0.07ms
  accept_mask.compute_dfa_states        0.00s  (  0.7%)  calls=75    avg=   0.02ms
  accept_mask.to_cpu                    0.00s  (  0.3%)  calls=75    avg=   0.01ms
[PARSER_TIMING] end_of_example (cumulative) total=0.25s
  accept_mask.total                     0.09s  ( 34.3%)  calls=75    avg=   1.14ms
  accept_mask.dfa_lookup                0.07s  ( 28.0%)  calls=75    avg=   0.93ms
  accept_mask.lookup_next_tokens        0.07s  ( 26.4%)  calls=75    avg=   0.88ms
  accept_mask.inc_parser_accepts        0.01s  (  6.0%)  calls=75    avg=   0.20ms
  IsCompletePrefix.dafny                0.01s  (  4.1%)  calls=150   avg=   0.07ms
  accept_mask.compute_dfa_states        0.00s  (  0.7%)  calls=75    avg=   0.02ms
  accept_mask.to_cpu                    0.00s  (  0.3%)  calls=75    avg=   0.01ms
  [EVAL]   Generated 1 tokens in 0.60s
  [EVAL] Processing example 26/50...
  [EVAL]   Running CSD strategy (max_steps=400)...
[STEP_BREAKDOWN] wall=0.03s  lm_callbacks=6.47s  parser_callbacks=0.25s  dafny_internal=0.00s  (0.0% in dafny/uninstrumented)
[TIMING] end_of_example (cumulative) total=6.47s
  GenerateLogits.total              3.12s  ( 48.3%)  calls=76    avg=  41.07ms
  GenerateLogits.engine_generate    2.98s  ( 46.1%)  calls=76    avg=  39.22ms
  MaskValidNextAndEos               0.22s  (  3.3%)  calls=76    avg=   2.84ms
  GenerateLogits.finalize_from_dict    0.13s  (  2.1%)  calls=76    avg=   1.76ms
  ChooseNextToken                   0.01s  (  0.2%)  calls=76    avg=   0.15ms
  GenerateLogits.sampling_params_construct    0.00s  (  0.0%)  calls=76    avg=   0.04ms
  GenerateLogits.prefix_text        0.00s  (  0.0%)  calls=76    avg=   0.01ms
  GenerateLogits.extract_logprobs    0.00s  (  0.0%)  calls=76    avg=   0.00ms
[PARSER_TIMING] end_of_example (cumulative) total=0.25s
  accept_mask.total                     0.09s  ( 34.3%)  calls=76    avg=   1.14ms
  accept_mask.dfa_lookup                0.07s  ( 28.0%)  calls=76    avg=   0.93ms
  accept_mask.lookup_next_tokens        0.07s  ( 26.4%)  calls=76    avg=   0.87ms
  accept_mask.inc_parser_accepts        0.02s  (  6.0%)  calls=76    avg=   0.20ms
  IsCompletePrefix.dafny                0.01s  (  4.2%)  calls=152   avg=   0.07ms
  accept_mask.compute_dfa_states        0.00s  (  0.7%)  calls=76    avg=   0.02ms
  accept_mask.to_cpu                    0.00s  (  0.3%)  calls=76    avg=   0.01ms
[PARSER_TIMING] end_of_example (cumulative) total=0.25s
  accept_mask.total                     0.09s  ( 34.3%)  calls=76    avg=   1.14ms
  accept_mask.dfa_lookup                0.07s  ( 28.0%)  calls=76    avg=   0.93ms
  accept_mask.lookup_next_tokens        0.07s  ( 26.4%)  calls=76    avg=   0.87ms
  accept_mask.inc_parser_accepts        0.02s  (  6.0%)  calls=76    avg=   0.20ms
  IsCompletePrefix.dafny                0.01s  (  4.2%)  calls=152   avg=   0.07ms
  accept_mask.compute_dfa_states        0.00s  (  0.7%)  calls=76    avg=   0.02ms
  accept_mask.to_cpu                    0.00s  (  0.3%)  calls=76    avg=   0.01ms
  [EVAL]   Generated 1 tokens in 1.06s
  [EVAL] Processing example 27/50...
  [EVAL]   Running CSD strategy (max_steps=400)...
[STEP_BREAKDOWN] wall=0.03s  lm_callbacks=6.53s  parser_callbacks=0.25s  dafny_internal=0.00s  (0.0% in dafny/uninstrumented)
[TIMING] end_of_example (cumulative) total=6.53s
  GenerateLogits.total              3.15s  ( 48.3%)  calls=77    avg=  40.97ms
  GenerateLogits.engine_generate    3.01s  ( 46.1%)  calls=77    avg=  39.13ms
  MaskValidNextAndEos               0.22s  (  3.3%)  calls=77    avg=   2.82ms
  GenerateLogits.finalize_from_dict    0.13s  (  2.1%)  calls=77    avg=   1.75ms
  ChooseNextToken                   0.01s  (  0.2%)  calls=77    avg=   0.15ms
  GenerateLogits.sampling_params_construct    0.00s  (  0.0%)  calls=77    avg=   0.04ms
  GenerateLogits.prefix_text        0.00s  (  0.0%)  calls=77    avg=   0.01ms
  GenerateLogits.extract_logprobs    0.00s  (  0.0%)  calls=77    avg=   0.00ms
[PARSER_TIMING] end_of_example (cumulative) total=0.25s
  accept_mask.total                     0.09s  ( 34.4%)  calls=77    avg=   1.13ms
  accept_mask.dfa_lookup                0.07s  ( 27.9%)  calls=77    avg=   0.92ms
  accept_mask.lookup_next_tokens        0.07s  ( 26.4%)  calls=77    avg=   0.87ms
  accept_mask.inc_parser_accepts        0.02s  (  6.1%)  calls=77    avg=   0.20ms
  IsCompletePrefix.dafny                0.01s  (  4.2%)  calls=154   avg=   0.07ms
  accept_mask.compute_dfa_states        0.00s  (  0.7%)  calls=77    avg=   0.02ms
  accept_mask.to_cpu                    0.00s  (  0.3%)  calls=77    avg=   0.01ms
[PARSER_TIMING] end_of_example (cumulative) total=0.25s
  accept_mask.total                     0.09s  ( 34.4%)  calls=77    avg=   1.13ms
  accept_mask.dfa_lookup                0.07s  ( 27.9%)  calls=77    avg=   0.92ms
  accept_mask.lookup_next_tokens        0.07s  ( 26.4%)  calls=77    avg=   0.87ms
  accept_mask.inc_parser_accepts        0.02s  (  6.1%)  calls=77    avg=   0.20ms
  IsCompletePrefix.dafny                0.01s  (  4.2%)  calls=154   avg=   0.07ms
  accept_mask.compute_dfa_states        0.00s  (  0.7%)  calls=77    avg=   0.02ms
  accept_mask.to_cpu                    0.00s  (  0.3%)  calls=77    avg=   0.01ms
  [EVAL]   Generated 1 tokens in 0.56s
  [EVAL] Processing example 28/50...
  [EVAL]   Running CSD strategy (max_steps=400)...
[STEP_BREAKDOWN] wall=0.03s  lm_callbacks=6.60s  parser_callbacks=0.26s  dafny_internal=0.00s  (0.0% in dafny/uninstrumented)
[TIMING] end_of_example (cumulative) total=6.60s
  GenerateLogits.total              3.19s  ( 48.3%)  calls=78    avg=  40.85ms
  GenerateLogits.engine_generate    3.04s  ( 46.1%)  calls=78    avg=  39.02ms
  MaskValidNextAndEos               0.22s  (  3.3%)  calls=78    avg=   2.80ms
  GenerateLogits.finalize_from_dict    0.14s  (  2.1%)  calls=78    avg=   1.74ms
  ChooseNextToken                   0.01s  (  0.2%)  calls=78    avg=   0.15ms
  GenerateLogits.sampling_params_construct    0.00s  (  0.0%)  calls=78    avg=   0.04ms
  GenerateLogits.prefix_text        0.00s  (  0.0%)  calls=78    avg=   0.01ms
  GenerateLogits.extract_logprobs    0.00s  (  0.0%)  calls=78    avg=   0.00ms
[PARSER_TIMING] end_of_example (cumulative) total=0.26s
  accept_mask.total                     0.09s  ( 34.3%)  calls=78    avg=   1.12ms
  accept_mask.dfa_lookup                0.07s  ( 27.9%)  calls=78    avg=   0.91ms
  accept_mask.lookup_next_tokens        0.07s  ( 26.3%)  calls=78    avg=   0.86ms
  accept_mask.inc_parser_accepts        0.02s  (  6.1%)  calls=78    avg=   0.20ms
  IsCompletePrefix.dafny                0.01s  (  4.2%)  calls=156   avg=   0.07ms
  accept_mask.compute_dfa_states        0.00s  (  0.8%)  calls=78    avg=   0.02ms
  accept_mask.to_cpu                    0.00s  (  0.3%)  calls=78    avg=   0.01ms
[PARSER_TIMING] end_of_example (cumulative) total=0.26s
  accept_mask.total                     0.09s  ( 34.3%)  calls=78    avg=   1.12ms
  accept_mask.dfa_lookup                0.07s  ( 27.9%)  calls=78    avg=   0.91ms
  accept_mask.lookup_next_tokens        0.07s  ( 26.3%)  calls=78    avg=   0.86ms
  accept_mask.inc_parser_accepts        0.02s  (  6.1%)  calls=78    avg=   0.20ms
  IsCompletePrefix.dafny                0.01s  (  4.2%)  calls=156   avg=   0.07ms
  accept_mask.compute_dfa_states        0.00s  (  0.8%)  calls=78    avg=   0.02ms
  accept_mask.to_cpu                    0.00s  (  0.3%)  calls=78    avg=   0.01ms
  [EVAL]   Generated 1 tokens in 0.60s
  [EVAL] Processing example 29/50...
  [EVAL]   Running CSD strategy (max_steps=400)...
[STEP_BREAKDOWN] wall=0.04s  lm_callbacks=6.67s  parser_callbacks=0.26s  dafny_internal=0.00s  (0.0% in dafny/uninstrumented)
[TIMING] end_of_example (cumulative) total=6.67s
  GenerateLogits.total              3.22s  ( 48.3%)  calls=79    avg=  40.76ms
  GenerateLogits.engine_generate    3.08s  ( 46.1%)  calls=79    avg=  38.94ms
  MaskValidNextAndEos               0.22s  (  3.3%)  calls=79    avg=   2.78ms
  GenerateLogits.finalize_from_dict    0.14s  (  2.1%)  calls=79    avg=   1.73ms
  ChooseNextToken                   0.01s  (  0.2%)  calls=79    avg=   0.15ms
  GenerateLogits.sampling_params_construct    0.00s  (  0.0%)  calls=79    avg=   0.04ms
  GenerateLogits.prefix_text        0.00s  (  0.0%)  calls=79    avg=   0.01ms
  GenerateLogits.extract_logprobs    0.00s  (  0.0%)  calls=79    avg=   0.00ms
[PARSER_TIMING] end_of_example (cumulative) total=0.26s
  accept_mask.total                     0.09s  ( 34.4%)  calls=79    avg=   1.12ms
  accept_mask.dfa_lookup                0.07s  ( 27.9%)  calls=79    avg=   0.91ms
  accept_mask.lookup_next_tokens        0.07s  ( 26.3%)  calls=79    avg=   0.86ms
  accept_mask.inc_parser_accepts        0.02s  (  6.1%)  calls=79    avg=   0.20ms
  IsCompletePrefix.dafny                0.01s  (  4.2%)  calls=158   avg=   0.07ms
  accept_mask.compute_dfa_states        0.00s  (  0.8%)  calls=79    avg=   0.02ms
  accept_mask.to_cpu                    0.00s  (  0.3%)  calls=79    avg=   0.01ms
[PARSER_TIMING] end_of_example (cumulative) total=0.26s
  accept_mask.total                     0.09s  ( 34.4%)  calls=79    avg=   1.12ms
  accept_mask.dfa_lookup                0.07s  ( 27.9%)  calls=79    avg=   0.91ms
  accept_mask.lookup_next_tokens        0.07s  ( 26.3%)  calls=79    avg=   0.86ms
  accept_mask.inc_parser_accepts        0.02s  (  6.1%)  calls=79    avg=   0.20ms
  IsCompletePrefix.dafny                0.01s  (  4.2%)  calls=158   avg=   0.07ms
  accept_mask.compute_dfa_states        0.00s  (  0.8%)  calls=79    avg=   0.02ms
  accept_mask.to_cpu                    0.00s  (  0.3%)  calls=79    avg=   0.01ms
  [EVAL]   Generated 1 tokens in 1.20s
  [EVAL] Processing example 30/50...
  [EVAL]   Running CSD strategy (max_steps=400)...
    [PROGRESS] GenerateLogits call #30, prefix length: 0, cache_hits=0
[TIMING] after 30 GenerateLogits calls total=6.70s
  GenerateLogits.total              3.22s  ( 48.1%)  calls=79    avg=  40.76ms
  GenerateLogits.engine_generate    3.11s  ( 46.4%)  calls=80    avg=  38.84ms
  MaskValidNextAndEos               0.22s  (  3.3%)  calls=79    avg=   2.78ms
  GenerateLogits.finalize_from_dict    0.14s  (  2.1%)  calls=80    avg=   1.73ms
  ChooseNextToken                   0.01s  (  0.2%)  calls=79    avg=   0.15ms
  GenerateLogits.sampling_params_construct    0.00s  (  0.0%)  calls=80    avg=   0.04ms
  GenerateLogits.prefix_text        0.00s  (  0.0%)  calls=80    avg=   0.01ms
  GenerateLogits.extract_logprobs    0.00s  (  0.0%)  calls=80    avg=   0.00ms
[PARSER_TIMING] after 30 GenerateLogits calls total=0.26s
  accept_mask.total                     0.09s  ( 34.4%)  calls=79    avg=   1.12ms
  accept_mask.dfa_lookup                0.07s  ( 27.9%)  calls=79    avg=   0.91ms
  accept_mask.lookup_next_tokens        0.07s  ( 26.3%)  calls=79    avg=   0.86ms
  accept_mask.inc_parser_accepts        0.02s  (  6.1%)  calls=79    avg=   0.20ms
  IsCompletePrefix.dafny                0.01s  (  4.2%)  calls=159   avg=   0.07ms
  accept_mask.compute_dfa_states        0.00s  (  0.8%)  calls=79    avg=   0.02ms
  accept_mask.to_cpu                    0.00s  (  0.3%)  calls=79    avg=   0.01ms
[STEP_BREAKDOWN] wall=0.03s  lm_callbacks=6.73s  parser_callbacks=0.26s  dafny_internal=0.00s  (0.0% in dafny/uninstrumented)
[TIMING] end_of_example (cumulative) total=6.73s
  GenerateLogits.total              3.25s  ( 48.3%)  calls=80    avg=  40.66ms
  GenerateLogits.engine_generate    3.11s  ( 46.1%)  calls=80    avg=  38.84ms
  MaskValidNextAndEos               0.22s  (  3.3%)  calls=80    avg=   2.76ms
  GenerateLogits.finalize_from_dict    0.14s  (  2.1%)  calls=80    avg=   1.73ms
  ChooseNextToken                   0.01s  (  0.2%)  calls=80    avg=   0.15ms
  GenerateLogits.sampling_params_construct    0.00s  (  0.0%)  calls=80    avg=   0.04ms
  GenerateLogits.prefix_text        0.00s  (  0.0%)  calls=80    avg=   0.01ms
  GenerateLogits.extract_logprobs    0.00s  (  0.0%)  calls=80    avg=   0.00ms
[PARSER_TIMING] end_of_example (cumulative) total=0.26s
  accept_mask.total                     0.09s  ( 34.4%)  calls=80    avg=   1.12ms
  accept_mask.dfa_lookup                0.07s  ( 27.9%)  calls=80    avg=   0.91ms
  accept_mask.lookup_next_tokens        0.07s  ( 26.3%)  calls=80    avg=   0.85ms
  accept_mask.inc_parser_accepts        0.02s  (  6.1%)  calls=80    avg=   0.20ms
  IsCompletePrefix.dafny                0.01s  (  4.2%)  calls=160   avg=   0.07ms
  accept_mask.compute_dfa_states        0.00s  (  0.8%)  calls=80    avg=   0.02ms
  accept_mask.to_cpu                    0.00s  (  0.3%)  calls=80    avg=   0.01ms
[PARSER_TIMING] end_of_example (cumulative) total=0.26s
  accept_mask.total                     0.09s  ( 34.4%)  calls=80    avg=   1.12ms
  accept_mask.dfa_lookup                0.07s  ( 27.9%)  calls=80    avg=   0.91ms
  accept_mask.lookup_next_tokens        0.07s  ( 26.3%)  calls=80    avg=   0.85ms
  accept_mask.inc_parser_accepts        0.02s  (  6.1%)  calls=80    avg=   0.20ms
  IsCompletePrefix.dafny                0.01s  (  4.2%)  calls=160   avg=   0.07ms
  accept_mask.compute_dfa_states        0.00s  (  0.8%)  calls=80    avg=   0.02ms
  accept_mask.to_cpu                    0.00s  (  0.3%)  calls=80    avg=   0.01ms
  [EVAL]   Generated 1 tokens in 0.56s
  [EVAL] Processing example 31/50...
  [EVAL]   Running CSD strategy (max_steps=400)...
[STEP_BREAKDOWN] wall=0.03s  lm_callbacks=6.80s  parser_callbacks=0.26s  dafny_internal=0.00s  (0.0% in dafny/uninstrumented)
[TIMING] end_of_example (cumulative) total=6.80s
  GenerateLogits.total              3.28s  ( 48.3%)  calls=81    avg=  40.55ms
  GenerateLogits.engine_generate    3.14s  ( 46.1%)  calls=81    avg=  38.73ms
  MaskValidNextAndEos               0.22s  (  3.3%)  calls=81    avg=   2.74ms
  GenerateLogits.finalize_from_dict    0.14s  (  2.0%)  calls=81    avg=   1.72ms
  ChooseNextToken                   0.01s  (  0.2%)  calls=81    avg=   0.15ms
  GenerateLogits.sampling_params_construct    0.00s  (  0.0%)  calls=81    avg=   0.04ms
  GenerateLogits.prefix_text        0.00s  (  0.0%)  calls=81    avg=   0.01ms
  GenerateLogits.extract_logprobs    0.00s  (  0.0%)  calls=81    avg=   0.00ms
[PARSER_TIMING] end_of_example (cumulative) total=0.26s
  accept_mask.total                     0.09s  ( 34.4%)  calls=81    avg=   1.11ms
  accept_mask.dfa_lookup                0.07s  ( 27.9%)  calls=81    avg=   0.90ms
  accept_mask.lookup_next_tokens        0.07s  ( 26.3%)  calls=81    avg=   0.85ms
  accept_mask.inc_parser_accepts        0.02s  (  6.2%)  calls=81    avg=   0.20ms
  IsCompletePrefix.dafny                0.01s  (  4.2%)  calls=162   avg=   0.07ms
  accept_mask.compute_dfa_states        0.00s  (  0.8%)  calls=81    avg=   0.02ms
  accept_mask.to_cpu                    0.00s  (  0.3%)  calls=81    avg=   0.01ms
[PARSER_TIMING] end_of_example (cumulative) total=0.26s
  accept_mask.total                     0.09s  ( 34.4%)  calls=81    avg=   1.11ms
  accept_mask.dfa_lookup                0.07s  ( 27.9%)  calls=81    avg=   0.90ms
  accept_mask.lookup_next_tokens        0.07s  ( 26.3%)  calls=81    avg=   0.85ms
  accept_mask.inc_parser_accepts        0.02s  (  6.2%)  calls=81    avg=   0.20ms
  IsCompletePrefix.dafny                0.01s  (  4.2%)  calls=162   avg=   0.07ms
  accept_mask.compute_dfa_states        0.00s  (  0.8%)  calls=81    avg=   0.02ms
  accept_mask.to_cpu                    0.00s  (  0.3%)  calls=81    avg=   0.01ms
  [EVAL]   Generated 1 tokens in 0.55s
  [EVAL] Processing example 32/50...
  [EVAL]   Running CSD strategy (max_steps=400)...
[STEP_BREAKDOWN] wall=0.03s  lm_callbacks=6.86s  parser_callbacks=0.26s  dafny_internal=0.00s  (0.0% in dafny/uninstrumented)
[TIMING] end_of_example (cumulative) total=6.86s
  GenerateLogits.total              3.32s  ( 48.3%)  calls=82    avg=  40.44ms
  GenerateLogits.engine_generate    3.17s  ( 46.2%)  calls=82    avg=  38.64ms
  MaskValidNextAndEos               0.22s  (  3.2%)  calls=82    avg=   2.72ms
  GenerateLogits.finalize_from_dict    0.14s  (  2.0%)  calls=82    avg=   1.71ms
  ChooseNextToken                   0.01s  (  0.2%)  calls=82    avg=   0.15ms
  GenerateLogits.sampling_params_construct    0.00s  (  0.0%)  calls=82    avg=   0.04ms
  GenerateLogits.prefix_text        0.00s  (  0.0%)  calls=82    avg=   0.01ms
  GenerateLogits.extract_logprobs    0.00s  (  0.0%)  calls=82    avg=   0.00ms
[PARSER_TIMING] end_of_example (cumulative) total=0.26s
  accept_mask.total                     0.09s  ( 34.4%)  calls=82    avg=   1.10ms
  accept_mask.dfa_lookup                0.07s  ( 27.8%)  calls=82    avg=   0.89ms
  accept_mask.lookup_next_tokens        0.07s  ( 26.2%)  calls=82    avg=   0.84ms
  accept_mask.inc_parser_accepts        0.02s  (  6.2%)  calls=82    avg=   0.20ms
  IsCompletePrefix.dafny                0.01s  (  4.3%)  calls=164   avg=   0.07ms
  accept_mask.compute_dfa_states        0.00s  (  0.8%)  calls=82    avg=   0.02ms
  accept_mask.to_cpu                    0.00s  (  0.4%)  calls=82    avg=   0.01ms
[PARSER_TIMING] end_of_example (cumulative) total=0.26s
  accept_mask.total                     0.09s  ( 34.4%)  calls=82    avg=   1.10ms
  accept_mask.dfa_lookup                0.07s  ( 27.8%)  calls=82    avg=   0.89ms
  accept_mask.lookup_next_tokens        0.07s  ( 26.2%)  calls=82    avg=   0.84ms
  accept_mask.inc_parser_accepts        0.02s  (  6.2%)  calls=82    avg=   0.20ms
  IsCompletePrefix.dafny                0.01s  (  4.3%)  calls=164   avg=   0.07ms
  accept_mask.compute_dfa_states        0.00s  (  0.8%)  calls=82    avg=   0.02ms
  accept_mask.to_cpu                    0.00s  (  0.4%)  calls=82    avg=   0.01ms
  [EVAL]   Generated 1 tokens in 1.08s
  [EVAL] Processing example 33/50...
  [EVAL]   Running CSD strategy (max_steps=400)...
[STEP_BREAKDOWN] wall=0.03s  lm_callbacks=6.93s  parser_callbacks=0.27s  dafny_internal=0.00s  (0.0% in dafny/uninstrumented)
[TIMING] end_of_example (cumulative) total=6.93s
  GenerateLogits.total              3.35s  ( 48.3%)  calls=83    avg=  40.34ms
  GenerateLogits.engine_generate    3.20s  ( 46.2%)  calls=83    avg=  38.53ms
  MaskValidNextAndEos               0.22s  (  3.2%)  calls=83    avg=   2.70ms
  GenerateLogits.finalize_from_dict    0.14s  (  2.0%)  calls=83    avg=   1.71ms
  ChooseNextToken                   0.01s  (  0.2%)  calls=83    avg=   0.15ms
  GenerateLogits.sampling_params_construct    0.00s  (  0.0%)  calls=83    avg=   0.04ms
  GenerateLogits.prefix_text        0.00s  (  0.0%)  calls=83    avg=   0.01ms
  GenerateLogits.extract_logprobs    0.00s  (  0.0%)  calls=83    avg=   0.00ms
[PARSER_TIMING] end_of_example (cumulative) total=0.27s
  accept_mask.total                     0.09s  ( 34.4%)  calls=83    avg=   1.10ms
  accept_mask.dfa_lookup                0.07s  ( 27.8%)  calls=83    avg=   0.89ms
  accept_mask.lookup_next_tokens        0.07s  ( 26.2%)  calls=83    avg=   0.84ms
  accept_mask.inc_parser_accepts        0.02s  (  6.2%)  calls=83    avg=   0.20ms
  IsCompletePrefix.dafny                0.01s  (  4.3%)  calls=166   avg=   0.07ms
  accept_mask.compute_dfa_states        0.00s  (  0.8%)  calls=83    avg=   0.02ms
  accept_mask.to_cpu                    0.00s  (  0.4%)  calls=83    avg=   0.01ms
[PARSER_TIMING] end_of_example (cumulative) total=0.27s
  accept_mask.total                     0.09s  ( 34.4%)  calls=83    avg=   1.10ms
  accept_mask.dfa_lookup                0.07s  ( 27.8%)  calls=83    avg=   0.89ms
  accept_mask.lookup_next_tokens        0.07s  ( 26.2%)  calls=83    avg=   0.84ms
  accept_mask.inc_parser_accepts        0.02s  (  6.2%)  calls=83    avg=   0.20ms
  IsCompletePrefix.dafny                0.01s  (  4.3%)  calls=166   avg=   0.07ms
  accept_mask.compute_dfa_states        0.00s  (  0.8%)  calls=83    avg=   0.02ms
  accept_mask.to_cpu                    0.00s  (  0.4%)  calls=83    avg=   0.01ms
  [EVAL]   Generated 1 tokens in 0.56s
  [EVAL] Processing example 34/50...
  [EVAL]   Running CSD strategy (max_steps=400)...
[STEP_BREAKDOWN] wall=0.03s  lm_callbacks=6.99s  parser_callbacks=0.27s  dafny_internal=0.00s  (0.0% in dafny/uninstrumented)
[TIMING] end_of_example (cumulative) total=6.99s
  GenerateLogits.total              3.38s  ( 48.3%)  calls=84    avg=  40.24ms
  GenerateLogits.engine_generate    3.23s  ( 46.2%)  calls=84    avg=  38.44ms
  MaskValidNextAndEos               0.23s  (  3.2%)  calls=84    avg=   2.68ms
  GenerateLogits.finalize_from_dict    0.14s  (  2.0%)  calls=84    avg=   1.70ms
  ChooseNextToken                   0.01s  (  0.2%)  calls=84    avg=   0.15ms
  GenerateLogits.sampling_params_construct    0.00s  (  0.0%)  calls=84    avg=   0.04ms
  GenerateLogits.prefix_text        0.00s  (  0.0%)  calls=84    avg=   0.01ms
  GenerateLogits.extract_logprobs    0.00s  (  0.0%)  calls=84    avg=   0.00ms
[PARSER_TIMING] end_of_example (cumulative) total=0.27s
  accept_mask.total                     0.09s  ( 34.4%)  calls=84    avg=   1.10ms
  accept_mask.dfa_lookup                0.07s  ( 27.8%)  calls=84    avg=   0.89ms
  accept_mask.lookup_next_tokens        0.07s  ( 26.2%)  calls=84    avg=   0.83ms
  accept_mask.inc_parser_accepts        0.02s  (  6.3%)  calls=84    avg=   0.20ms
  IsCompletePrefix.dafny                0.01s  (  4.3%)  calls=168   avg=   0.07ms
  accept_mask.compute_dfa_states        0.00s  (  0.8%)  calls=84    avg=   0.02ms
  accept_mask.to_cpu                    0.00s  (  0.4%)  calls=84    avg=   0.01ms
[PARSER_TIMING] end_of_example (cumulative) total=0.27s
  accept_mask.total                     0.09s  ( 34.4%)  calls=84    avg=   1.10ms
  accept_mask.dfa_lookup                0.07s  ( 27.8%)  calls=84    avg=   0.89ms
  accept_mask.lookup_next_tokens        0.07s  ( 26.2%)  calls=84    avg=   0.83ms
  accept_mask.inc_parser_accepts        0.02s  (  6.3%)  calls=84    avg=   0.20ms
  IsCompletePrefix.dafny                0.01s  (  4.3%)  calls=168   avg=   0.07ms
  accept_mask.compute_dfa_states        0.00s  (  0.8%)  calls=84    avg=   0.02ms
  accept_mask.to_cpu                    0.00s  (  0.4%)  calls=84    avg=   0.01ms
  [EVAL]   Generated 1 tokens in 0.55s
  [EVAL] Processing example 35/50...
  [EVAL]   Running CSD strategy (max_steps=400)...
[STEP_BREAKDOWN] wall=0.03s  lm_callbacks=7.06s  parser_callbacks=0.27s  dafny_internal=0.00s  (0.0% in dafny/uninstrumented)
[TIMING] end_of_example (cumulative) total=7.06s
  GenerateLogits.total              3.41s  ( 48.3%)  calls=85    avg=  40.13ms
  GenerateLogits.engine_generate    3.26s  ( 46.2%)  calls=85    avg=  38.34ms
  MaskValidNextAndEos               0.23s  (  3.2%)  calls=85    avg=   2.66ms
  GenerateLogits.finalize_from_dict    0.14s  (  2.0%)  calls=85    avg=   1.69ms
  ChooseNextToken                   0.01s  (  0.2%)  calls=85    avg=   0.14ms
  GenerateLogits.sampling_params_construct    0.00s  (  0.0%)  calls=85    avg=   0.04ms
  GenerateLogits.prefix_text        0.00s  (  0.0%)  calls=85    avg=   0.01ms
  GenerateLogits.extract_logprobs    0.00s  (  0.0%)  calls=85    avg=   0.00ms
[PARSER_TIMING] end_of_example (cumulative) total=0.27s
  accept_mask.total                     0.09s  ( 34.4%)  calls=85    avg=   1.09ms
  accept_mask.dfa_lookup                0.07s  ( 27.8%)  calls=85    avg=   0.88ms
  accept_mask.lookup_next_tokens        0.07s  ( 26.1%)  calls=85    avg=   0.83ms
  accept_mask.inc_parser_accepts        0.02s  (  6.3%)  calls=85    avg=   0.20ms
  IsCompletePrefix.dafny                0.01s  (  4.3%)  calls=170   avg=   0.07ms
  accept_mask.compute_dfa_states        0.00s  (  0.8%)  calls=85    avg=   0.02ms
  accept_mask.to_cpu                    0.00s  (  0.4%)  calls=85    avg=   0.01ms
[PARSER_TIMING] end_of_example (cumulative) total=0.27s
  accept_mask.total                     0.09s  ( 34.4%)  calls=85    avg=   1.09ms
  accept_mask.dfa_lookup                0.07s  ( 27.8%)  calls=85    avg=   0.88ms
  accept_mask.lookup_next_tokens        0.07s  ( 26.1%)  calls=85    avg=   0.83ms
  accept_mask.inc_parser_accepts        0.02s  (  6.3%)  calls=85    avg=   0.20ms
  IsCompletePrefix.dafny                0.01s  (  4.3%)  calls=170   avg=   0.07ms
  accept_mask.compute_dfa_states        0.00s  (  0.8%)  calls=85    avg=   0.02ms
  accept_mask.to_cpu                    0.00s  (  0.4%)  calls=85    avg=   0.01ms
  [EVAL]   Generated 1 tokens in 0.55s
  [EVAL] Processing example 36/50...
  [EVAL]   Running CSD strategy (max_steps=400)...
[STEP_BREAKDOWN] wall=0.03s  lm_callbacks=7.12s  parser_callbacks=0.27s  dafny_internal=0.00s  (0.0% in dafny/uninstrumented)
[TIMING] end_of_example (cumulative) total=7.12s
  GenerateLogits.total              3.44s  ( 48.3%)  calls=86    avg=  40.02ms
  GenerateLogits.engine_generate    3.29s  ( 46.2%)  calls=86    avg=  38.24ms
  MaskValidNextAndEos               0.23s  (  3.2%)  calls=86    avg=   2.64ms
  GenerateLogits.finalize_from_dict    0.14s  (  2.0%)  calls=86    avg=   1.68ms
  ChooseNextToken                   0.01s  (  0.2%)  calls=86    avg=   0.14ms
  GenerateLogits.sampling_params_construct    0.00s  (  0.0%)  calls=86    avg=   0.04ms
  GenerateLogits.prefix_text        0.00s  (  0.0%)  calls=86    avg=   0.01ms
  GenerateLogits.extract_logprobs    0.00s  (  0.0%)  calls=86    avg=   0.00ms
[PARSER_TIMING] end_of_example (cumulative) total=0.27s
  accept_mask.total                     0.09s  ( 34.4%)  calls=86    avg=   1.08ms
  accept_mask.dfa_lookup                0.08s  ( 27.7%)  calls=86    avg=   0.87ms
  accept_mask.lookup_next_tokens        0.07s  ( 26.1%)  calls=86    avg=   0.82ms
  accept_mask.inc_parser_accepts        0.02s  (  6.3%)  calls=86    avg=   0.20ms
  IsCompletePrefix.dafny                0.01s  (  4.3%)  calls=172   avg=   0.07ms
  accept_mask.compute_dfa_states        0.00s  (  0.8%)  calls=86    avg=   0.02ms
  accept_mask.to_cpu                    0.00s  (  0.4%)  calls=86    avg=   0.01ms
[PARSER_TIMING] end_of_example (cumulative) total=0.27s
  accept_mask.total                     0.09s  ( 34.4%)  calls=86    avg=   1.08ms
  accept_mask.dfa_lookup                0.08s  ( 27.7%)  calls=86    avg=   0.87ms
  accept_mask.lookup_next_tokens        0.07s  ( 26.1%)  calls=86    avg=   0.82ms
  accept_mask.inc_parser_accepts        0.02s  (  6.3%)  calls=86    avg=   0.20ms
  IsCompletePrefix.dafny                0.01s  (  4.3%)  calls=172   avg=   0.07ms
  accept_mask.compute_dfa_states        0.00s  (  0.8%)  calls=86    avg=   0.02ms
  accept_mask.to_cpu                    0.00s  (  0.4%)  calls=86    avg=   0.01ms
  [EVAL]   Generated 1 tokens in 1.07s
  [EVAL] Processing example 37/50...
  [EVAL]   Running CSD strategy (max_steps=400)...
[STEP_BREAKDOWN] wall=0.03s  lm_callbacks=7.19s  parser_callbacks=0.27s  dafny_internal=0.00s  (0.0% in dafny/uninstrumented)
[TIMING] end_of_example (cumulative) total=7.19s
  GenerateLogits.total              3.47s  ( 48.4%)  calls=87    avg=  39.93ms
  GenerateLogits.engine_generate    3.32s  ( 46.2%)  calls=87    avg=  38.16ms
  MaskValidNextAndEos               0.23s  (  3.2%)  calls=87    avg=   2.63ms
  GenerateLogits.finalize_from_dict    0.15s  (  2.0%)  calls=87    avg=   1.68ms
  ChooseNextToken                   0.01s  (  0.2%)  calls=87    avg=   0.14ms
  GenerateLogits.sampling_params_construct    0.00s  (  0.0%)  calls=87    avg=   0.04ms
  GenerateLogits.prefix_text        0.00s  (  0.0%)  calls=87    avg=   0.01ms
  GenerateLogits.extract_logprobs    0.00s  (  0.0%)  calls=87    avg=   0.00ms
[PARSER_TIMING] end_of_example (cumulative) total=0.27s
  accept_mask.total                     0.09s  ( 34.4%)  calls=87    avg=   1.08ms
  accept_mask.dfa_lookup                0.08s  ( 27.7%)  calls=87    avg=   0.87ms
  accept_mask.lookup_next_tokens        0.07s  ( 26.1%)  calls=87    avg=   0.82ms
  accept_mask.inc_parser_accepts        0.02s  (  6.3%)  calls=87    avg=   0.20ms
  IsCompletePrefix.dafny                0.01s  (  4.3%)  calls=174   avg=   0.07ms
  accept_mask.compute_dfa_states        0.00s  (  0.8%)  calls=87    avg=   0.02ms
  accept_mask.to_cpu                    0.00s  (  0.4%)  calls=87    avg=   0.01ms
[PARSER_TIMING] end_of_example (cumulative) total=0.27s
  accept_mask.total                     0.09s  ( 34.4%)  calls=87    avg=   1.08ms
  accept_mask.dfa_lookup                0.08s  ( 27.7%)  calls=87    avg=   0.87ms
  accept_mask.lookup_next_tokens        0.07s  ( 26.1%)  calls=87    avg=   0.82ms
  accept_mask.inc_parser_accepts        0.02s  (  6.3%)  calls=87    avg=   0.20ms
  IsCompletePrefix.dafny                0.01s  (  4.3%)  calls=174   avg=   0.07ms
  accept_mask.compute_dfa_states        0.00s  (  0.8%)  calls=87    avg=   0.02ms
  accept_mask.to_cpu                    0.00s  (  0.4%)  calls=87    avg=   0.01ms
  [EVAL]   Generated 1 tokens in 0.58s
  [EVAL] Processing example 38/50...
  [EVAL]   Running CSD strategy (max_steps=400)...
[STEP_BREAKDOWN] wall=0.03s  lm_callbacks=7.25s  parser_callbacks=0.27s  dafny_internal=0.00s  (0.0% in dafny/uninstrumented)
[TIMING] end_of_example (cumulative) total=7.25s
  GenerateLogits.total              3.51s  ( 48.4%)  calls=88    avg=  39.84ms
  GenerateLogits.engine_generate    3.35s  ( 46.2%)  calls=88    avg=  38.08ms
  MaskValidNextAndEos               0.23s  (  3.2%)  calls=88    avg=   2.61ms
  GenerateLogits.finalize_from_dict    0.15s  (  2.0%)  calls=88    avg=   1.67ms
  ChooseNextToken                   0.01s  (  0.2%)  calls=88    avg=   0.14ms
  GenerateLogits.sampling_params_construct    0.00s  (  0.0%)  calls=88    avg=   0.04ms
  GenerateLogits.prefix_text        0.00s  (  0.0%)  calls=88    avg=   0.01ms
  GenerateLogits.extract_logprobs    0.00s  (  0.0%)  calls=88    avg=   0.00ms
[PARSER_TIMING] end_of_example (cumulative) total=0.27s
  accept_mask.total                     0.09s  ( 34.4%)  calls=88    avg=   1.07ms
  accept_mask.dfa_lookup                0.08s  ( 27.7%)  calls=88    avg=   0.86ms
  accept_mask.lookup_next_tokens        0.07s  ( 26.0%)  calls=88    avg=   0.81ms
  accept_mask.inc_parser_accepts        0.02s  (  6.4%)  calls=88    avg=   0.20ms
  IsCompletePrefix.dafny                0.01s  (  4.3%)  calls=176   avg=   0.07ms
  accept_mask.compute_dfa_states        0.00s  (  0.8%)  calls=88    avg=   0.02ms
  accept_mask.to_cpu                    0.00s  (  0.4%)  calls=88    avg=   0.01ms
[PARSER_TIMING] end_of_example (cumulative) total=0.27s
  accept_mask.total                     0.09s  ( 34.4%)  calls=88    avg=   1.07ms
  accept_mask.dfa_lookup                0.08s  ( 27.7%)  calls=88    avg=   0.86ms
  accept_mask.lookup_next_tokens        0.07s  ( 26.0%)  calls=88    avg=   0.81ms
  accept_mask.inc_parser_accepts        0.02s  (  6.4%)  calls=88    avg=   0.20ms
  IsCompletePrefix.dafny                0.01s  (  4.3%)  calls=176   avg=   0.07ms
  accept_mask.compute_dfa_states        0.00s  (  0.8%)  calls=88    avg=   0.02ms
  accept_mask.to_cpu                    0.00s  (  0.4%)  calls=88    avg=   0.01ms
  [EVAL]   Generated 1 tokens in 0.56s
  [EVAL] Processing example 39/50...
  [EVAL]   Running CSD strategy (max_steps=400)...
[STEP_BREAKDOWN] wall=0.03s  lm_callbacks=7.32s  parser_callbacks=0.28s  dafny_internal=0.00s  (0.0% in dafny/uninstrumented)
[TIMING] end_of_example (cumulative) total=7.32s
  GenerateLogits.total              3.54s  ( 48.4%)  calls=89    avg=  39.76ms
  GenerateLogits.engine_generate    3.38s  ( 46.2%)  calls=89    avg=  38.00ms
  MaskValidNextAndEos               0.23s  (  3.2%)  calls=89    avg=   2.59ms
  GenerateLogits.finalize_from_dict    0.15s  (  2.0%)  calls=89    avg=   1.67ms
  ChooseNextToken                   0.01s  (  0.2%)  calls=89    avg=   0.14ms
  GenerateLogits.sampling_params_construct    0.00s  (  0.0%)  calls=89    avg=   0.04ms
  GenerateLogits.prefix_text        0.00s  (  0.0%)  calls=89    avg=   0.01ms
  GenerateLogits.extract_logprobs    0.00s  (  0.0%)  calls=89    avg=   0.00ms
[PARSER_TIMING] end_of_example (cumulative) total=0.28s
  accept_mask.total                     0.10s  ( 34.4%)  calls=89    avg=   1.07ms
  accept_mask.dfa_lookup                0.08s  ( 27.7%)  calls=89    avg=   0.86ms
  accept_mask.lookup_next_tokens        0.07s  ( 26.0%)  calls=89    avg=   0.81ms
  accept_mask.inc_parser_accepts        0.02s  (  6.4%)  calls=89    avg=   0.20ms
  IsCompletePrefix.dafny                0.01s  (  4.4%)  calls=178   avg=   0.07ms
  accept_mask.compute_dfa_states        0.00s  (  0.8%)  calls=89    avg=   0.02ms
  accept_mask.to_cpu                    0.00s  (  0.4%)  calls=89    avg=   0.01ms
[PARSER_TIMING] end_of_example (cumulative) total=0.28s
  accept_mask.total                     0.10s  ( 34.4%)  calls=89    avg=   1.07ms
  accept_mask.dfa_lookup                0.08s  ( 27.7%)  calls=89    avg=   0.86ms
  accept_mask.lookup_next_tokens        0.07s  ( 26.0%)  calls=89    avg=   0.81ms
  accept_mask.inc_parser_accepts        0.02s  (  6.4%)  calls=89    avg=   0.20ms
  IsCompletePrefix.dafny                0.01s  (  4.4%)  calls=178   avg=   0.07ms
  accept_mask.compute_dfa_states        0.00s  (  0.8%)  calls=89    avg=   0.02ms
  accept_mask.to_cpu                    0.00s  (  0.4%)  calls=89    avg=   0.01ms
  [EVAL]   Generated 1 tokens in 1.14s
  [EVAL] Processing example 40/50...
  [EVAL]   Running CSD strategy (max_steps=400)...
    [PROGRESS] GenerateLogits call #40, prefix length: 0, cache_hits=0
[TIMING] after 40 GenerateLogits calls total=7.35s
  GenerateLogits.total              3.54s  ( 48.1%)  calls=89    avg=  39.76ms
  GenerateLogits.engine_generate    3.41s  ( 46.5%)  calls=90    avg=  37.94ms
  MaskValidNextAndEos               0.23s  (  3.1%)  calls=89    avg=   2.59ms
  GenerateLogits.finalize_from_dict    0.15s  (  2.0%)  calls=90    avg=   1.66ms
  ChooseNextToken                   0.01s  (  0.2%)  calls=89    avg=   0.14ms
  GenerateLogits.sampling_params_construct    0.00s  (  0.0%)  calls=90    avg=   0.04ms
  GenerateLogits.prefix_text        0.00s  (  0.0%)  calls=90    avg=   0.01ms
  GenerateLogits.extract_logprobs    0.00s  (  0.0%)  calls=90    avg=   0.00ms
[PARSER_TIMING] after 40 GenerateLogits calls total=0.28s
  accept_mask.total                     0.10s  ( 34.4%)  calls=89    avg=   1.07ms
  accept_mask.dfa_lookup                0.08s  ( 27.7%)  calls=89    avg=   0.86ms
  accept_mask.lookup_next_tokens        0.07s  ( 26.0%)  calls=89    avg=   0.81ms
  accept_mask.inc_parser_accepts        0.02s  (  6.4%)  calls=89    avg=   0.20ms
  IsCompletePrefix.dafny                0.01s  (  4.4%)  calls=179   avg=   0.07ms
  accept_mask.compute_dfa_states        0.00s  (  0.8%)  calls=89    avg=   0.02ms
  accept_mask.to_cpu                    0.00s  (  0.4%)  calls=89    avg=   0.01ms
[STEP_BREAKDOWN] wall=0.04s  lm_callbacks=7.39s  parser_callbacks=0.28s  dafny_internal=0.00s  (0.0% in dafny/uninstrumented)
[TIMING] end_of_example (cumulative) total=7.39s
  GenerateLogits.total              3.57s  ( 48.4%)  calls=90    avg=  39.69ms
  GenerateLogits.engine_generate    3.41s  ( 46.2%)  calls=90    avg=  37.94ms
  MaskValidNextAndEos               0.23s  (  3.1%)  calls=90    avg=   2.58ms
  GenerateLogits.finalize_from_dict    0.15s  (  2.0%)  calls=90    avg=   1.66ms
  ChooseNextToken                   0.01s  (  0.2%)  calls=90    avg=   0.14ms
  GenerateLogits.sampling_params_construct    0.00s  (  0.0%)  calls=90    avg=   0.04ms
  GenerateLogits.prefix_text        0.00s  (  0.0%)  calls=90    avg=   0.01ms
  GenerateLogits.extract_logprobs    0.00s  (  0.0%)  calls=90    avg=   0.00ms
[PARSER_TIMING] end_of_example (cumulative) total=0.28s
  accept_mask.total                     0.10s  ( 34.4%)  calls=90    avg=   1.06ms
  accept_mask.dfa_lookup                0.08s  ( 27.6%)  calls=90    avg=   0.85ms
  accept_mask.lookup_next_tokens        0.07s  ( 26.0%)  calls=90    avg=   0.80ms
  accept_mask.inc_parser_accepts        0.02s  (  6.4%)  calls=90    avg=   0.20ms
  IsCompletePrefix.dafny                0.01s  (  4.4%)  calls=180   avg=   0.07ms
  accept_mask.compute_dfa_states        0.00s  (  0.8%)  calls=90    avg=   0.02ms
  accept_mask.to_cpu                    0.00s  (  0.4%)  calls=90    avg=   0.01ms
[PARSER_TIMING] end_of_example (cumulative) total=0.28s
  accept_mask.total                     0.10s  ( 34.4%)  calls=90    avg=   1.06ms
  accept_mask.dfa_lookup                0.08s  ( 27.6%)  calls=90    avg=   0.85ms
  accept_mask.lookup_next_tokens        0.07s  ( 26.0%)  calls=90    avg=   0.80ms
  accept_mask.inc_parser_accepts        0.02s  (  6.4%)  calls=90    avg=   0.20ms
  IsCompletePrefix.dafny                0.01s  (  4.4%)  calls=180   avg=   0.07ms
  accept_mask.compute_dfa_states        0.00s  (  0.8%)  calls=90    avg=   0.02ms
  accept_mask.to_cpu                    0.00s  (  0.4%)  calls=90    avg=   0.01ms
  [EVAL]   Generated 1 tokens in 0.56s
  [EVAL] Processing example 41/50...
  [EVAL]   Running CSD strategy (max_steps=400)...
[STEP_BREAKDOWN] wall=0.04s  lm_callbacks=7.45s  parser_callbacks=0.29s  dafny_internal=0.00s  (0.0% in dafny/uninstrumented)
[TIMING] end_of_example (cumulative) total=7.45s
  GenerateLogits.total              3.60s  ( 48.4%)  calls=91    avg=  39.61ms
  GenerateLogits.engine_generate    3.44s  ( 46.2%)  calls=91    avg=  37.85ms
  MaskValidNextAndEos               0.24s  (  3.2%)  calls=91    avg=   2.59ms
  GenerateLogits.finalize_from_dict    0.15s  (  2.0%)  calls=91    avg=   1.66ms
  ChooseNextToken                   0.01s  (  0.2%)  calls=91    avg=   0.14ms
  GenerateLogits.sampling_params_construct    0.00s  (  0.0%)  calls=91    avg=   0.04ms
  GenerateLogits.prefix_text        0.00s  (  0.0%)  calls=91    avg=   0.01ms
  GenerateLogits.extract_logprobs    0.00s  (  0.0%)  calls=91    avg=   0.00ms
[PARSER_TIMING] end_of_example (cumulative) total=0.29s
  accept_mask.total                     0.10s  ( 34.4%)  calls=91    avg=   1.09ms
  accept_mask.dfa_lookup                0.08s  ( 27.7%)  calls=91    avg=   0.88ms
  accept_mask.lookup_next_tokens        0.07s  ( 26.1%)  calls=91    avg=   0.82ms
  accept_mask.inc_parser_accepts        0.02s  (  6.3%)  calls=91    avg=   0.20ms
  IsCompletePrefix.dafny                0.01s  (  4.3%)  calls=182   avg=   0.07ms
  accept_mask.compute_dfa_states        0.00s  (  0.8%)  calls=91    avg=   0.02ms
  accept_mask.to_cpu                    0.00s  (  0.4%)  calls=91    avg=   0.01ms
[PARSER_TIMING] end_of_example (cumulative) total=0.29s
  accept_mask.total                     0.10s  ( 34.4%)  calls=91    avg=   1.09ms
  accept_mask.dfa_lookup                0.08s  ( 27.7%)  calls=91    avg=   0.88ms
  accept_mask.lookup_next_tokens        0.07s  ( 26.1%)  calls=91    avg=   0.82ms
  accept_mask.inc_parser_accepts        0.02s  (  6.3%)  calls=91    avg=   0.20ms
  IsCompletePrefix.dafny                0.01s  (  4.3%)  calls=182   avg=   0.07ms
  accept_mask.compute_dfa_states        0.00s  (  0.8%)  calls=91    avg=   0.02ms
  accept_mask.to_cpu                    0.00s  (  0.4%)  calls=91    avg=   0.01ms
  [EVAL]   Generated 1 tokens in 0.57s
  [EVAL] Processing example 42/50...
  [EVAL]   Running CSD strategy (max_steps=400)...
[STEP_BREAKDOWN] wall=0.04s  lm_callbacks=7.52s  parser_callbacks=0.29s  dafny_internal=0.00s  (0.0% in dafny/uninstrumented)
[TIMING] end_of_example (cumulative) total=7.52s
  GenerateLogits.total              3.64s  ( 48.4%)  calls=92    avg=  39.54ms
  GenerateLogits.engine_generate    3.48s  ( 46.2%)  calls=92    avg=  37.79ms
  MaskValidNextAndEos               0.24s  (  3.1%)  calls=92    avg=   2.57ms
  GenerateLogits.finalize_from_dict    0.15s  (  2.0%)  calls=92    avg=   1.66ms
  ChooseNextToken                   0.01s  (  0.2%)  calls=92    avg=   0.14ms
  GenerateLogits.sampling_params_construct    0.00s  (  0.0%)  calls=92    avg=   0.04ms
  GenerateLogits.prefix_text        0.00s  (  0.0%)  calls=92    avg=   0.01ms
  GenerateLogits.extract_logprobs    0.00s  (  0.0%)  calls=92    avg=   0.00ms
[PARSER_TIMING] end_of_example (cumulative) total=0.29s
  accept_mask.total                     0.10s  ( 34.4%)  calls=92    avg=   1.08ms
  accept_mask.dfa_lookup                0.08s  ( 27.7%)  calls=92    avg=   0.87ms
  accept_mask.lookup_next_tokens        0.08s  ( 26.1%)  calls=92    avg=   0.82ms
  accept_mask.inc_parser_accepts        0.02s  (  6.3%)  calls=92    avg=   0.20ms
  IsCompletePrefix.dafny                0.01s  (  4.3%)  calls=184   avg=   0.07ms
  accept_mask.compute_dfa_states        0.00s  (  0.8%)  calls=92    avg=   0.02ms
  accept_mask.to_cpu                    0.00s  (  0.4%)  calls=92    avg=   0.01ms
[PARSER_TIMING] end_of_example (cumulative) total=0.29s
  accept_mask.total                     0.10s  ( 34.4%)  calls=92    avg=   1.08ms
  accept_mask.dfa_lookup                0.08s  ( 27.7%)  calls=92    avg=   0.87ms
  accept_mask.lookup_next_tokens        0.08s  ( 26.1%)  calls=92    avg=   0.82ms
  accept_mask.inc_parser_accepts        0.02s  (  6.3%)  calls=92    avg=   0.20ms
  IsCompletePrefix.dafny                0.01s  (  4.3%)  calls=184   avg=   0.07ms
  accept_mask.compute_dfa_states        0.00s  (  0.8%)  calls=92    avg=   0.02ms
  accept_mask.to_cpu                    0.00s  (  0.4%)  calls=92    avg=   0.01ms
  [EVAL]   Generated 1 tokens in 1.14s
  [EVAL] Processing example 43/50...
  [EVAL]   Running CSD strategy (max_steps=400)...
[STEP_BREAKDOWN] wall=0.03s  lm_callbacks=7.58s  parser_callbacks=0.29s  dafny_internal=0.00s  (0.0% in dafny/uninstrumented)
[TIMING] end_of_example (cumulative) total=7.58s
  GenerateLogits.total              3.67s  ( 48.4%)  calls=93    avg=  39.45ms
  GenerateLogits.engine_generate    3.51s  ( 46.2%)  calls=93    avg=  37.70ms
  MaskValidNextAndEos               0.24s  (  3.1%)  calls=93    avg=   2.56ms
  GenerateLogits.finalize_from_dict    0.15s  (  2.0%)  calls=93    avg=   1.65ms
  ChooseNextToken                   0.01s  (  0.2%)  calls=93    avg=   0.14ms
  GenerateLogits.sampling_params_construct    0.00s  (  0.0%)  calls=93    avg=   0.04ms
  GenerateLogits.prefix_text        0.00s  (  0.0%)  calls=93    avg=   0.01ms
  GenerateLogits.extract_logprobs    0.00s  (  0.0%)  calls=93    avg=   0.00ms
[PARSER_TIMING] end_of_example (cumulative) total=0.29s
  accept_mask.total                     0.10s  ( 34.4%)  calls=93    avg=   1.08ms
  accept_mask.dfa_lookup                0.08s  ( 27.7%)  calls=93    avg=   0.87ms
  accept_mask.lookup_next_tokens        0.08s  ( 26.0%)  calls=93    avg=   0.82ms
  accept_mask.inc_parser_accepts        0.02s  (  6.4%)  calls=93    avg=   0.20ms
  IsCompletePrefix.dafny                0.01s  (  4.4%)  calls=186   avg=   0.07ms
  accept_mask.compute_dfa_states        0.00s  (  0.8%)  calls=93    avg=   0.02ms
  accept_mask.to_cpu                    0.00s  (  0.4%)  calls=93    avg=   0.01ms
[PARSER_TIMING] end_of_example (cumulative) total=0.29s
  accept_mask.total                     0.10s  ( 34.4%)  calls=93    avg=   1.08ms
  accept_mask.dfa_lookup                0.08s  ( 27.7%)  calls=93    avg=   0.87ms
  accept_mask.lookup_next_tokens        0.08s  ( 26.0%)  calls=93    avg=   0.82ms
  accept_mask.inc_parser_accepts        0.02s  (  6.4%)  calls=93    avg=   0.20ms
  IsCompletePrefix.dafny                0.01s  (  4.4%)  calls=186   avg=   0.07ms
  accept_mask.compute_dfa_states        0.00s  (  0.8%)  calls=93    avg=   0.02ms
  accept_mask.to_cpu                    0.00s  (  0.4%)  calls=93    avg=   0.01ms
  [EVAL]   Generated 1 tokens in 0.56s
  [EVAL] Processing example 44/50...
  [EVAL]   Running CSD strategy (max_steps=400)...
[STEP_BREAKDOWN] wall=0.03s  lm_callbacks=7.65s  parser_callbacks=0.29s  dafny_internal=0.00s  (0.0% in dafny/uninstrumented)
[TIMING] end_of_example (cumulative) total=7.65s
  GenerateLogits.total              3.70s  ( 48.4%)  calls=94    avg=  39.37ms
  GenerateLogits.engine_generate    3.54s  ( 46.2%)  calls=94    avg=  37.63ms
  MaskValidNextAndEos               0.24s  (  3.1%)  calls=94    avg=   2.55ms
  GenerateLogits.finalize_from_dict    0.16s  (  2.0%)  calls=94    avg=   1.65ms
  ChooseNextToken                   0.01s  (  0.2%)  calls=94    avg=   0.14ms
  GenerateLogits.sampling_params_construct    0.00s  (  0.0%)  calls=94    avg=   0.04ms
  GenerateLogits.prefix_text        0.00s  (  0.0%)  calls=94    avg=   0.01ms
  GenerateLogits.extract_logprobs    0.00s  (  0.0%)  calls=94    avg=   0.00ms
[PARSER_TIMING] end_of_example (cumulative) total=0.29s
  accept_mask.total                     0.10s  ( 34.4%)  calls=94    avg=   1.07ms
  accept_mask.dfa_lookup                0.08s  ( 27.6%)  calls=94    avg=   0.86ms
  accept_mask.lookup_next_tokens        0.08s  ( 26.0%)  calls=94    avg=   0.81ms
  accept_mask.inc_parser_accepts        0.02s  (  6.4%)  calls=94    avg=   0.20ms
  IsCompletePrefix.dafny                0.01s  (  4.4%)  calls=188   avg=   0.07ms
  accept_mask.compute_dfa_states        0.00s  (  0.8%)  calls=94    avg=   0.02ms
  accept_mask.to_cpu                    0.00s  (  0.4%)  calls=94    avg=   0.01ms
[PARSER_TIMING] end_of_example (cumulative) total=0.29s
  accept_mask.total                     0.10s  ( 34.4%)  calls=94    avg=   1.07ms
  accept_mask.dfa_lookup                0.08s  ( 27.6%)  calls=94    avg=   0.86ms
  accept_mask.lookup_next_tokens        0.08s  ( 26.0%)  calls=94    avg=   0.81ms
  accept_mask.inc_parser_accepts        0.02s  (  6.4%)  calls=94    avg=   0.20ms
  IsCompletePrefix.dafny                0.01s  (  4.4%)  calls=188   avg=   0.07ms
  accept_mask.compute_dfa_states        0.00s  (  0.8%)  calls=94    avg=   0.02ms
  accept_mask.to_cpu                    0.00s  (  0.4%)  calls=94    avg=   0.01ms
  [EVAL]   Generated 1 tokens in 0.56s
  [EVAL] Processing example 45/50...
  [EVAL]   Running CSD strategy (max_steps=400)...
[STEP_BREAKDOWN] wall=0.03s  lm_callbacks=7.71s  parser_callbacks=0.30s  dafny_internal=0.00s  (0.0% in dafny/uninstrumented)
[TIMING] end_of_example (cumulative) total=7.71s
  GenerateLogits.total              3.73s  ( 48.4%)  calls=95    avg=  39.24ms
  GenerateLogits.engine_generate    3.56s  ( 46.2%)  calls=95    avg=  37.50ms
  MaskValidNextAndEos               0.24s  (  3.1%)  calls=95    avg=   2.54ms
  GenerateLogits.finalize_from_dict    0.16s  (  2.0%)  calls=95    avg=   1.64ms
  ChooseNextToken                   0.01s  (  0.2%)  calls=95    avg=   0.14ms
  GenerateLogits.sampling_params_construct    0.00s  (  0.0%)  calls=95    avg=   0.04ms
  GenerateLogits.prefix_text        0.00s  (  0.0%)  calls=95    avg=   0.01ms
  GenerateLogits.extract_logprobs    0.00s  (  0.0%)  calls=95    avg=   0.00ms
[PARSER_TIMING] end_of_example (cumulative) total=0.30s
  accept_mask.total                     0.10s  ( 34.4%)  calls=95    avg=   1.07ms
  accept_mask.dfa_lookup                0.08s  ( 27.6%)  calls=95    avg=   0.86ms
  accept_mask.lookup_next_tokens        0.08s  ( 25.9%)  calls=95    avg=   0.81ms
  accept_mask.inc_parser_accepts        0.02s  (  6.5%)  calls=95    avg=   0.20ms
  IsCompletePrefix.dafny                0.01s  (  4.4%)  calls=190   avg=   0.07ms
  accept_mask.compute_dfa_states        0.00s  (  0.8%)  calls=95    avg=   0.02ms
  accept_mask.to_cpu                    0.00s  (  0.4%)  calls=95    avg=   0.01ms
[PARSER_TIMING] end_of_example (cumulative) total=0.30s
  accept_mask.total                     0.10s  ( 34.4%)  calls=95    avg=   1.07ms
  accept_mask.dfa_lookup                0.08s  ( 27.6%)  calls=95    avg=   0.86ms
  accept_mask.lookup_next_tokens        0.08s  ( 25.9%)  calls=95    avg=   0.81ms
  accept_mask.inc_parser_accepts        0.02s  (  6.5%)  calls=95    avg=   0.20ms
  IsCompletePrefix.dafny                0.01s  (  4.4%)  calls=190   avg=   0.07ms
  accept_mask.compute_dfa_states        0.00s  (  0.8%)  calls=95    avg=   0.02ms
  accept_mask.to_cpu                    0.00s  (  0.4%)  calls=95    avg=   0.01ms
  [EVAL]   Generated 1 tokens in 1.09s
  [EVAL] Processing example 46/50...
  [EVAL]   Running CSD strategy (max_steps=400)...
[STEP_BREAKDOWN] wall=0.04s  lm_callbacks=7.77s  parser_callbacks=0.30s  dafny_internal=0.00s  (0.0% in dafny/uninstrumented)
[TIMING] end_of_example (cumulative) total=7.77s
  GenerateLogits.total              3.76s  ( 48.4%)  calls=96    avg=  39.17ms
  GenerateLogits.engine_generate    3.59s  ( 46.2%)  calls=96    avg=  37.44ms
  MaskValidNextAndEos               0.24s  (  3.1%)  calls=96    avg=   2.54ms
  GenerateLogits.finalize_from_dict    0.16s  (  2.0%)  calls=96    avg=   1.64ms
  ChooseNextToken                   0.01s  (  0.2%)  calls=96    avg=   0.14ms
  GenerateLogits.sampling_params_construct    0.00s  (  0.0%)  calls=96    avg=   0.04ms
  GenerateLogits.prefix_text        0.00s  (  0.0%)  calls=96    avg=   0.01ms
  GenerateLogits.extract_logprobs    0.00s  (  0.0%)  calls=96    avg=   0.00ms
[PARSER_TIMING] end_of_example (cumulative) total=0.30s
  accept_mask.total                     0.10s  ( 34.4%)  calls=96    avg=   1.09ms
  accept_mask.dfa_lookup                0.08s  ( 27.7%)  calls=96    avg=   0.88ms
  accept_mask.lookup_next_tokens        0.08s  ( 26.0%)  calls=96    avg=   0.82ms
  accept_mask.inc_parser_accepts        0.02s  (  6.4%)  calls=96    avg=   0.20ms
  IsCompletePrefix.dafny                0.01s  (  4.4%)  calls=192   avg=   0.07ms
  accept_mask.compute_dfa_states        0.00s  (  0.8%)  calls=96    avg=   0.02ms
  accept_mask.to_cpu                    0.00s  (  0.4%)  calls=96    avg=   0.01ms
[PARSER_TIMING] end_of_example (cumulative) total=0.30s
  accept_mask.total                     0.10s  ( 34.4%)  calls=96    avg=   1.09ms
  accept_mask.dfa_lookup                0.08s  ( 27.7%)  calls=96    avg=   0.88ms
  accept_mask.lookup_next_tokens        0.08s  ( 26.0%)  calls=96    avg=   0.82ms
  accept_mask.inc_parser_accepts        0.02s  (  6.4%)  calls=96    avg=   0.20ms
  IsCompletePrefix.dafny                0.01s  (  4.4%)  calls=192   avg=   0.07ms
  accept_mask.compute_dfa_states        0.00s  (  0.8%)  calls=96    avg=   0.02ms
  accept_mask.to_cpu                    0.00s  (  0.4%)  calls=96    avg=   0.01ms
  [EVAL]   Generated 1 tokens in 0.57s
  [EVAL] Processing example 47/50...
  [EVAL]   Running CSD strategy (max_steps=400)...
[STEP_BREAKDOWN] wall=0.03s  lm_callbacks=7.83s  parser_callbacks=0.31s  dafny_internal=0.00s  (0.0% in dafny/uninstrumented)
[TIMING] end_of_example (cumulative) total=7.83s
  GenerateLogits.total              3.79s  ( 48.4%)  calls=97    avg=  39.04ms
  GenerateLogits.engine_generate    3.62s  ( 46.2%)  calls=97    avg=  37.31ms
  MaskValidNextAndEos               0.25s  (  3.1%)  calls=97    avg=   2.53ms
  GenerateLogits.finalize_from_dict    0.16s  (  2.0%)  calls=97    avg=   1.63ms
  ChooseNextToken                   0.01s  (  0.2%)  calls=97    avg=   0.14ms
  GenerateLogits.sampling_params_construct    0.00s  (  0.0%)  calls=97    avg=   0.04ms
  GenerateLogits.prefix_text        0.00s  (  0.0%)  calls=97    avg=   0.01ms
  GenerateLogits.extract_logprobs    0.00s  (  0.0%)  calls=97    avg=   0.00ms
[PARSER_TIMING] end_of_example (cumulative) total=0.31s
  accept_mask.total                     0.11s  ( 34.4%)  calls=97    avg=   1.09ms
  accept_mask.dfa_lookup                0.08s  ( 27.6%)  calls=97    avg=   0.87ms
  accept_mask.lookup_next_tokens        0.08s  ( 26.0%)  calls=97    avg=   0.82ms
  accept_mask.inc_parser_accepts        0.02s  (  6.4%)  calls=97    avg=   0.20ms
  IsCompletePrefix.dafny                0.01s  (  4.4%)  calls=194   avg=   0.07ms
  accept_mask.compute_dfa_states        0.00s  (  0.8%)  calls=97    avg=   0.02ms
  accept_mask.to_cpu                    0.00s  (  0.4%)  calls=97    avg=   0.01ms
[PARSER_TIMING] end_of_example (cumulative) total=0.31s
  accept_mask.total                     0.11s  ( 34.4%)  calls=97    avg=   1.09ms
  accept_mask.dfa_lookup                0.08s  ( 27.6%)  calls=97    avg=   0.87ms
  accept_mask.lookup_next_tokens        0.08s  ( 26.0%)  calls=97    avg=   0.82ms
  accept_mask.inc_parser_accepts        0.02s  (  6.4%)  calls=97    avg=   0.20ms
  IsCompletePrefix.dafny                0.01s  (  4.4%)  calls=194   avg=   0.07ms
  accept_mask.compute_dfa_states        0.00s  (  0.8%)  calls=97    avg=   0.02ms
  accept_mask.to_cpu                    0.00s  (  0.4%)  calls=97    avg=   0.01ms
  [EVAL]   Generated 1 tokens in 0.56s
  [EVAL] Processing example 48/50...
  [EVAL]   Running CSD strategy (max_steps=400)...
[STEP_BREAKDOWN] wall=0.02s  lm_callbacks=7.88s  parser_callbacks=0.31s  dafny_internal=0.00s  (0.0% in dafny/uninstrumented)
[TIMING] end_of_example (cumulative) total=7.88s
  GenerateLogits.total              3.81s  ( 48.4%)  calls=98    avg=  38.88ms
  GenerateLogits.engine_generate    3.64s  ( 46.2%)  calls=98    avg=  37.16ms
  MaskValidNextAndEos               0.25s  (  3.1%)  calls=98    avg=   2.52ms
  GenerateLogits.finalize_from_dict    0.16s  (  2.0%)  calls=98    avg=   1.63ms
  ChooseNextToken                   0.01s  (  0.2%)  calls=98    avg=   0.14ms
  GenerateLogits.sampling_params_construct    0.00s  (  0.0%)  calls=98    avg=   0.04ms
  GenerateLogits.prefix_text        0.00s  (  0.0%)  calls=98    avg=   0.01ms
  GenerateLogits.extract_logprobs    0.00s  (  0.0%)  calls=98    avg=   0.00ms
[PARSER_TIMING] end_of_example (cumulative) total=0.31s
  accept_mask.total                     0.11s  ( 34.4%)  calls=98    avg=   1.08ms
  accept_mask.dfa_lookup                0.09s  ( 27.6%)  calls=98    avg=   0.87ms
  accept_mask.lookup_next_tokens        0.08s  ( 26.0%)  calls=98    avg=   0.82ms
  accept_mask.inc_parser_accepts        0.02s  (  6.4%)  calls=98    avg=   0.20ms
  IsCompletePrefix.dafny                0.01s  (  4.4%)  calls=196   avg=   0.07ms
  accept_mask.compute_dfa_states        0.00s  (  0.8%)  calls=98    avg=   0.02ms
  accept_mask.to_cpu                    0.00s  (  0.4%)  calls=98    avg=   0.01ms
[PARSER_TIMING] end_of_example (cumulative) total=0.31s
  accept_mask.total                     0.11s  ( 34.4%)  calls=98    avg=   1.08ms
  accept_mask.dfa_lookup                0.09s  ( 27.6%)  calls=98    avg=   0.87ms
  accept_mask.lookup_next_tokens        0.08s  ( 26.0%)  calls=98    avg=   0.82ms
  accept_mask.inc_parser_accepts        0.02s  (  6.4%)  calls=98    avg=   0.20ms
  IsCompletePrefix.dafny                0.01s  (  4.4%)  calls=196   avg=   0.07ms
  accept_mask.compute_dfa_states        0.00s  (  0.8%)  calls=98    avg=   0.02ms
  accept_mask.to_cpu                    0.00s  (  0.4%)  calls=98    avg=   0.01ms
  [EVAL]   Generated 1 tokens in 1.18s
  [EVAL] Processing example 49/50...
  [EVAL]   Running CSD strategy (max_steps=400)...
[STEP_BREAKDOWN] wall=0.03s  lm_callbacks=7.92s  parser_callbacks=0.31s  dafny_internal=0.00s  (0.0% in dafny/uninstrumented)
[TIMING] end_of_example (cumulative) total=7.92s
  GenerateLogits.total              3.83s  ( 48.4%)  calls=99    avg=  38.72ms
  GenerateLogits.engine_generate    3.66s  ( 46.2%)  calls=99    avg=  37.00ms
  MaskValidNextAndEos               0.25s  (  3.1%)  calls=99    avg=   2.50ms
  GenerateLogits.finalize_from_dict    0.16s  (  2.0%)  calls=99    avg=   1.62ms
  ChooseNextToken                   0.01s  (  0.2%)  calls=99    avg=   0.14ms
  GenerateLogits.sampling_params_construct    0.00s  (  0.0%)  calls=99    avg=   0.04ms
  GenerateLogits.prefix_text        0.00s  (  0.0%)  calls=99    avg=   0.01ms
  GenerateLogits.extract_logprobs    0.00s  (  0.0%)  calls=99    avg=   0.00ms
[PARSER_TIMING] end_of_example (cumulative) total=0.31s
  accept_mask.total                     0.11s  ( 34.4%)  calls=99    avg=   1.08ms
  accept_mask.dfa_lookup                0.09s  ( 27.6%)  calls=99    avg=   0.87ms
  accept_mask.lookup_next_tokens        0.08s  ( 25.9%)  calls=99    avg=   0.81ms
  accept_mask.inc_parser_accepts        0.02s  (  6.5%)  calls=99    avg=   0.20ms
  IsCompletePrefix.dafny                0.01s  (  4.4%)  calls=198   avg=   0.07ms
  accept_mask.compute_dfa_states        0.00s  (  0.8%)  calls=99    avg=   0.02ms
  accept_mask.to_cpu                    0.00s  (  0.4%)  calls=99    avg=   0.01ms
[PARSER_TIMING] end_of_example (cumulative) total=0.31s
  accept_mask.total                     0.11s  ( 34.4%)  calls=99    avg=   1.08ms
  accept_mask.dfa_lookup                0.09s  ( 27.6%)  calls=99    avg=   0.87ms
  accept_mask.lookup_next_tokens        0.08s  ( 25.9%)  calls=99    avg=   0.81ms
  accept_mask.inc_parser_accepts        0.02s  (  6.5%)  calls=99    avg=   0.20ms
  IsCompletePrefix.dafny                0.01s  (  4.4%)  calls=198   avg=   0.07ms
  accept_mask.compute_dfa_states        0.00s  (  0.8%)  calls=99    avg=   0.02ms
  accept_mask.to_cpu                    0.00s  (  0.4%)  calls=99    avg=   0.01ms
  [EVAL]   Generated 1 tokens in 0.55s
  [EVAL] Processing example 50/50...
  [EVAL]   Running CSD strategy (max_steps=400)...
    [PROGRESS] GenerateLogits call #50, prefix length: 0, cache_hits=0
[TIMING] after 50 GenerateLogits calls total=7.95s
  GenerateLogits.total              3.83s  ( 48.2%)  calls=99    avg=  38.72ms
  GenerateLogits.engine_generate    3.69s  ( 46.4%)  calls=100   avg=  36.90ms
  MaskValidNextAndEos               0.25s  (  3.1%)  calls=99    avg=   2.50ms
  GenerateLogits.finalize_from_dict    0.16s  (  2.0%)  calls=100   avg=   1.62ms
  ChooseNextToken                   0.01s  (  0.2%)  calls=99    avg=   0.14ms
  GenerateLogits.sampling_params_construct    0.00s  (  0.0%)  calls=100   avg=   0.04ms
  GenerateLogits.prefix_text        0.00s  (  0.0%)  calls=100   avg=   0.01ms
  GenerateLogits.extract_logprobs    0.00s  (  0.0%)  calls=100   avg=   0.00ms
[PARSER_TIMING] after 50 GenerateLogits calls total=0.31s
  accept_mask.total                     0.11s  ( 34.4%)  calls=99    avg=   1.08ms
  accept_mask.dfa_lookup                0.09s  ( 27.6%)  calls=99    avg=   0.87ms
  accept_mask.lookup_next_tokens        0.08s  ( 25.9%)  calls=99    avg=   0.81ms
  accept_mask.inc_parser_accepts        0.02s  (  6.5%)  calls=99    avg=   0.20ms
  IsCompletePrefix.dafny                0.01s  (  4.4%)  calls=199   avg=   0.07ms
  accept_mask.compute_dfa_states        0.00s  (  0.8%)  calls=99    avg=   0.02ms
  accept_mask.to_cpu                    0.00s  (  0.4%)  calls=99    avg=   0.01ms
[STEP_BREAKDOWN] wall=0.03s  lm_callbacks=7.98s  parser_callbacks=0.31s  dafny_internal=0.00s  (0.0% in dafny/uninstrumented)
[TIMING] end_of_example (cumulative) total=7.98s
  GenerateLogits.total              3.86s  ( 48.4%)  calls=100   avg=  38.61ms
  GenerateLogits.engine_generate    3.69s  ( 46.2%)  calls=100   avg=  36.90ms
  MaskValidNextAndEos               0.25s  (  3.1%)  calls=100   avg=   2.49ms
  GenerateLogits.finalize_from_dict    0.16s  (  2.0%)  calls=100   avg=   1.62ms
  ChooseNextToken                   0.01s  (  0.2%)  calls=100   avg=   0.14ms
  GenerateLogits.sampling_params_construct    0.00s  (  0.0%)  calls=100   avg=   0.04ms
  GenerateLogits.prefix_text        0.00s  (  0.0%)  calls=100   avg=   0.01ms
  GenerateLogits.extract_logprobs    0.00s  (  0.0%)  calls=100   avg=   0.00ms
[PARSER_TIMING] end_of_example (cumulative) total=0.31s
  accept_mask.total                     0.11s  ( 34.4%)  calls=100   avg=   1.08ms
  accept_mask.dfa_lookup                0.09s  ( 27.6%)  calls=100   avg=   0.86ms
  accept_mask.lookup_next_tokens        0.08s  ( 25.9%)  calls=100   avg=   0.81ms
  accept_mask.inc_parser_accepts        0.02s  (  6.5%)  calls=100   avg=   0.20ms
  IsCompletePrefix.dafny                0.01s  (  4.5%)  calls=200   avg=   0.07ms
  accept_mask.compute_dfa_states        0.00s  (  0.8%)  calls=100   avg=   0.02ms
  accept_mask.to_cpu                    0.00s  (  0.4%)  calls=100   avg=   0.01ms
[PARSER_TIMING] end_of_example (cumulative) total=0.31s
  accept_mask.total                     0.11s  ( 34.4%)  calls=100   avg=   1.08ms
  accept_mask.dfa_lookup                0.09s  ( 27.6%)  calls=100   avg=   0.86ms
  accept_mask.lookup_next_tokens        0.08s  ( 25.9%)  calls=100   avg=   0.81ms
  accept_mask.inc_parser_accepts        0.02s  (  6.5%)  calls=100   avg=   0.20ms
  IsCompletePrefix.dafny                0.01s  (  4.5%)  calls=200   avg=   0.07ms
  accept_mask.compute_dfa_states        0.00s  (  0.8%)  calls=100   avg=   0.02ms
  accept_mask.to_cpu                    0.00s  (  0.4%)  calls=100   avg=   0.01ms
  [EVAL]   Generated 1 tokens in 0.56s
  [smiles] paper-aligned metrics:
    Membership: 0.0%
    RDKit Validity: 100.0%
    Samples to 100 unique valid (cap 1000): 1000
    Unique valid molecules this eval: 0/50
  ✗ Evaluation below threshold:
    Accuracy: 0.0% (min: 90.0%)
    Contains << >>: no (required: no)
    Syntax: 100.0% (min: 95.0%)
    Slowest Example Time: 0.11s (max: 90.00s)
  Evaluator runtime kept warm; generation backend is hosted (bedrock)
  Refining based on evaluation results...
  Helper policy: helper mask warm-up (2/3 evaluated attempts for bandit)
  [synthesis] anchor for next refinement: attempt 1 (acc=0.0%, syn=100.0%)
  Beam evaluation_threshold: 2 candidate(s), selected contract_ok=True verify_ok=False local=False edit_ratio=2.50

============================================================
Attempt 3/15
============================================================
Helper policy: helper mask warm-up (2/3 evaluated attempts for bandit)
Strategy: // CSD_RATIONALE_BEGIN
// The previous attempts failed because the evaluator uses a "hidden constrained segment"
// surface — it extracts the answer from a hidden/task-native surface, NOT from visible
// << >> delimiters. The failure mode "missing_constrained_segment" with 50/50 examples
// and "tiny_span_dominant: yes" and "answer_source: none" indicates that the hidden
// parser span produced only 1 token (likely just "O" from ConstrainedGeneration starting
// from [] with an empty-prefix SMILES).
//
// Key insight from diagnostics:
// - "valid_nonfinal_spans_only: 50/50" — every example has a valid span but it's not the
//   final answer span. This means the constrained generation IS producing valid SMILES
//   tokens, but the answer extractor can't find the full SMILES.
// - "tiny_span_dominant: yes" — the constrained chunk is only ~1 token.
// - The correct approach: use visible << >> delimiters so the evaluator can extract the
//   answer from "last_visible_span". The hidden surface isn't working; we need visible spans.
// - Strategy: append guidance, open a constrained span with OpenConstrainedSpan (emits <<),
//   run AdaptiveConstrainedStep in a loop until the parser is complete, then CloseConstrainedSpan
//   to emit >>. The evaluator will extract the content between << and >> as the answer.
//
// The key fix vs previous attempts: use visible << >> delimiters (OpenConstrainedSpan +
// CloseConstrainedSpan) so the evaluator can extract the final SMILES answer. Use
// RepetitionPenaltyStep to avoid copying exemplar tokens from the prompt. Use a higher
// narrowThreshold to ensure good group-boosted behavior throughout generation.
// CSD_RATIONALE_END

// CSD_PROOF_SKETCH_BEGIN
// parser_validity:
//   - OpenConstrainedSpan sets insideConstrainedOut := true, currentConstrainedOut := [].
//     parser.IsValidPrefix([]) holds by precondition.
//   - Each call to AdaptiveConstrainedStep / SafeRepetitionPenaltyStep returns either
//     eosToken or a hard-masked parser-valid next token. AppendConstrainedToken extends
//     currentConstrainedOut by that valid token, preserving IsValidPrefix by parser's
//     prefix extension property.
//   - CloseSpanIfComplete either closes (insideConstrainedOut := false, implication vacuous)
//     or is a no-op (currentConstrainedOut unchanged, still valid).
//   - CloseConstrainedSpan is called only when IsCompletePrefix holds; it sets
//     insideConstrainedOut := false, making the implication vacuous.
//
// progress:
//   - OpenConstrainedSpan costs +1 step, appends "<<" (+1 visible token).
//   - Each constrained step costs +1 step, appends at most 1 visible token.
//   - CloseSpanIfComplete costs +1 when it closes (appends ">>"), +0 otherwise.
//   - CloseConstrainedSpan costs +1 when called.
//   - Every iteration of the main loop increments steps by exactly 1 (either via
//     CloseSpanIfComplete or via the generation sub-branch which itself adds 1).
//     |generated| grows by at most 1 per step, so |generated| <= |generatedPrefix| + steps.
// CSD_PROOF_SKETCH_END

generated := generatedPrefix;
insideConstrainedOut := insideConstrained;
currentConstrainedOut := currentConstrained;
cost := 0;

helpers.AppendTaskGuidance(lm, "Generate exactly one novel valid SMILES string for an isocyanate molecule containing the -N=C=O functional group. Output only the SMILES string between the delimiters. Do not copy the examples. Use diverse substituents like alkyl, aryl, or heterocyclic groups attached to N=C=O.");

var steps: nat := 0;
var narrowThreshold: nat := 20;

// Open the constrained span if not already inside one
if steps < maxSteps && !insideConstrainedOut {
  var og, oi, oc := helpers.OpenConstrainedSpan(lm, generated);
  generated := og;
  insideConstrainedOut := oi;
  currentConstrainedOut := oc;
  steps := steps + 1;
}

while steps < maxSteps
  invariant 0 <= steps <= maxSteps
  invariant lm.ValidTokensIdsLogits()
  invariant !insideConstrainedOut ==> currentConstrainedOut == []
  invariant insideConstrainedOut ==> parser.IsValidPrefix(currentConstrainedOut)
  invariant insideConstrainedOut ==> |currentConstrainedOut| <= |generated|
  invariant |generated| <= |generatedPrefix| + steps
  decreases maxSteps - steps
{
  if !insideConstrainedOut {
    // Span closed; generation complete
    break;
  } else {
    // Try to close if the parser accepts the current prefix as complete
    var cg, ci, cc, closed := helpers.CloseSpanIfComplete(lm, parser, generated, currentConstrainedOut);
    steps := steps + 1;
    if closed {
      generated := cg;
      insideConstrainedOut := ci;
      currentConstrainedOut := cc;
      break;
    } else {
      // Generate next constrained token with repetition penalty to avoid copying exemplars
      if steps < maxSteps {
        var constrainedPrompt := prompt + generated[..|generated| - |currentConstrainedOut|];
        var next := helpers.SafeRepetitionPenaltyStep(
          lm, parser, constrainedPrompt, currentConstrainedOut, generated, 2.0, eosToken
        );
        steps := steps + 1;
        if next == eosToken {
          // Try to close gracefully before giving up
          if steps < maxSteps && insideConstrainedOut {
            var fg, fi, fc := helpers.CloseConstrainedSpan(lm, parser, generated, currentConstrainedOut);
            generated := fg;
            insideConstrainedOut := fi;
            currentConstrainedOut := fc;
            steps := steps + 1;
          }
          break;
        } else {
          var ag, ai, ac := helpers.AppendConstrainedToken(
            lm, parser, generated, currentConstrainedOut, next
          );
          generated := ag;
          insideConstrainedOut := ai;
          currentConstrainedOut := ac;
        }
      }
    }
  }
}

// If still inside span and budget remains, try to close cleanly
if insideConstrainedOut && steps < maxSteps && parser.IsCompletePrefix(currentConstrainedOut) {
  var fg, fi, fc := helpers.CloseConstrainedSpan(lm, parser, generated, currentConstrainedOut);
  generated := fg;
  insideConstrainedOut := fi;
  currentConstrainedOut := fc;
  steps := steps + 1;
}

cost := steps;

[1/4] Verifying with Dafny...
  ✗ Verification failed
  Error: GeneratedCSD.dfy(142,58): Error: a precondition for this call could not be proved
    |
142 |             var fg, fi, fc := helpers.CloseConstrainedSpan(lm, parser, generated, currentConstrainedOut);
    |                                                           ^

VerifiedAgentSynthesis.dfy(494,38
  Refining based on verification error...
  Helper policy: helper mask warm-up (2/3 evaluated attempts for bandit)
  Beam verification: 2 candidate(s), selected contract_ok=True verify_ok=True local=True edit_ratio=0.61

============================================================
Attempt 4/15
============================================================
Helper policy: helper mask warm-up (2/3 evaluated attempts for bandit)
Strategy: // CSD_RATIONALE_BEGIN
// The verification error is at the final CloseConstrainedSpan call after EOS:
// the guard `parser.IsCompletePrefix(currentConstrainedOut)` was in an `if`
// condition, but Dafny cannot prove it holds inside the `else` branch where
// we call CloseConstrainedSpan after EOS. The fix: remove that unsafe call.
// When EOS fires mid-span, we simply break without trying to close.
//
// Strategy: open a visible constrained span with OpenConstrainedSpan (emits <<),
// then loop with SafeRepetitionPenaltyStep inside the span. Each iteration first
// calls CloseSpanIfComplete (which handles the complete-prefix check internally
// and is safe to call speculatively). If not closed, generate one more token.
// If EOS fires, just break — don't call CloseConstrainedSpan without proof.
// The final post-loop block calls CloseConstrainedSpan only when
// parser.IsCompletePrefix is explicitly checked as a guard.
// CSD_RATIONALE_END

// CSD_PROOF_SKETCH_BEGIN
// parser_validity:
//   - OpenConstrainedSpan sets insideConstrainedOut := true, currentConstrainedOut := [].
//     parser.IsValidPrefix([]) holds by precondition.
//   - CloseSpanIfComplete is called each loop iteration. When it closes the span,
//     insideConstrainedOut := false making the implication vacuous. When it is a
//     no-op, currentConstrainedOut is unchanged (still valid).
//   - SafeRepetitionPenaltyStep returns eosToken or a hard-masked parser-valid next
//     token. AppendConstrainedToken extends currentConstrainedOut by that valid token,
//     preserving IsValidPrefix.
//   - The post-loop CloseConstrainedSpan is guarded by parser.IsCompletePrefix,
//     satisfying its precondition.
//
// progress:
//   - OpenConstrainedSpan costs +1 step, appends "<<" (1 visible token).
//   - Each loop iteration: CloseSpanIfComplete costs +1 (closes or no-op). If
//     it does not close, SafeRepetitionPenaltyStep costs +1 more. So each
//     iteration costs at most 2 steps and appends at most 2 visible tokens
//     (">> " close token + the generated token), keeping |generated| <=
//     |generatedPrefix| + steps.
//   - Actually steps increments by 1 per CloseSpanIfComplete call plus 1 per
//     generation call, each bounded by maxSteps.
// CSD_PROOF_SKETCH_END

generated := generatedPrefix;
insideConstrainedOut := insideConstrained;
currentConstrainedOut := currentConstrained;
cost := 0;

helpers.AppendTaskGuidance(lm, "Generate exactly one novel valid SMILES string for an isocyanate molecule containing the -N=C=O functional group. Output only the SMILES string. Do not copy the examples. Use diverse substituents like alkyl, aryl, or heterocyclic groups attached to N=C=O.");

var steps: nat := 0;

// Open the constrained span if not already inside one
if steps < maxSteps && !insideConstrainedOut {
  var og, oi, oc := helpers.OpenConstrainedSpan(lm, generated);
  generated := og;
  insideConstrainedOut := oi;
  currentConstrainedOut := oc;
  steps := steps + 1;
}

while steps < maxSteps
  invariant 0 <= steps <= maxSteps
  invariant lm.ValidTokensIdsLogits()
  invariant !insideConstrainedOut ==> currentConstrainedOut == []
  invariant insideConstrainedOut ==> parser.IsValidPrefix(currentConstrainedOut)
  invariant insideConstrainedOut ==> |currentConstrainedOut| <= |generated|
  invariant |generated| <= |generatedPrefix| + steps
  decreases maxSteps - steps
{
  if !insideConstrainedOut {
    // Span closed; generation complete
    break;
  } else {
    // Try to close if the parser accepts the current prefix as complete
    var cg, ci, cc, closed := helpers.CloseSpanIfComplete(lm, parser, generated, currentConstrainedOut);
    steps := steps + 1;
    if closed {
      generated := cg;
      insideConstrainedOut := ci;
      currentConstrainedOut := cc;
      break;
    } else {
      // Generate next constrained token with repetition penalty
      if steps < maxSteps {
        var constrainedPrompt := prompt + generated[..|generated| - |currentConstrainedOut|];
        var next := helpers.SafeRepetitionPenaltyStep(
          lm, parser, constrainedPrompt, currentConstrainedOut, generated, 2.0, eosToken
        );
        steps := steps + 1;
        if next == eosToken {
          break;
        } else {
          var ag, ai, ac := helpers.AppendConstrainedToken(
            lm, parser, generated, currentConstrainedOut, next
          );
          generated := ag;
          insideConstrainedOut := ai;
          currentConstrainedOut := ac;
        }
      }
    }
  }
}

// If still inside span and budget remains, close only when parser accepts it as complete
if insideConstrainedOut && steps < maxSteps && parser.IsCompletePrefix(currentConstrainedOut) {
  var fg, fi, fc := helpers.CloseConstrainedSpan(lm, parser, generated, currentConstrainedOut);
  generated := fg;
  insideConstrainedOut := fi;
  currentConstrainedOut := fc;
  steps := steps + 1;
}

cost := steps;

[1/4] Verifying with Dafny...
  ✓ Verification passed

[2/4] Compiling to Python...
  ✓ Compiled to outputs/generated/smiles_1p5B_isocyanates_20260610/smiles_1p5B_isocyanates_20260610_20260611_103011_45d824/python/smiles_1p5B_isocyanates_20260610_20260611_103604_689c21

[3/4] Evaluating compiled strategy (runtime smoke test removed).

[4/4] Evaluating on dataset sample...
  [synthesis] eval seed for this iteration: None
  [EVAL] Processing example 1/50...
  [EVAL]   Running CSD strategy (max_steps=400)...
[STEP_BREAKDOWN] wall=0.54s  lm_callbacks=8.05s  parser_callbacks=0.33s  dafny_internal=0.00s  (0.0% in dafny/uninstrumented)
[TIMING] end_of_example (cumulative) total=8.05s
  GenerateLogits.total              3.90s  ( 48.4%)  calls=101   avg=  38.57ms
  GenerateLogits.engine_generate    3.72s  ( 46.2%)  calls=101   avg=  36.85ms
  MaskValidNextAndEos               0.25s  (  3.2%)  calls=101   avg=   2.52ms
  GenerateLogits.finalize_from_dict    0.16s  (  2.0%)  calls=101   avg=   1.62ms
  ChooseNextToken                   0.01s  (  0.2%)  calls=101   avg=   0.14ms
  GenerateLogits.sampling_params_construct    0.00s  (  0.0%)  calls=101   avg=   0.04ms
  GenerateLogits.prefix_text        0.00s  (  0.0%)  calls=101   avg=   0.01ms
  GenerateLogits.extract_logprobs    0.00s  (  0.0%)  calls=101   avg=   0.00ms
[PARSER_TIMING] end_of_example (cumulative) total=0.33s
  accept_mask.total                     0.11s  ( 34.4%)  calls=101   avg=   1.11ms
  accept_mask.dfa_lookup                0.09s  ( 27.7%)  calls=101   avg=   0.90ms
  accept_mask.lookup_next_tokens        0.09s  ( 26.1%)  calls=101   avg=   0.85ms
  accept_mask.inc_parser_accepts        0.02s  (  6.3%)  calls=101   avg=   0.20ms
  IsCompletePrefix.dafny                0.01s  (  4.3%)  calls=202   avg=   0.07ms
  accept_mask.compute_dfa_states        0.00s  (  0.8%)  calls=101   avg=   0.03ms
  accept_mask.to_cpu                    0.00s  (  0.4%)  calls=101   avg=   0.01ms
[PARSER_TIMING] end_of_example (cumulative) total=0.33s
  accept_mask.total                     0.11s  ( 34.4%)  calls=101   avg=   1.11ms
  accept_mask.dfa_lookup                0.09s  ( 27.7%)  calls=101   avg=   0.90ms
  accept_mask.lookup_next_tokens        0.09s  ( 26.1%)  calls=101   avg=   0.85ms
  accept_mask.inc_parser_accepts        0.02s  (  6.3%)  calls=101   avg=   0.20ms
  IsCompletePrefix.dafny                0.01s  (  4.3%)  calls=202   avg=   0.07ms
  accept_mask.compute_dfa_states        0.00s  (  0.8%)  calls=101   avg=   0.03ms
  accept_mask.to_cpu                    0.00s  (  0.4%)  calls=101   avg=   0.01ms
  [EVAL]   Generated 3 tokens in 1.98s
  [EVAL] Processing example 2/50...
  [EVAL]   Running CSD strategy (max_steps=400)...
[STEP_BREAKDOWN] wall=0.46s  lm_callbacks=8.12s  parser_callbacks=0.34s  dafny_internal=0.00s  (0.0% in dafny/uninstrumented)
[TIMING] end_of_example (cumulative) total=8.12s
  GenerateLogits.total              3.93s  ( 48.4%)  calls=102   avg=  38.51ms
  GenerateLogits.engine_generate    3.75s  ( 46.2%)  calls=102   avg=  36.79ms
  MaskValidNextAndEos               0.26s  (  3.2%)  calls=102   avg=   2.53ms
  GenerateLogits.finalize_from_dict    0.17s  (  2.0%)  calls=102   avg=   1.62ms
  ChooseNextToken                   0.01s  (  0.2%)  calls=102   avg=   0.14ms
  GenerateLogits.sampling_params_construct    0.00s  (  0.0%)  calls=102   avg=   0.04ms
  GenerateLogits.prefix_text        0.00s  (  0.0%)  calls=102   avg=   0.01ms
  GenerateLogits.extract_logprobs    0.00s  (  0.0%)  calls=102   avg=   0.00ms
[PARSER_TIMING] end_of_example (cumulative) total=0.34s
  accept_mask.total                     0.12s  ( 34.4%)  calls=102   avg=   1.13ms
  accept_mask.dfa_lookup                0.09s  ( 27.8%)  calls=102   avg=   0.92ms
  accept_mask.lookup_next_tokens        0.09s  ( 26.2%)  calls=102   avg=   0.86ms
  accept_mask.inc_parser_accepts        0.02s  (  6.2%)  calls=102   avg=   0.20ms
  IsCompletePrefix.dafny                0.01s  (  4.3%)  calls=204   avg=   0.07ms
  accept_mask.compute_dfa_states        0.00s  (  0.8%)  calls=102   avg=   0.03ms
  accept_mask.to_cpu                    0.00s  (  0.3%)  calls=102   avg=   0.01ms
[PARSER_TIMING] end_of_example (cumulative) total=0.34s
  accept_mask.total                     0.12s  ( 34.4%)  calls=102   avg=   1.13ms
  accept_mask.dfa_lookup                0.09s  ( 27.8%)  calls=102   avg=   0.92ms
  accept_mask.lookup_next_tokens        0.09s  ( 26.2%)  calls=102   avg=   0.86ms
  accept_mask.inc_parser_accepts        0.02s  (  6.2%)  calls=102   avg=   0.20ms
  IsCompletePrefix.dafny                0.01s  (  4.3%)  calls=204   avg=   0.07ms
  accept_mask.compute_dfa_states        0.00s  (  0.8%)  calls=102   avg=   0.03ms
  accept_mask.to_cpu                    0.00s  (  0.3%)  calls=102   avg=   0.01ms
  [EVAL]   Generated 3 tokens in 1.03s
  [EVAL] Processing example 3/50...
  [EVAL]   Running CSD strategy (max_steps=400)...
[STEP_BREAKDOWN] wall=0.45s  lm_callbacks=8.18s  parser_callbacks=0.34s  dafny_internal=0.00s  (0.0% in dafny/uninstrumented)
[TIMING] end_of_example (cumulative) total=8.18s
  GenerateLogits.total              3.95s  ( 48.4%)  calls=103   avg=  38.39ms
  GenerateLogits.engine_generate    3.78s  ( 46.2%)  calls=103   avg=  36.68ms
  MaskValidNextAndEos               0.26s  (  3.2%)  calls=103   avg=   2.52ms
  GenerateLogits.finalize_from_dict    0.17s  (  2.0%)  calls=103   avg=   1.62ms
  ChooseNextToken                   0.01s  (  0.2%)  calls=103   avg=   0.14ms
  GenerateLogits.sampling_params_construct    0.00s  (  0.0%)  calls=103   avg=   0.04ms
  GenerateLogits.prefix_text        0.00s  (  0.0%)  calls=103   avg=   0.01ms
  GenerateLogits.extract_logprobs    0.00s  (  0.0%)  calls=103   avg=   0.00ms
[PARSER_TIMING] end_of_example (cumulative) total=0.34s
  accept_mask.total                     0.12s  ( 34.4%)  calls=103   avg=   1.13ms
  accept_mask.dfa_lookup                0.09s  ( 27.8%)  calls=103   avg=   0.91ms
  accept_mask.lookup_next_tokens        0.09s  ( 26.2%)  calls=103   avg=   0.86ms
  accept_mask.inc_parser_accepts        0.02s  (  6.2%)  calls=103   avg=   0.20ms
  IsCompletePrefix.dafny                0.01s  (  4.3%)  calls=206   avg=   0.07ms
  accept_mask.compute_dfa_states        0.00s  (  0.8%)  calls=103   avg=   0.03ms
  accept_mask.to_cpu                    0.00s  (  0.4%)  calls=103   avg=   0.01ms
[PARSER_TIMING] end_of_example (cumulative) total=0.34s
  accept_mask.total                     0.12s  ( 34.4%)  calls=103   avg=   1.13ms
  accept_mask.dfa_lookup                0.09s  ( 27.8%)  calls=103   avg=   0.91ms
  accept_mask.lookup_next_tokens        0.09s  ( 26.2%)  calls=103   avg=   0.86ms
  accept_mask.inc_parser_accepts        0.02s  (  6.2%)  calls=103   avg=   0.20ms
  IsCompletePrefix.dafny                0.01s  (  4.3%)  calls=206   avg=   0.07ms
  accept_mask.compute_dfa_states        0.00s  (  0.8%)  calls=103   avg=   0.03ms
  accept_mask.to_cpu                    0.00s  (  0.4%)  calls=103   avg=   0.01ms
  [EVAL]   Generated 3 tokens in 1.02s
  [EVAL] Processing example 4/50...
  [EVAL]   Running CSD strategy (max_steps=400)...
[STEP_BREAKDOWN] wall=0.46s  lm_callbacks=8.24s  parser_callbacks=0.36s  dafny_internal=0.00s  (0.0% in dafny/uninstrumented)
[TIMING] end_of_example (cumulative) total=8.24s
  GenerateLogits.total              3.98s  ( 48.3%)  calls=104   avg=  38.27ms
  GenerateLogits.engine_generate    3.80s  ( 46.2%)  calls=104   avg=  36.56ms
  MaskValidNextAndEos               0.27s  (  3.2%)  calls=104   avg=   2.57ms
  GenerateLogits.finalize_from_dict    0.17s  (  2.0%)  calls=104   avg=   1.61ms
  ChooseNextToken                   0.01s  (  0.2%)  calls=104   avg=   0.13ms
  GenerateLogits.sampling_params_construct    0.00s  (  0.0%)  calls=104   avg=   0.04ms
  GenerateLogits.prefix_text        0.00s  (  0.0%)  calls=104   avg=   0.01ms
  GenerateLogits.extract_logprobs    0.00s  (  0.0%)  calls=104   avg=   0.00ms
[PARSER_TIMING] end_of_example (cumulative) total=0.36s
  accept_mask.total                     0.12s  ( 34.3%)  calls=104   avg=   1.19ms
  accept_mask.dfa_lookup                0.10s  ( 28.1%)  calls=104   avg=   0.97ms
  accept_mask.lookup_next_tokens        0.10s  ( 26.6%)  calls=104   avg=   0.92ms
  accept_mask.inc_parser_accepts        0.02s  (  5.9%)  calls=104   avg=   0.20ms
  IsCompletePrefix.dafny                0.01s  (  4.1%)  calls=208   avg=   0.07ms
  accept_mask.compute_dfa_states        0.00s  (  0.7%)  calls=104   avg=   0.03ms
  accept_mask.to_cpu                    0.00s  (  0.3%)  calls=104   avg=   0.01ms
[PARSER_TIMING] end_of_example (cumulative) total=0.36s
  accept_mask.total                     0.12s  ( 34.3%)  calls=104   avg=   1.19ms
  accept_mask.dfa_lookup                0.10s  ( 28.1%)  calls=104   avg=   0.97ms
  accept_mask.lookup_next_tokens        0.10s  ( 26.6%)  calls=104   avg=   0.92ms
  accept_mask.inc_parser_accepts        0.02s  (  5.9%)  calls=104   avg=   0.20ms
  IsCompletePrefix.dafny                0.01s  (  4.1%)  calls=208   avg=   0.07ms
  accept_mask.compute_dfa_states        0.00s  (  0.7%)  calls=104   avg=   0.03ms
  accept_mask.to_cpu                    0.00s  (  0.3%)  calls=104   avg=   0.01ms
  [EVAL]   Generated 3 tokens in 1.62s
  [EVAL] Processing example 5/50...
  [EVAL]   Running CSD strategy (max_steps=400)...
[STEP_BREAKDOWN] wall=0.46s  lm_callbacks=8.29s  parser_callbacks=0.36s  dafny_internal=0.00s  (0.0% in dafny/uninstrumented)
[TIMING] end_of_example (cumulative) total=8.29s
  GenerateLogits.total              4.01s  ( 48.3%)  calls=105   avg=  38.17ms
  GenerateLogits.engine_generate    3.83s  ( 46.2%)  calls=105   avg=  36.47ms
  MaskValidNextAndEos               0.27s  (  3.2%)  calls=105   avg=   2.55ms
  GenerateLogits.finalize_from_dict    0.17s  (  2.0%)  calls=105   avg=   1.61ms
  ChooseNextToken                   0.01s  (  0.2%)  calls=105   avg=   0.13ms
  GenerateLogits.sampling_params_construct    0.00s  (  0.0%)  calls=105   avg=   0.04ms
  GenerateLogits.prefix_text        0.00s  (  0.0%)  calls=105   avg=   0.01ms
  GenerateLogits.extract_logprobs    0.00s  (  0.0%)  calls=105   avg=   0.00ms
[PARSER_TIMING] end_of_example (cumulative) total=0.36s
  accept_mask.total                     0.12s  ( 34.3%)  calls=105   avg=   1.18ms
  accept_mask.dfa_lookup                0.10s  ( 28.1%)  calls=105   avg=   0.97ms
  accept_mask.lookup_next_tokens        0.10s  ( 26.6%)  calls=105   avg=   0.92ms
  accept_mask.inc_parser_accepts        0.02s  (  5.9%)  calls=105   avg=   0.20ms
  IsCompletePrefix.dafny                0.01s  (  4.1%)  calls=210   avg=   0.07ms
  accept_mask.compute_dfa_states        0.00s  (  0.7%)  calls=105   avg=   0.03ms
  accept_mask.to_cpu                    0.00s  (  0.3%)  calls=105   avg=   0.01ms
[PARSER_TIMING] end_of_example (cumulative) total=0.36s
  accept_mask.total                     0.12s  ( 34.3%)  calls=105   avg=   1.18ms
  accept_mask.dfa_lookup                0.10s  ( 28.1%)  calls=105   avg=   0.97ms
  accept_mask.lookup_next_tokens        0.10s  ( 26.6%)  calls=105   avg=   0.92ms
  accept_mask.inc_parser_accepts        0.02s  (  5.9%)  calls=105   avg=   0.20ms
  IsCompletePrefix.dafny                0.01s  (  4.1%)  calls=210   avg=   0.07ms
  accept_mask.compute_dfa_states        0.00s  (  0.7%)  calls=105   avg=   0.03ms
  accept_mask.to_cpu                    0.00s  (  0.3%)  calls=105   avg=   0.01ms
  [EVAL]   Generated 3 tokens in 1.00s
  [EVAL] Processing example 6/50...
  [EVAL]   Running CSD strategy (max_steps=400)...
[STEP_BREAKDOWN] wall=0.51s  lm_callbacks=8.35s  parser_callbacks=0.37s  dafny_internal=0.00s  (0.0% in dafny/uninstrumented)
[TIMING] end_of_example (cumulative) total=8.35s
  GenerateLogits.total              4.03s  ( 48.3%)  calls=106   avg=  38.07ms
  GenerateLogits.engine_generate    3.86s  ( 46.2%)  calls=106   avg=  36.37ms
  MaskValidNextAndEos               0.27s  (  3.2%)  calls=106   avg=   2.54ms
  GenerateLogits.finalize_from_dict    0.17s  (  2.0%)  calls=106   avg=   1.60ms
  ChooseNextToken                   0.01s  (  0.2%)  calls=106   avg=   0.13ms
  GenerateLogits.sampling_params_construct    0.00s  (  0.0%)  calls=106   avg=   0.04ms
  GenerateLogits.prefix_text        0.00s  (  0.0%)  calls=106   avg=   0.01ms
  GenerateLogits.extract_logprobs    0.00s  (  0.0%)  calls=106   avg=   0.00ms
[PARSER_TIMING] end_of_example (cumulative) total=0.37s
  accept_mask.total                     0.13s  ( 34.3%)  calls=106   avg=   1.18ms
  accept_mask.dfa_lookup                0.10s  ( 28.1%)  calls=106   avg=   0.97ms
  accept_mask.lookup_next_tokens        0.10s  ( 26.6%)  calls=106   avg=   0.92ms
  accept_mask.inc_parser_accepts        0.02s  (  5.9%)  calls=106   avg=   0.20ms
  IsCompletePrefix.dafny                0.01s  (  4.1%)  calls=212   avg=   0.07ms
  accept_mask.compute_dfa_states        0.00s  (  0.7%)  calls=106   avg=   0.03ms
  accept_mask.to_cpu                    0.00s  (  0.3%)  calls=106   avg=   0.01ms
[PARSER_TIMING] end_of_example (cumulative) total=0.37s
  accept_mask.total                     0.13s  ( 34.3%)  calls=106   avg=   1.18ms
  accept_mask.dfa_lookup                0.10s  ( 28.1%)  calls=106   avg=   0.97ms
  accept_mask.lookup_next_tokens        0.10s  ( 26.6%)  calls=106   avg=   0.92ms
  accept_mask.inc_parser_accepts        0.02s  (  5.9%)  calls=106   avg=   0.20ms
  IsCompletePrefix.dafny                0.01s  (  4.1%)  calls=212   avg=   0.07ms
  accept_mask.compute_dfa_states        0.00s  (  0.7%)  calls=106   avg=   0.03ms
  accept_mask.to_cpu                    0.00s  (  0.3%)  calls=106   avg=   0.01ms
  [EVAL]   Generated 3 tokens in 1.07s
  [EVAL] Processing example 7/50...
  [EVAL]   Running CSD strategy (max_steps=400)...
[STEP_BREAKDOWN] wall=0.45s  lm_callbacks=8.40s  parser_callbacks=0.37s  dafny_internal=0.00s  (0.0% in dafny/uninstrumented)
[TIMING] end_of_example (cumulative) total=8.40s
  GenerateLogits.total              4.06s  ( 48.3%)  calls=107   avg=  37.96ms
  GenerateLogits.engine_generate    3.88s  ( 46.2%)  calls=107   avg=  36.27ms
  MaskValidNextAndEos               0.27s  (  3.2%)  calls=107   avg=   2.53ms
  GenerateLogits.finalize_from_dict    0.17s  (  2.0%)  calls=107   avg=   1.60ms
  ChooseNextToken                   0.01s  (  0.2%)  calls=107   avg=   0.13ms
  GenerateLogits.sampling_params_construct    0.00s  (  0.0%)  calls=107   avg=   0.04ms
  GenerateLogits.prefix_text        0.00s  (  0.0%)  calls=107   avg=   0.01ms
  GenerateLogits.extract_logprobs    0.00s  (  0.0%)  calls=107   avg=   0.00ms
[PARSER_TIMING] end_of_example (cumulative) total=0.37s
  accept_mask.total                     0.13s  ( 34.3%)  calls=107   avg=   1.18ms
  accept_mask.dfa_lookup                0.10s  ( 28.1%)  calls=107   avg=   0.96ms
  accept_mask.lookup_next_tokens        0.10s  ( 26.5%)  calls=107   avg=   0.91ms
  accept_mask.inc_parser_accepts        0.02s  (  5.9%)  calls=107   avg=   0.20ms
  IsCompletePrefix.dafny                0.01s  (  4.1%)  calls=214   avg=   0.07ms
  accept_mask.compute_dfa_states        0.00s  (  0.7%)  calls=107   avg=   0.02ms
  accept_mask.to_cpu                    0.00s  (  0.3%)  calls=107   avg=   0.01ms
[PARSER_TIMING] end_of_example (cumulative) total=0.37s
  accept_mask.total                     0.13s  ( 34.3%)  calls=107   avg=   1.18ms
  accept_mask.dfa_lookup                0.10s  ( 28.1%)  calls=107   avg=   0.96ms
  accept_mask.lookup_next_tokens        0.10s  ( 26.5%)  calls=107   avg=   0.91ms
  accept_mask.inc_parser_accepts        0.02s  (  5.9%)  calls=107   avg=   0.20ms
  IsCompletePrefix.dafny                0.01s  (  4.1%)  calls=214   avg=   0.07ms
  accept_mask.compute_dfa_states        0.00s  (  0.7%)  calls=107   avg=   0.02ms
  accept_mask.to_cpu                    0.00s  (  0.3%)  calls=107   avg=   0.01ms
  [EVAL]   Generated 3 tokens in 1.51s
  [EVAL] Processing example 8/50...
  [EVAL]   Running CSD strategy (max_steps=400)...
[STEP_BREAKDOWN] wall=0.45s  lm_callbacks=8.46s  parser_callbacks=0.37s  dafny_internal=0.00s  (0.0% in dafny/uninstrumented)
[TIMING] end_of_example (cumulative) total=8.46s
  GenerateLogits.total              4.09s  ( 48.3%)  calls=108   avg=  37.86ms
  GenerateLogits.engine_generate    3.91s  ( 46.2%)  calls=108   avg=  36.17ms
  MaskValidNextAndEos               0.27s  (  3.2%)  calls=108   avg=   2.52ms
  GenerateLogits.finalize_from_dict    0.17s  (  2.0%)  calls=108   avg=   1.59ms
  ChooseNextToken                   0.01s  (  0.2%)  calls=108   avg=   0.13ms
  GenerateLogits.sampling_params_construct    0.00s  (  0.0%)  calls=108   avg=   0.04ms
  GenerateLogits.prefix_text        0.00s  (  0.0%)  calls=108   avg=   0.01ms
  GenerateLogits.extract_logprobs    0.00s  (  0.0%)  calls=108   avg=   0.00ms
[PARSER_TIMING] end_of_example (cumulative) total=0.37s
  accept_mask.total                     0.13s  ( 34.3%)  calls=108   avg=   1.17ms
  accept_mask.dfa_lookup                0.10s  ( 28.1%)  calls=108   avg=   0.96ms
  accept_mask.lookup_next_tokens        0.10s  ( 26.5%)  calls=108   avg=   0.91ms
  accept_mask.inc_parser_accepts        0.02s  (  5.9%)  calls=108   avg=   0.20ms
  IsCompletePrefix.dafny                0.02s  (  4.1%)  calls=216   avg=   0.07ms
  accept_mask.compute_dfa_states        0.00s  (  0.7%)  calls=108   avg=   0.02ms
  accept_mask.to_cpu                    0.00s  (  0.3%)  calls=108   avg=   0.01ms
[PARSER_TIMING] end_of_example (cumulative) total=0.37s
  accept_mask.total                     0.13s  ( 34.3%)  calls=108   avg=   1.17ms
  accept_mask.dfa_lookup                0.10s  ( 28.1%)  calls=108   avg=   0.96ms
  accept_mask.lookup_next_tokens        0.10s  ( 26.5%)  calls=108   avg=   0.91ms
  accept_mask.inc_parser_accepts        0.02s  (  5.9%)  calls=108   avg=   0.20ms
  IsCompletePrefix.dafny                0.02s  (  4.1%)  calls=216   avg=   0.07ms
  accept_mask.compute_dfa_states        0.00s  (  0.7%)  calls=108   avg=   0.02ms
  accept_mask.to_cpu                    0.00s  (  0.3%)  calls=108   avg=   0.01ms
  [EVAL]   Generated 3 tokens in 1.01s
  [EVAL] Processing example 9/50...
  [EVAL]   Running CSD strategy (max_steps=400)...
[STEP_BREAKDOWN] wall=0.50s  lm_callbacks=8.52s  parser_callbacks=0.37s  dafny_internal=0.00s  (0.0% in dafny/uninstrumented)
[TIMING] end_of_example (cumulative) total=8.52s
  GenerateLogits.total              4.12s  ( 48.3%)  calls=109   avg=  37.79ms
  GenerateLogits.engine_generate    3.94s  ( 46.2%)  calls=109   avg=  36.10ms
  MaskValidNextAndEos               0.27s  (  3.2%)  calls=109   avg=   2.51ms
  GenerateLogits.finalize_from_dict    0.17s  (  2.0%)  calls=109   avg=   1.59ms
  ChooseNextToken                   0.01s  (  0.2%)  calls=109   avg=   0.13ms
  GenerateLogits.sampling_params_construct    0.00s  (  0.0%)  calls=109   avg=   0.04ms
  GenerateLogits.prefix_text        0.00s  (  0.0%)  calls=109   avg=   0.01ms
  GenerateLogits.extract_logprobs    0.00s  (  0.0%)  calls=109   avg=   0.00ms
[PARSER_TIMING] end_of_example (cumulative) total=0.37s
  accept_mask.total                     0.13s  ( 34.3%)  calls=109   avg=   1.17ms
  accept_mask.dfa_lookup                0.10s  ( 28.0%)  calls=109   avg=   0.96ms
  accept_mask.lookup_next_tokens        0.10s  ( 26.5%)  calls=109   avg=   0.90ms
  accept_mask.inc_parser_accepts        0.02s  (  6.0%)  calls=109   avg=   0.20ms
  IsCompletePrefix.dafny                0.02s  (  4.1%)  calls=218   avg=   0.07ms
  accept_mask.compute_dfa_states        0.00s  (  0.7%)  calls=109   avg=   0.03ms
  accept_mask.to_cpu                    0.00s  (  0.3%)  calls=109   avg=   0.01ms
[PARSER_TIMING] end_of_example (cumulative) total=0.37s
  accept_mask.total                     0.13s  ( 34.3%)  calls=109   avg=   1.17ms
  accept_mask.dfa_lookup                0.10s  ( 28.0%)  calls=109   avg=   0.96ms
  accept_mask.lookup_next_tokens        0.10s  ( 26.5%)  calls=109   avg=   0.90ms
  accept_mask.inc_parser_accepts        0.02s  (  6.0%)  calls=109   avg=   0.20ms
  IsCompletePrefix.dafny                0.02s  (  4.1%)  calls=218   avg=   0.07ms
  accept_mask.compute_dfa_states        0.00s  (  0.7%)  calls=109   avg=   0.03ms
  accept_mask.to_cpu                    0.00s  (  0.3%)  calls=109   avg=   0.01ms
  [EVAL]   Generated 3 tokens in 1.08s
  [EVAL] Processing example 10/50...
  [EVAL]   Running CSD strategy (max_steps=400)...
    [PROGRESS] GenerateLogits call #10, prefix length: 1, cache_hits=0
[TIMING] after 10 GenerateLogits calls total=8.54s
  GenerateLogits.total              4.12s  ( 48.2%)  calls=109   avg=  37.79ms
  GenerateLogits.engine_generate    3.96s  ( 46.3%)  calls=110   avg=  35.99ms
  MaskValidNextAndEos               0.27s  (  3.2%)  calls=109   avg=   2.51ms
  GenerateLogits.finalize_from_dict    0.17s  (  2.0%)  calls=110   avg=   1.59ms
  ChooseNextToken                   0.01s  (  0.2%)  calls=109   avg=   0.13ms
  GenerateLogits.sampling_params_construct    0.00s  (  0.0%)  calls=110   avg=   0.04ms
  GenerateLogits.prefix_text        0.00s  (  0.0%)  calls=110   avg=   0.01ms
  GenerateLogits.extract_logprobs    0.00s  (  0.0%)  calls=110   avg=   0.00ms
[PARSER_TIMING] after 10 GenerateLogits calls total=0.37s
  accept_mask.total                     0.13s  ( 34.3%)  calls=109   avg=   1.17ms
  accept_mask.dfa_lookup                0.10s  ( 28.0%)  calls=109   avg=   0.96ms
  accept_mask.lookup_next_tokens        0.10s  ( 26.5%)  calls=109   avg=   0.90ms
  accept_mask.inc_parser_accepts        0.02s  (  6.0%)  calls=109   avg=   0.20ms
  IsCompletePrefix.dafny                0.02s  (  4.1%)  calls=219   avg=   0.07ms
  accept_mask.compute_dfa_states        0.00s  (  0.7%)  calls=109   avg=   0.03ms
  accept_mask.to_cpu                    0.00s  (  0.3%)  calls=109   avg=   0.01ms
[STEP_BREAKDOWN] wall=0.47s  lm_callbacks=8.57s  parser_callbacks=0.37s  dafny_internal=0.00s  (0.0% in dafny/uninstrumented)
[TIMING] end_of_example (cumulative) total=8.57s
  GenerateLogits.total              4.14s  ( 48.3%)  calls=110   avg=  37.67ms
  GenerateLogits.engine_generate    3.96s  ( 46.2%)  calls=110   avg=  35.99ms
  MaskValidNextAndEos               0.27s  (  3.2%)  calls=110   avg=   2.49ms
  GenerateLogits.finalize_from_dict    0.17s  (  2.0%)  calls=110   avg=   1.59ms
  ChooseNextToken                   0.01s  (  0.2%)  calls=110   avg=   0.13ms
  GenerateLogits.sampling_params_construct    0.00s  (  0.0%)  calls=110   avg=   0.04ms
  GenerateLogits.prefix_text        0.00s  (  0.0%)  calls=110   avg=   0.01ms
  GenerateLogits.extract_logprobs    0.00s  (  0.0%)  calls=110   avg=   0.00ms
[PARSER_TIMING] end_of_example (cumulative) total=0.37s
  accept_mask.total                     0.13s  ( 34.3%)  calls=110   avg=   1.16ms
  accept_mask.dfa_lookup                0.10s  ( 28.0%)  calls=110   avg=   0.95ms
  accept_mask.lookup_next_tokens        0.10s  ( 26.5%)  calls=110   avg=   0.90ms
  accept_mask.inc_parser_accepts        0.02s  (  6.0%)  calls=110   avg=   0.20ms
  IsCompletePrefix.dafny                0.02s  (  4.1%)  calls=220   avg=   0.07ms
  accept_mask.compute_dfa_states        0.00s  (  0.7%)  calls=110   avg=   0.03ms
  accept_mask.to_cpu                    0.00s  (  0.3%)  calls=110   avg=   0.01ms
[PARSER_TIMING] end_of_example (cumulative) total=0.37s
  accept_mask.total                     0.13s  ( 34.3%)  calls=110   avg=   1.16ms
  accept_mask.dfa_lookup                0.10s  ( 28.0%)  calls=110   avg=   0.95ms
  accept_mask.lookup_next_tokens        0.10s  ( 26.5%)  calls=110   avg=   0.90ms
  accept_mask.inc_parser_accepts        0.02s  (  6.0%)  calls=110   avg=   0.20ms
  IsCompletePrefix.dafny                0.02s  (  4.1%)  calls=220   avg=   0.07ms
  accept_mask.compute_dfa_states        0.00s  (  0.7%)  calls=110   avg=   0.03ms
  accept_mask.to_cpu                    0.00s  (  0.3%)  calls=110   avg=   0.01ms
  [EVAL]   Generated 3 tokens in 1.72s
  [EVAL] Processing example 11/50...
  [EVAL]   Running CSD strategy (max_steps=400)...
[STEP_BREAKDOWN] wall=0.48s  lm_callbacks=8.62s  parser_callbacks=0.38s  dafny_internal=0.00s  (0.0% in dafny/uninstrumented)
[TIMING] end_of_example (cumulative) total=8.62s
  GenerateLogits.total              4.17s  ( 48.3%)  calls=111   avg=  37.54ms
  GenerateLogits.engine_generate    3.98s  ( 46.2%)  calls=111   avg=  35.86ms
  MaskValidNextAndEos               0.28s  (  3.2%)  calls=111   avg=   2.48ms
  GenerateLogits.finalize_from_dict    0.18s  (  2.0%)  calls=111   avg=   1.58ms
  ChooseNextToken                   0.01s  (  0.2%)  calls=111   avg=   0.13ms
  GenerateLogits.sampling_params_construct    0.00s  (  0.0%)  calls=111   avg=   0.04ms
  GenerateLogits.prefix_text        0.00s  (  0.0%)  calls=111   avg=   0.01ms
  GenerateLogits.extract_logprobs    0.00s  (  0.0%)  calls=111   avg=   0.00ms
[PARSER_TIMING] end_of_example (cumulative) total=0.38s
  accept_mask.total                     0.13s  ( 34.3%)  calls=111   avg=   1.16ms
  accept_mask.dfa_lookup                0.11s  ( 28.0%)  calls=111   avg=   0.95ms
  accept_mask.lookup_next_tokens        0.10s  ( 26.4%)  calls=111   avg=   0.89ms
  accept_mask.inc_parser_accepts        0.02s  (  6.0%)  calls=111   avg=   0.20ms
  IsCompletePrefix.dafny                0.02s  (  4.2%)  calls=222   avg=   0.07ms
  accept_mask.compute_dfa_states        0.00s  (  0.8%)  calls=111   avg=   0.03ms
  accept_mask.to_cpu                    0.00s  (  0.3%)  calls=111   avg=   0.01ms
[PARSER_TIMING] end_of_example (cumulative) total=0.38s
  accept_mask.total                     0.13s  ( 34.3%)  calls=111   avg=   1.16ms
  accept_mask.dfa_lookup                0.11s  ( 28.0%)  calls=111   avg=   0.95ms
  accept_mask.lookup_next_tokens        0.10s  ( 26.4%)  calls=111   avg=   0.89ms
  accept_mask.inc_parser_accepts        0.02s  (  6.0%)  calls=111   avg=   0.20ms
  IsCompletePrefix.dafny                0.02s  (  4.2%)  calls=222   avg=   0.07ms
  accept_mask.compute_dfa_states        0.00s  (  0.8%)  calls=111   avg=   0.03ms
  accept_mask.to_cpu                    0.00s  (  0.3%)  calls=111   avg=   0.01ms
  [EVAL]   Generated 3 tokens in 1.06s
  [EVAL] Processing example 12/50...
  [EVAL]   Running CSD strategy (max_steps=400)...
[STEP_BREAKDOWN] wall=0.47s  lm_callbacks=8.68s  parser_callbacks=0.38s  dafny_internal=0.00s  (0.0% in dafny/uninstrumented)
[TIMING] end_of_example (cumulative) total=8.68s
  GenerateLogits.total              4.20s  ( 48.4%)  calls=112   avg=  37.48ms
  GenerateLogits.engine_generate    4.01s  ( 46.2%)  calls=112   avg=  35.81ms
  MaskValidNextAndEos               0.28s  (  3.2%)  calls=112   avg=   2.47ms
  GenerateLogits.finalize_from_dict    0.18s  (  2.0%)  calls=112   avg=   1.58ms
  ChooseNextToken                   0.01s  (  0.2%)  calls=112   avg=   0.13ms
  GenerateLogits.sampling_params_construct    0.00s  (  0.0%)  calls=112   avg=   0.04ms
  GenerateLogits.prefix_text        0.00s  (  0.0%)  calls=112   avg=   0.01ms
  GenerateLogits.extract_logprobs    0.00s  (  0.0%)  calls=112   avg=   0.00ms
[PARSER_TIMING] end_of_example (cumulative) total=0.38s
  accept_mask.total                     0.13s  ( 34.3%)  calls=112   avg=   1.16ms
  accept_mask.dfa_lookup                0.11s  ( 28.0%)  calls=112   avg=   0.94ms
  accept_mask.lookup_next_tokens        0.10s  ( 26.4%)  calls=112   avg=   0.89ms
  accept_mask.inc_parser_accepts        0.02s  (  6.0%)  calls=112   avg=   0.20ms
  IsCompletePrefix.dafny                0.02s  (  4.2%)  calls=224   avg=   0.07ms
  accept_mask.compute_dfa_states        0.00s  (  0.8%)  calls=112   avg=   0.03ms
  accept_mask.to_cpu                    0.00s  (  0.3%)  calls=112   avg=   0.01ms
[PARSER_TIMING] end_of_example (cumulative) total=0.38s
  accept_mask.total                     0.13s  ( 34.3%)  calls=112   avg=   1.16ms
  accept_mask.dfa_lookup                0.11s  ( 28.0%)  calls=112   avg=   0.94ms
  accept_mask.lookup_next_tokens        0.10s  ( 26.4%)  calls=112   avg=   0.89ms
  accept_mask.inc_parser_accepts        0.02s  (  6.0%)  calls=112   avg=   0.20ms
  IsCompletePrefix.dafny                0.02s  (  4.2%)  calls=224   avg=   0.07ms
  accept_mask.compute_dfa_states        0.00s  (  0.8%)  calls=112   avg=   0.03ms
  accept_mask.to_cpu                    0.00s  (  0.3%)  calls=112   avg=   0.01ms
  [EVAL]   Generated 3 tokens in 1.04s
  [EVAL] Processing example 13/50...
  [EVAL]   Running CSD strategy (max_steps=400)...
[STEP_BREAKDOWN] wall=0.51s  lm_callbacks=8.73s  parser_callbacks=0.38s  dafny_internal=0.00s  (0.0% in dafny/uninstrumented)
[TIMING] end_of_example (cumulative) total=8.73s
  GenerateLogits.total              4.22s  ( 48.4%)  calls=113   avg=  37.36ms
  GenerateLogits.engine_generate    4.03s  ( 46.2%)  calls=113   avg=  35.70ms
  MaskValidNextAndEos               0.28s  (  3.2%)  calls=113   avg=   2.45ms
  GenerateLogits.finalize_from_dict    0.18s  (  2.0%)  calls=113   avg=   1.57ms
  ChooseNextToken                   0.01s  (  0.2%)  calls=113   avg=   0.13ms
  GenerateLogits.sampling_params_construct    0.00s  (  0.0%)  calls=113   avg=   0.04ms
  GenerateLogits.prefix_text        0.00s  (  0.0%)  calls=113   avg=   0.01ms
  GenerateLogits.extract_logprobs    0.00s  (  0.0%)  calls=113   avg=   0.00ms
[PARSER_TIMING] end_of_example (cumulative) total=0.38s
  accept_mask.total                     0.13s  ( 34.3%)  calls=113   avg=   1.15ms
  accept_mask.dfa_lookup                0.11s  ( 28.0%)  calls=113   avg=   0.94ms
  accept_mask.lookup_next_tokens        0.10s  ( 26.4%)  calls=113   avg=   0.89ms
  accept_mask.inc_parser_accepts        0.02s  (  6.0%)  calls=113   avg=   0.20ms
  IsCompletePrefix.dafny                0.02s  (  4.2%)  calls=226   avg=   0.07ms
  accept_mask.compute_dfa_states        0.00s  (  0.8%)  calls=113   avg=   0.03ms
  accept_mask.to_cpu                    0.00s  (  0.3%)  calls=113   avg=   0.01ms
[PARSER_TIMING] end_of_example (cumulative) total=0.38s
  accept_mask.total                     0.13s  ( 34.3%)  calls=113   avg=   1.15ms
  accept_mask.dfa_lookup                0.11s  ( 28.0%)  calls=113   avg=   0.94ms
  accept_mask.lookup_next_tokens        0.10s  ( 26.4%)  calls=113   avg=   0.89ms
  accept_mask.inc_parser_accepts        0.02s  (  6.0%)  calls=113   avg=   0.20ms
  IsCompletePrefix.dafny                0.02s  (  4.2%)  calls=226   avg=   0.07ms
  accept_mask.compute_dfa_states        0.00s  (  0.8%)  calls=113   avg=   0.03ms
  accept_mask.to_cpu                    0.00s  (  0.3%)  calls=113   avg=   0.01ms
  [EVAL]   Generated 3 tokens in 1.67s
  [EVAL] Processing example 14/50...
  [EVAL]   Running CSD strategy (max_steps=400)...
[STEP_BREAKDOWN] wall=0.47s  lm_callbacks=8.80s  parser_callbacks=0.38s  dafny_internal=0.00s  (0.0% in dafny/uninstrumented)
[TIMING] end_of_example (cumulative) total=8.80s
  GenerateLogits.total              4.26s  ( 48.4%)  calls=114   avg=  37.34ms
  GenerateLogits.engine_generate    4.07s  ( 46.2%)  calls=114   avg=  35.68ms
  MaskValidNextAndEos               0.28s  (  3.2%)  calls=114   avg=   2.44ms
  GenerateLogits.finalize_from_dict    0.18s  (  2.0%)  calls=114   avg=   1.57ms
  ChooseNextToken                   0.01s  (  0.2%)  calls=114   avg=   0.13ms
  GenerateLogits.sampling_params_construct    0.00s  (  0.0%)  calls=114   avg=   0.04ms
  GenerateLogits.prefix_text        0.00s  (  0.0%)  calls=114   avg=   0.01ms
  GenerateLogits.extract_logprobs    0.00s  (  0.0%)  calls=114   avg=   0.00ms
[PARSER_TIMING] end_of_example (cumulative) total=0.38s
  accept_mask.total                     0.13s  ( 34.3%)  calls=114   avg=   1.15ms
  accept_mask.dfa_lookup                0.11s  ( 28.0%)  calls=114   avg=   0.93ms
  accept_mask.lookup_next_tokens        0.10s  ( 26.4%)  calls=114   avg=   0.88ms
  accept_mask.inc_parser_accepts        0.02s  (  6.0%)  calls=114   avg=   0.20ms
  IsCompletePrefix.dafny                0.02s  (  4.2%)  calls=228   avg=   0.07ms
  accept_mask.compute_dfa_states        0.00s  (  0.8%)  calls=114   avg=   0.03ms
  accept_mask.to_cpu                    0.00s  (  0.3%)  calls=114   avg=   0.01ms
[PARSER_TIMING] end_of_example (cumulative) total=0.38s
  accept_mask.total                     0.13s  ( 34.3%)  calls=114   avg=   1.15ms
  accept_mask.dfa_lookup                0.11s  ( 28.0%)  calls=114   avg=   0.93ms
  accept_mask.lookup_next_tokens        0.10s  ( 26.4%)  calls=114   avg=   0.88ms
  accept_mask.inc_parser_accepts        0.02s  (  6.0%)  calls=114   avg=   0.20ms
  IsCompletePrefix.dafny                0.02s  (  4.2%)  calls=228   avg=   0.07ms
  accept_mask.compute_dfa_states        0.00s  (  0.8%)  calls=114   avg=   0.03ms
  accept_mask.to_cpu                    0.00s  (  0.3%)  calls=114   avg=   0.01ms
  [EVAL]   Generated 3 tokens in 1.04s
  [EVAL] Processing example 15/50...
  [EVAL]   Running CSD strategy (max_steps=400)...
[STEP_BREAKDOWN] wall=0.47s  lm_callbacks=8.86s  parser_callbacks=0.38s  dafny_internal=0.00s  (0.0% in dafny/uninstrumented)
[TIMING] end_of_example (cumulative) total=8.86s
  GenerateLogits.total              4.29s  ( 48.4%)  calls=115   avg=  37.29ms
  GenerateLogits.engine_generate    4.10s  ( 46.2%)  calls=115   avg=  35.63ms
  MaskValidNextAndEos               0.28s  (  3.2%)  calls=115   avg=   2.43ms
  GenerateLogits.finalize_from_dict    0.18s  (  2.0%)  calls=115   avg=   1.56ms
  ChooseNextToken                   0.01s  (  0.2%)  calls=115   avg=   0.13ms
  GenerateLogits.sampling_params_construct    0.00s  (  0.0%)  calls=115   avg=   0.04ms
  GenerateLogits.prefix_text        0.00s  (  0.0%)  calls=115   avg=   0.01ms
  GenerateLogits.extract_logprobs    0.00s  (  0.0%)  calls=115   avg=   0.00ms
[PARSER_TIMING] end_of_example (cumulative) total=0.38s
  accept_mask.total                     0.13s  ( 34.3%)  calls=115   avg=   1.14ms
  accept_mask.dfa_lookup                0.11s  ( 27.9%)  calls=115   avg=   0.93ms
  accept_mask.lookup_next_tokens        0.10s  ( 26.4%)  calls=115   avg=   0.88ms
  accept_mask.inc_parser_accepts        0.02s  (  6.1%)  calls=115   avg=   0.20ms
  IsCompletePrefix.dafny                0.02s  (  4.2%)  calls=230   avg=   0.07ms
  accept_mask.compute_dfa_states        0.00s  (  0.8%)  calls=115   avg=   0.03ms
  accept_mask.to_cpu                    0.00s  (  0.3%)  calls=115   avg=   0.01ms
[PARSER_TIMING] end_of_example (cumulative) total=0.38s
  accept_mask.total                     0.13s  ( 34.3%)  calls=115   avg=   1.14ms
  accept_mask.dfa_lookup                0.11s  ( 27.9%)  calls=115   avg=   0.93ms
  accept_mask.lookup_next_tokens        0.10s  ( 26.4%)  calls=115   avg=   0.88ms
  accept_mask.inc_parser_accepts        0.02s  (  6.1%)  calls=115   avg=   0.20ms
  IsCompletePrefix.dafny                0.02s  (  4.2%)  calls=230   avg=   0.07ms
  accept_mask.compute_dfa_states        0.00s  (  0.8%)  calls=115   avg=   0.03ms
  accept_mask.to_cpu                    0.00s  (  0.3%)  calls=115   avg=   0.01ms
  [EVAL]   Generated 3 tokens in 1.03s
  [EVAL] Processing example 16/50...
  [EVAL]   Running CSD strategy (max_steps=400)...
[STEP_BREAKDOWN] wall=0.48s  lm_callbacks=8.93s  parser_callbacks=0.38s  dafny_internal=0.00s  (0.0% in dafny/uninstrumented)
[TIMING] end_of_example (cumulative) total=8.93s
  GenerateLogits.total              4.32s  ( 48.4%)  calls=116   avg=  37.26ms
  GenerateLogits.engine_generate    4.13s  ( 46.2%)  calls=116   avg=  35.60ms
  MaskValidNextAndEos               0.28s  (  3.1%)  calls=116   avg=   2.42ms
  GenerateLogits.finalize_from_dict    0.18s  (  2.0%)  calls=116   avg=   1.56ms
  ChooseNextToken                   0.01s  (  0.2%)  calls=116   avg=   0.13ms
  GenerateLogits.sampling_params_construct    0.00s  (  0.0%)  calls=116   avg=   0.04ms
  GenerateLogits.prefix_text        0.00s  (  0.0%)  calls=116   avg=   0.01ms
  GenerateLogits.extract_logprobs    0.00s  (  0.0%)  calls=116   avg=   0.00ms
[PARSER_TIMING] end_of_example (cumulative) total=0.38s
  accept_mask.total                     0.13s  ( 34.3%)  calls=116   avg=   1.14ms
  accept_mask.dfa_lookup                0.11s  ( 27.9%)  calls=116   avg=   0.92ms
  accept_mask.lookup_next_tokens        0.10s  ( 26.3%)  calls=116   avg=   0.87ms
  accept_mask.inc_parser_accepts        0.02s  (  6.1%)  calls=116   avg=   0.20ms
  IsCompletePrefix.dafny                0.02s  (  4.2%)  calls=232   avg=   0.07ms
  accept_mask.compute_dfa_states        0.00s  (  0.8%)  calls=116   avg=   0.03ms
  accept_mask.to_cpu                    0.00s  (  0.3%)  calls=116   avg=   0.01ms
[PARSER_TIMING] end_of_example (cumulative) total=0.38s
  accept_mask.total                     0.13s  ( 34.3%)  calls=116   avg=   1.14ms
  accept_mask.dfa_lookup                0.11s  ( 27.9%)  calls=116   avg=   0.92ms
  accept_mask.lookup_next_tokens        0.10s  ( 26.3%)  calls=116   avg=   0.87ms
  accept_mask.inc_parser_accepts        0.02s  (  6.1%)  calls=116   avg=   0.20ms
  IsCompletePrefix.dafny                0.02s  (  4.2%)  calls=232   avg=   0.07ms
  accept_mask.compute_dfa_states        0.00s  (  0.8%)  calls=116   avg=   0.03ms
  accept_mask.to_cpu                    0.00s  (  0.3%)  calls=116   avg=   0.01ms
  [EVAL]   Generated 3 tokens in 1.64s
  [EVAL] Processing example 17/50...
  [EVAL]   Running CSD strategy (max_steps=400)...
(EngineCore pid=2523108) INFO 06-11 10:36:29 [core.py:1210] Shutdown initiated (timeout=0)
(EngineCore pid=2523108) INFO 06-11 10:36:29 [core.py:1233] Shutdown complete
[rank0]:[W611 10:36:29.542431126 ProcessGroupNCCL.cpp:1553] Warning: WARNING: destroy_process_group() was not called before program exit, which can leak resources. For more info, please see https://pytorch.org/docs/stable/distributed.html#shutdown (function operator())
